0_restaurant;0_address;0_addressFix
1 Nocello;257 West 55th Street;257 W 55th St, New York, NY 10019, USA
21 Club;21 West 52nd Street;21 W 52nd St, New York, NY 10019, United States
A Slice of New York;727 8th Avenue;727 8th Ave, Brackenridge, PA 15014, USA
A.J Maxwells - Steakhouse;57 West 48 Street;57 W 48th St, New York, NY 10036, USA
Above;234 West 42nd Street;234 W 42nd St, New York, NY 10036, USA
Acqua Pazza;36 West 52nd Street;36 West 52nd Street
Ada;208 East 58th Street;208 E 58th St, New York, NY 10022, USA
Adrienne's Pizzabar;54 Stone Street;54 Stone St, New York, NY 10004, USA
Aix Restaurant;2398 Broadway;2398 Broadway, New York, NY 10024, USA
Al Forno;1484 2nd Avenue;1484 2nd Ave, New York, NY 10075, USA
Aleo Restaurant;7 West 20th Street;7 W 20th St, New York, NY 10011, USA
Bar Americain;152 West 52nd Street;152 W 52nd St, New York, NY 10019, USA
Arte Cafe;106 West 73rd Street;106 W 73rd St, New York, NY 10023, USA
Aspen;30 West 22nd Street;30 W 22nd St, New York, NY 10010, USA
Azafran;77 Warren Street;77 Warren St, New York, NY 10007, USA
Babbo;110 Waverly Place;110 Waverly Pl, New York, NY 10011, USA
Baldoria;249 West 49th Street;249 W 49th St, New York, NY 10019, USA
Barocco Kitchen;42 Union Square East;42 Union Square E, New York, NY 10003, USA
Big Nick's Burger Joint and Pizza Joint;2175 Broadway;2175 Broadway, New York, NY 10024, USA
Bistro Chat Noir;22 East 66th Street;22 E 66th St, New York, NY 10065, USA
Bistro Les Amis;180 Spring Street;180 Spring Street
Bond Street;6 Bond Street;6 Bond St, New York, NY 10012, USA
Bouley Bakery Restaurant;120 West Broadway;120 W Broadway, Louisville, KY 40202, USA
Brazil Grill;787 8th Avenue;787 8th Ave, New York, NY 10036, USA
Brick Lane Curry House;306-308 East 6th Street;306 E 6th St #308, New York, NY 10003, USA
Bryant Park Grill;25 West 40th Street;25 W 40th St, New York, NY 10018, USA
Bubble Lounge;228 West Broadway;228 W Broadway, New York, NY 10013, USA
Burger King;130 West 125th Street;130 W 125th St, New York, NY 10027, USA
Burger King;226 East 86th Street;226 East 86th St, New York, NY 10028, USA
Burger King;182 Broadway;182 Broadway, Dobbs Ferry, NY 10522, USA
Burger King;146 Delancey Street;146 Delancey St, New York, NY 10002, USA
Burritoville;1487 2nd Avenue;1487 2nd Ave, New York, NY 10075, USA
Cabana Carioca;123 West 45th Street;123 W 45th St, New York, NY 10036, USA
Cafe Espanol;172 Bleecker Street;172 Bleecker St, New York, NY 10012, USA
Cafe Luxembourg;200 West 70th;200 W 70th St, New York, NY 10023, USA
Cafe On Broadway;2350 Broadway;2350 Broadway, New York, NY 10024, USA
Cafe St. Bart's;109 East 50th Street;109 E 50th St, New York, NY 10022, USA
Caffe Grazie;26 East 84th Street;26 E 84th St, New York, NY 10028, USA
Calico Jack's Cantina;800 Second Avenue;800 2nd Ave, New York, NY 10017, USA
Calle Ocho;446 Columbus Avenue;446 Columbus Ave, New York, NY 10024, USA
Casaville;633 Second Avenue;633 2nd Ave, New York, NY 10016, USA
Chanterelle;2 Harrison Street;2 Harrison St, San Francisco, CA 94105, USA
Chez Jacqueline;72 MacDougal Street;72 MacDougal St, New York, NY 10012, USA
Chinese Mirch;120 Lexington Avenue;120 Lexington Ave, New York, NY 10016, USA
Foley's Fish House;714 Seventh Avenue;714 7th Ave, New York, NY 10036, USA
Chumley's;86 Bedford Street;86 Bedford St, New York, NY 10014, USA
Churrascaria Plataforma;316 West 49 Street;316 W 49th St, New York, NY 10019, USA
Cibo;767 Second Avenue;767 2nd Ave, New York, NY 10017, USA
Cite;120 West 51st Street;120 W 51st St, New York, NY 10019, USA
Citrus Bar & Grill;320 Amsterdam Avenue;320 Amsterdam Ave, New York, NY 10023, USA
City Crab & Seafood Company;235 Park Avenue South;235 Park Ave S, New York, NY 10003, USA
Claudio Pizzeria;598 10th Avenue;598 10th Ave, New York, NY 10036, USA
Columbus Bakery;474 Columbus Avenue;474 Columbus Ave, New York, NY 10024, USA
Columbus Cafe;556 Columbus Avenue;556 Columbus Ave, Boston, MA 02118, USA
Croton Reservoir Tavern;108 West 40th Street;108 W 40th St, New York, NY 10018, USA
DB Bistro Moderne;55 West 44th Street;55 W 44th St, New York, NY 10036, USA
Da Marino;220 West 49th Street;220 W 49th St, New York, NY 10019, USA
Delmonico's;56 Beaver Street;56 Beaver St, New York, NY 10004, USA
Divertimento Bistro;432 East 13th Street;432 E 13th St, New York, NY 10009, USA
Erminia Ristorante;250 East 83rd Street;250 E 83rd St, New York, NY 10028, USA
Estiatorio Milos Restaurant;125 West 55th Street;125 West 55th Street
Fantino;112 Central Park South;112 Central Park S, New York, NY 10019, USA
Subway;221 7th Avenue;221 7th Avenue
Floridita Restaurant;3219 Broadway;3219 Broadway, New York, NY 10027, USA
Fresh Tortillas;1739 2nd Avenue;1739 2nd Ave, New York, NY 10128, USA
Gramercy Tavern;42 East 20th Street;42 E 20th St, New York, NY 10003, USA
Hakata Grill;230 West 48th Street;230 W 48th St, New York, NY 10036, USA
Happy Taco;1167 2nd Avenue;1167 2nd Ave, New York, NY 10065, USA
Havana Central;22 East 17th Street;22 E 17th St, New York, NY 10003, USA
Hawaiian Tropic Zone;729 Seventh Avenue;729 7th Ave, New York, NY 10019, USA
Hill Country;30 West 26th Street;30 W 26th St, New York, NY 10010, USA
Houlihan's;2 Penn Plaza;2 Pennsylvania Plaza, New York, NY 10121, USA
Hurricane Island;1303 Third Avenue;1303 3rd Ave, New York, NY 10021, USA
I Trulli;122 East 27th Street;122 E 27th St, New York, NY 10016, USA
Il Campanello Ristorante;136 West 31 Street;136 W 31st St, Bayonne, NJ 07002, USA
Il Valentino;330 East 56th Street;330 E 56th St, New York, NY 10022, USA
Indian Taj;181 Bleecker Street;181 Bleecker St, New York, NY 10012, USA
Tagine Dining Gallery;537 9th Avenue;537 9th Ave, New York, NY 10018, USA
Kellari Taverna;19 West 44th Street;19 W 44th St, New York, NY 10036, USA
Nobu;105 Hudson Street;105 Hudson St, New York, NY 10013, USA
Keens Steakhouse;72 West 36th Street;72 W 36th St, New York, NY 10018, USA
La Belle Vie;184 8th Avenue;184 8th Ave, New York, NY 10011, USA
La Grolla Ristorante;413 Amsterdam Avenue;413 Amsterdam Ave, New York, NY 10024, USA
Le Bernardin;155 West 51st Street;155 W 51st St, New York, NY 10019, USA
Le Rivage;340 West 46th Street;340 W 46th St, New York, NY 10036, USA
Le Souk;47 Avenue B;47 Avenue B, New York, NY 10009, USA
Lotus;409 West 14th Street;409 West 14th Street
Lucky Cheng's;24 First Avenue;24 1st Avenue, New York, NY 10009, USA
Lucky Cheng's;24 First Avenue;24 1st Avenue, New York, NY 10009, USA
Matador;57 Greenwich Avenue;57 Greenwich Ave, New York, NY 10014, USA
McDonald's;2271 Broadway;2271 Broadway, New York, NY 10024, USA
McDonald's;39 Union Square West;39 Union Square W, New York, NY 10003, USA
McDonald's;969 1st Avenue;969 1st Avenue, New York, NY 10022, USA
McDonald's;136 West 3rd Street;136 W 3rd St, New York, NY 10012, USA
McDonald's;600 West 125th;600 W 125th St, New York, NY 10027, USA
Mickey Mantle's Restaurant;42 Central Park South;42 Central Park S, New York, NY 10019, USA
Mindy's Restaurant;212 East 42nd Street;212 E 42nd St, New York, NY 10017, USA
Novecento;343 West Broadway;343 W Broadway, New York, NY 10013, USA
Ole Restaurant;434 2nd Avenue;434 2nd Ave, Deptford Township, NJ 08096, USA
One If by Land Two If by Sea;17 Barrow Street;17 Barrow St, New York, NY 10014, USA
Pampano Restaurant;209 East 49th Street;209 E 49th St, New York, NY 10017, USA
Park Avenue Cafe;100 East 63rd Street;100 E 63rd St, New York, NY 10065, USA
Peacock Alley;301 Park Avenue;301 Park Ave, New York, NY 10016, USA
Picholine;35 West 64th Street;35 W 64th St, New York, NY 10023, USA
Pomaire;371 West 46th Street;371 W 46th St, New York, NY 10036, USA
Pongsri Thai Restaurant;244 West 48 Street;244 W 48th St, New York, NY 10036, USA
Primitivo Osteria;202 West 14th Street;202 W 14th St, New York, NY 10011, USA
Rene Pujol Restaurant;321 West 51st Street;321 W 51st St, New York, NY 10019, USA
The Cafe Carlyle;35 East 76th Street;35 E 76th St, New York, NY 10021, USA
Restaurant Charlotte;145 West 44th Street;145 W 44th St, New York, NY 10036, USA
Roth's Westside Steakhouse;680 Columbus Avenue;680 Columbus Ave, New York, NY 10025, USA
Ruth's Chris Steak House;148 West 51st Street;148 W 51st St, New York, NY 10019, USA
Sabora Mexico;1744 1st Avenue;1744 1st Avenue, New York, NY 10128, USA
Salmon River;3 East 40th Street;3 E 40th St, New York, NY 10016, USA
San Domenico;240 Central Park South;240 Central Park S, New York, NY 10019, USA
San Martin Restaurant;143 East 49th Street;143 E 49th St, New York, NY 10017, USA
Sapa;43 West 24th Street;43 W 24th St, New York, NY 10010, USA
Scaletta Restaurant;50 West 77th Street;50 W 77th St, New York, NY 10024, USA
Seppi's;123 West 56th Street;123 W 56th St, New York, NY 10019, USA
Shun Lee Cafe;43 West 65th Street;43 W 65th St, New York, NY 10023, USA
Shun Lee Palace;155 East 55th Street;157 E 55th St, New York, NY 10022, United States
Subway;29 East 8th Street;29 East 8th Street
Subway;1171 2nd Avenue;1171 2nd Ave, New York, NY 10065, USA
Subway;113 Lafayette Street;113 Lafayette St, New York, NY 10013, USA
Talia's Steakhouse & Bar;668 Amsterdam Avenue;668 Amsterdam Ave, New York, NY 10025, USA
Tavern on the Green;1 West 67th Street;1 W 67th St, New York, NY 10023, USA
The Post House;28 East 63rd Street;28 E 63rd St, New York, NY 10065, USA
The View Restaurant;1535 Broadway;1535 Broadway, New York, NY 10036, USA
Trattoria Dopo Teatro;125 West 44th Street;125 W 44th St, New York, NY 10036, USA
Trattoria Sambuca;20 West 72nd Street;20 W 72nd St, New York, NY 10023, USA
Via Brasil;34 West 46 Street;34 W 46th St, New York, NY 10036, USA
Vong;200 East 54th Street;200 E 54th St, New York, NY 10022, USA
Wendy's;85 Nassau Street;85 Nassau St, New York, NY 10038, USA
10 Downing Food and Wine;10 Downing Street;10 Downing St, Westminster, London SW1A 2AA, United Kingdom
2 West;2 West Street;2 West St, New York, NY 10004, USA
212 Restaurant & Bar;133 East 65th Street;133 E 65th St, New York, NY 10065, USA
3 J's Pizza;1603 2nd Avenue;1603 2nd Ave, New York, NY 10028, USA
44 Restaurant;44 West 44th Street;44 West 44th Street
5 Brothers Gourmet Market;689 10th Avenue;689 10th Ave, New York, NY 10036, USA
5 Ninth Restaurant;5 Ninth Avenue;5 9th Ave, New York, NY 10014, USA
88 Noodle & Oriental House;565 Columbus Avenue;565 Columbus Ave, New York, NY 10024, USA
A Voce;41 Madison Avenue;Jerome Mansion, 41 Madison Ave, New York, NY 10010, USA
Abboccato Restaurant;136 West 55th Street;136 W 55th St, New York, NY 10019, USA
Abitino's;947 1st Avenue;947 1st Avenue, New York, NY 10022, USA
Accademia Di Vino;1081 Third Avenue;1081 3rd Ave, New York, NY 10065, USA
Adour Alain Ducasse;Two East 55th Street;Two E 55th St, New York, NY 10022, United States
Agata & Valentina Ristorante;1513 First Avenue;1513 1st Avenue, New York, NY 10075, USA
Agave;140 7th Avenue South;140 7th Ave S, St. Petersburg, FL 33701, USA
Ago Restaurant;377 Greenwich Street;377 Greenwich St, New York, NY 10013, USA
Agozar;324 Bowery;324 Bowery, New York, NY 10012, USA
Aja;1068 First Avenue;1068 1st Avenue, New York, NY 10022, USA
Aja Asian Bistro and Lounge;432 6th Avenue;432 6th Ave, New York, NY 10011, USA
Aki Sushi;1425 York Avenue;1425 York Ave, New York, NY 10021, USA
Aki Sushi West;128 West 36th Street;128 W 36th St, New York, NY 10018, USA
Akita Sushi;1771 1st Avenue;1771 1st Avenue, New York, NY 10128, USA
Alamo Restaurant;304 East 48th Street;304 E 48th St, New York, NY 10017, USA
Alcala;342 East 46th Street;342 E 46th St, New York, NY 10017, USA
Alfama;551 Hudson Street;551 Hudson St, New York, NY 10014, USA
Alfredo of Rome;4 West 49th Street;4 W 49th St, New York, NY 10020, USA
Allegretti;46 West 22nd Street;46 W 22nd St, New York, NY 10010, USA
Allen and Delancey;115 Allen Street;115 Allen St, New York, NY 10002, USA
Alloro;307 East 77th Street;307 E 77th St, New York, NY 10075, USA
Alonso's Steakhouse;265 West 20th Street;265 W 20th St, New York, NY 10011, USA
Alto Restaurant;520 Madison Avenue;520 Madison Ave, New York, NY 10022, USA
Ama;48 Macdougal Street;48 MacDougal St, New York, NY 10012, USA
Amalia;204 West 55th Street;204 W 55th St, New York, NY 10019, USA
Ambassador Grill;1 United Nations Plaza;1 United Nations Plaza, New York, NY 10017, United States
Amber;1406 3rd Avenue;1406 3rd Ave, New York, NY 10075, USA
American (Show All);9 Jones Street;9 Jones St, New York, NY 10014, USA
American (Show All);Inside Battery Park;Inside Battery Park
American (Show All);116 East 16th Street;116 E 16th St, New York, NY 10003, USA
American (Show All);152 West 52nd Street;152 W 52nd St, New York, NY 10019, USA
American (Show All);885 Second Avenue;885 2nd Ave, New York, NY 10017, USA
American (Show All);2315 Broadway;2315 Broadway, New York, NY 10024, USA
American (Show All);45 East 20th Street;45 E 20th St, New York, NY 10003, USA
American Burger Co.;100 West 32nd Street;100 W 32nd St, New York, NY 10001, USA
American Gourmet Foods Deli;831 6th Avenue;831 6th Ave, New York, NY 10001, USA
American Spirits Grill;1744 2nd Avenue;1744 2nd Ave, New York, NY 10128, USA
Amma;246 East 51st Street;246 E 51st St, New York, NY 10022, USA
Ammos Estiatorio;52 Vanderbilt Avenue;52 Vanderbilt Ave, New York, NY 10017, USA
Amor Cubano;2018 Third Avenue;2018 3rd Ave, New York, NY 10029, USA
Amsterdam Restaurant & Tapas Lounge;1207 Amsterdam Avenue;1207 Amsterdam Ave, New York, NY 10027, USA
Angelo & Maxie's;233 Park Avenue;233 Park Avenue
Annisa Restaurant;13 Barrow Street;13 Barrow Street
Antonucci's;170 East 81 Street;170 E 81st St, New York, NY 10028, USA
Any Time Cafe;17 John Street;17 John St, New York, NY 10038, USA
Aoki;234 West 48th Street;234 W 48th St, New York, NY 10036, USA
Apiary;60 3rd Avenue;60 3rd Ave, New York, NY 10003, USA
Apizz;217 Elridge Street;217 Eldridge St, New York, NY 10002, USA
Aquavit;65 East 55th Street;65 E 55th St, New York, NY 10022, United States
Arabelle at the Hotel Plaza Athenee;37 East 64th Street;37 E 64th St, New York, NY 10065, USA
Arby's;100 West 33rd Street;100 W 33rd St, New York, NY 10001, USA
Archipelago SoHo;333 Hudson Street;333 Hudson St, New York, NY 10013, USA
Arriba Arriba! - East;1463 Third Avenue;1463 3rd Ave, New York, NY 10028, USA
Artisanal;2 Park Avenue;2 Park Ave, New York, NY 10016, USA
Asia Grill;1239 2nd Avenue;1239 2nd Ave, New York, NY 10065, USA
Asia de Cuba New York;237 Madison Avenue;237 Madison Ave, New York, NY 10016, USA
Asiana Restaurant and Bar;120 East 34th Street;120 E 34th St, New York, NY 10016, USA
Asiate;80 Columbus Cir. at 60th St.;80 Columbus Cir, New York, NY 10023, United States
Aspen Social Club;157 West 47th Street;157 W 47th St, New York, NY 10036, USA
Astor Court;2 East 55th Street;2 E 55th St, New York, NY 10022, USA
Atomic Wings;528 9th Avenue;528 9th Ave, New York, NY 10018, USA
Atomic Wings;1644 3rd Avenue;1644 3rd Ave, New York, NY 10128, USA
Atomic Wings at Down the Hatch;179 West 4th Street;179 West 4th Street, New York, NY 10014, USA
Auntie Anne's Pretzels;664 8th Avenue;664 8th Ave, New York, NY 10036, USA
Aureole;34 East 61st Street;34 E 61st St, New York, NY 10065, USA
Aurora;510 Broome Street;510 Broome St, New York, NY 10013, USA
Avi and David's;1046 3rd Avenue;1046 3rd Ave, Croydon, PA 19021, USA
Avra Estiatorio;141 East 48th Street;141 E 48th St, New York, NY 10017, USA
Azza;137 E. 55th St. at Lexington;137 E. 55th St. at Lexington
B & T Supreme Pizza;132 East 86th Street;132 East 86th St, New York, NY 10028, USA
B. Cafe;240 East 75th Street;240 E 75th St, New York, NY 10021, USA
B. Smith's Restaurant Row;320 West 46th Street;320 W 46th St, New York, NY 10036, USA
BLT Fish Bistro Laurent Tourondel;21 West 17th Street;21 W 17th St, New York, NY 10011, USA
BLT Fish Bistro Laurent Tourondel;111 East 22nd Street;111 E 22nd St, New York, NY 10010, USA
BLT Market;1430 Avenue of the Americas;1430 6th Ave, New York, NY 10019, USA
BLT Steak, Bistro Laurent Tourondel;106 East 57th Street;106 E 57th St, New York, NY 10022, USA
Babouche SoHo;92 Prince Street;92 Prince St, New York, NY 10012, USA
Bagel & Bean;828 7th Avenue;828 7th Ave, New York, NY 10019, USA
Bagicha;226 West 79th Street;226 W 79th St, New York, NY 10024, USA
Baluchi's West 56th Street;240 West 56th Street;240 W 56th St, New York, NY 10019, USA
Banana Leaf;103 Lexington Avenue;103 Lexington Ave, New York, NY 10016, USA
Bangkok House;360 West 360 46th Street;360 W 46th St, New York, NY 10036, USA
Bann;350 West 50th Street;350 W 50th St, New York, NY 10019, USA
Bar Blanc;142 West 10th Street;142 W 10th St, New York, NY 10014, USA
Bar Boulud;1900 Broadway;1900 Broadway, New York, NY 10023, USA
Bar Q;308-310 Bleecker Street;308 Bleecker St, New York, NY 10014, USA
Bar Stuzzichini;928 Broadway;928 Broadway, New York, NY 10010, USA
Baraonda;1439 Second Avenue;1439 2nd Ave, New York, NY 10021, USA
Barbetta;321 West 46th Street;321 W 46th St, New York, NY 10036, USA
Barbounia;250 Park Avenue South;250 Park Avenue South
Barbuto Restaurant;775 Washington Avenue;775 Washington Ave, Muskegon, MI 49441, USA
Barking Dog;1453 York Avenue;1453 York Ave, New York, NY 10075, USA
Barna;365 Park Avenue South;365 Park Ave S, New York, NY 10016, USA
Baton Rouge Restaurant & Lounge;458 West 145th Street;458 W 145th St, New York, NY 10031, USA
Battery Gardens Restaurant;Inside Battery Park;Inside Battery Park
Beacon Restaurant;25 West 56th Street;25 W 56th St, New York, NY 10019, USA
Becco;355 West 46 Street;355 W 46th St, New York, NY 10036, USA
Beijing Wok Restaurant;1324 2nd Avenue;1324 2nd Ave, New York, NY 10021, USA
Bella Blu;967 Lexington Avenue;967 Lexington Ave, New York, NY 10021, USA
Bella Luna;584 Columbus Avenue;584 Columbus Avenue
Bellavitae;24 Minetta Lane;24 Minetta Ln, New York, NY 10012, USA
Bellini;208 East 52nd Street;208 East 52nd Street
Bello Sguardo;410 Amsterdam Avenue;410 Amsterdam Ave, New York, NY 10024, USA
Belluno;340 Lexington Avenue;340 Lexington Ave, New York, NY 10016, USA
Ben & Jerry's;Grand Central Terminal;89 E 42nd St, New York, NY 10017, United States
Ben & Jerry's;680 8th Avenue;680 8th Ave, New York, NY 10036, USA
Ben Benson's;123 West 52 Street;123 W 52nd St, New York, NY 10019, USA
Ben's Kosher Delicatessen;2099 West 38 Street;2099 W 38th St, Norfolk, VA 23508, USA
Benihana Japanese Steak House;47 West 56th Street;47 W 56th St, New York, NY 10019, USA
Benjamin Steakhouse;Manhattan · 52 East 41 Street;52 E 41st St, New York, NY 10017, USA
Bergdorf Goodman;2 West 58th Street;Bergdorf Goodman, 2 W 58th St, New York, NY 10019, USA
Berger's Delicatessen;44 West 47 Street;44 W 47th St, New York, NY 10036, USA
Best Pizza;1038 1st Avenue;1038 1st Avenue, New York, NY 10022, USA
Big Nick;2175 Broadway;2175 Broadway, New York, NY 10024, USA
Bistecca Fiorentina;317 West 46th Street;317 W 46th St, New York, NY 10036, USA
Bistro Desaret;227 East 56th Street;227 E 56th St, New York, NY 10022, USA
Bistro Milano;1350 Avenue of the Americas;1350 6th Ave, New York, NY 10019, USA
Bivio Restaurant;637 Hudson Street;637 Hudson St, New York, NY 10014, USA
Blair Perrone Steak House;885 Second Avenue;885 2nd Ave, New York, NY 10017, USA
Blockhead's Burritos;499 3rd Avenue;499 3rd Ave, New York, NY 10016, USA
Blue Hill;75 Washington Place;75 Washington Pl, New York, NY 10011, USA
Blue Smoke;116 East 27th Street;116 E 27th St, New York, NY 10016, USA
Bobby Van's Steakhouse;25 Broad Street;25 Broad St, New York, NY 10004, United States
Bobby Van's Steakhouse;131 East 54th Street;131 E 54th St, New York, NY 10022, USA
Bobby Van's Steakhouse;230 Park Ave. at 46th St.;230 Park Ave. at 46th St.
Bocca Restaurant;39 East 19th Street;39 E 19th St, New York, NY 10003, USA
Bocca di Bacco;828 Nineth Avenue;828 9th Ave, New York, NY 10019, USA
Body Restaurant and Lounge Harlem;701 West 135th Street;701 W 135th St, New York, NY 10031, USA
Bolo Restaurant & Bar;23 East 22nd Street;23 E 22nd St, New York, NY 10010, USA
Boom Restaurant;152 Spring Street;152 Spring St, Charleston, SC 29403, USA
Borgo Antico;22 East 13th Street;22 E 13th St, New York, NY 10003, USA
Bottega Del Vino;7 East 59th Street;7 E 59th St, New York, NY 10022, USA
Bottino Restaurant;246 10th Avenue;246 10th Ave, New York, NY 10001, USA
Braai;329 West 51st Street;329 W 51st St, New York, NY 10019, USA
Braeburn Restaurant;117 Perry Street;117 Perry St, New York, NY 10014, USA
Brasserie 52;772 9th Avenue;772 9th Ave, New York, NY 10019, USA
Brasserie Cognac;1740 Broadway;1740 Broadway, New York, NY 10019, USA
Brasserie Julien;1422 Third Avenue;1422 3rd Ave, New York, NY 10028, USA
Brasserie Ruhlmann;45 Rockefeller Plaza;45 Rockefeller Plaza, New York, NY 10111, United States
Brazil Brazil;330 West 46th Street;330 W 46th St, New York, NY 10036, USA
Brian Deli;153 Amsterdam Avenue;153 Amsterdam Ave, New York, NY 10023, USA
Broadway Joe Steakhouse;315 West 46 Street;315 W 46th St, New York, NY 10036, USA
Brother Jimmy's;181 Lexington Avenue;181 Lexington Ave, New York, NY 10016, USA
Brother Jimmy's;1644 3rd Avenue;1644 3rd Ave, New York, NY 10128, USA
Buddha Bar;25 Little West 12th Street;25 Little W 12th St, New York, NY 10014, USA
Bull Run;52 William Street;52 William St, New York, NY 10005, USA
Burger King;485 5th Avenue;485 5th Ave, New York, NY 10017, United States
Burger King;129 East 47th Street;129 E 47th St, New York, NY 10017, USA
Butai;115 East 18th Street;115 E 18th St, New York, NY 10003, USA
Butter;415 Lafayette Street;415 Lafayette St, New York, NY 10003, USA
Buzina Pop;1022A Lexington Avenue;1022A Lexington Ave, New York, NY 10021, USA
Cafe 82;2282 Broadway;2282 Broadway, New York, NY 10024, USA
Cafe Cluny;284 West 12th Street;284 W 12th St, New York, NY 10014, USA
Cafe D' Alsace;1695 2nd Avenue;1695 2nd Ave, New York, NY 10128, USA
Cafe Du Soleil;2723 Broadway Avenue;2723 Broadway Ave, Pittsburgh, PA 15216, USA
Cafe Frida;368 Columbus Avenue;368 Columbus Ave, New York, NY 10024, USA
Cafe Gray;10 Columbus Circle;10 Columbus Cir, New York, NY 10019, USA
Cafe Lalo;201 West 83 Street;201 W 83rd St, New York, NY 10024, USA
Cafe Pierre;5th Avenue at 61 Street;5th Ave & E 61st St, New York, NY 10019, USA
Cafe Socialista;505 West Street;505 West Street
Cafetasia;38 East 8th Street;38 East 8th Street
Caffe Palermo;148 Mulberry Street;148 Mulberry St, New York, NY 10013, USA
Candela;116 East 16th Street;116 E 16th St, New York, NY 10003, USA
Candle 79;154 East 79th Street;154 E 79th St, New York, NY 10075, USA
Cannonau;205 East 4th Street;205 E 4th St, New York, NY 10009, USA
Canyon Road;1470 1st Avenue;1470 1st Avenue, New York, NY 10075, USA
Capital Grille New York City;155 East 42nd Street;155 E 42nd St, New York, NY 10017, USA
Cara Mia;654 9th Avenue;654 9th Ave, New York, NY 10036, USA
Carmine's;2450 Broadway;2450 Broadway, New York, NY 10024, USA
Carne Vale;46 Avenue B;46 Avenue B, New York, NY 10009, USA
Caroline's Comedy Nation Restaurant;1626 Broadway;1626 Broadway, New York, NY 10019, USA
Carve Unique Sandwiches;760 8th Avenue;760 8th Ave, New York, NY 10036, USA
Casa Brasil;316 East 53 Street;316 E 53rd St, New York, NY 10022, USA
Cascina Ristorante;647 Ninth Avenue;647 9th Ave, New York, NY 10036, USA
Caviar & Banana Brasserio;12 East 22nd Street;12 E 22nd St, New York, NY 10010, USA
Center Cut;44 West 63rd Street;44 W 63rd St., New York, NY 10023, USA
Centovini;25 West Houston Street;25 West Houston Street
Central Park BoatHouse;E. 72nd St. and Park Dr. N.;E. 72nd St. and Park Dr. N.
Centrico;211 West Broadway;211 W Broadway, New York, NY 10013, USA
Centro Vinoteca;74 Seventh Avenue;74 Seventh Avenue
Cesca Restaurant;164 West 75th Street;164 W 75th St, New York, NY 10023, USA
Chanto;133 Seventh Avenue South;133 7th Ave S, New York, NY 10014, USA
Charley's Grilled Subs;100 West 33rd Street;100 W 33rd St, New York, NY 10001, USA
Charlie Palmer's Metrazur;404 Grand Central Terminal, 42nd St.;New York, NY, United States
Chef Roland's;1354 Amsterdam Avenue;1354 Amsterdam Ave, New York, NY 10027, USA
Chin Chin;216 East 49th Street;216 E 49th St, New York, NY 10017, USA
China 1 Restaurant & Lounge;50 Avenue B;50 Avenue B, New York, NY 10009, USA
China Evian;144 West 46 Street;144 W 46th St, New York, NY 10036, USA
China Grill New York;60 West 53rd Street;60 W 53rd St, New York, NY 10019, USA
China Moon;7 East 47 Street;7 East 47 Street
China Place;3141 Broadway At W. 123rd St.;3141 Broadway At W. 123rd St.
China Regency;850 Seventh Avenue;850 7th Ave, New York, NY 10019, USA
Chinatown Brasserie;380 Lafayette Street;380 Lafayette St, New York, NY 10003, USA
Chipotle Mexican Grill;55 East 8th Street;55 E 8th St, New York, NY 10003, USA
Chipotle Mexican Grill;129 West 48th Street;129 W 48th St, New York, NY 10036, USA
Chop Suey;714 Seventh Avenue;714 7th Ave, New York, NY 10036, USA
Chubo Restaurant;6 Clinton Street;6 Clinton St, New York, NY 10002, USA
Ciaobella Ristorante Lounge;1640 2nd Avenue;1640 2nd Ave, New York, NY 10028, USA
Cinco De Mayo;1711 2nd Avenue;1711 2nd Ave, New York, NY 10128, USA
Cinnabon;901 Avenue Of The Americas;901 6th Ave, New York, NY 10001, USA
Ciro Trattoria;813 8th Avenue;813 8th Ave, Brooklyn, NY 11215, USA
City Hall;131 Duane Street;131 Duane St, New York, NY 10013, USA
City Lobster & Crab Company;121 West 49th Street;121 W 49th St, New York, NY 10020, USA
City Winery;155 Varick Street;155 Varick St, New York, NY 10013, USA
Coffee & Desserts (Show All);195 Grand Street;195 Grand St, New York, NY 10013, USA
Cold Stone Creamery;1651 Second Avenue;1651 2nd Ave, Walnut Creek, CA 94597, USA
Colors;417 Lafayette Street;417 Lafayette St, New York, NY 10003, USA
Compass Restaurant New York;208 West 70th Street;208 W 70th St, New York, NY 10023, USA
Concord Garden Chinese & Thai Cuisine;990 Amsterdam Avenue;990 Amsterdam Ave, New York, NY 10025, USA
Conservatory;15 Central Park West;15 Central Park West, 15 Central Park West, New York, NY 10023, USA
Cookshop;156 10th Avenue;156 10th Ave, New York, NY 10011, USA
Cooper's Tavern;481 Eighth Avenue;481 8th Ave, New York, NY 10001, USA
Core One Nine One;191 Orchard Street;191 Orchard Street
Cornelia Street Cafe;29 Cornelia Street;29 Cornelia St, New York, NY 10014, USA
Cosi;54 Pine Street;54 Pine St, New York, NY 10005, USA
Cosi;2160 Broadway;2160 Broadway, New York, NY 10024, USA
Cosi;61 West 48th Street;61 W 48th St, New York, NY 10020, USA
Cosi;700 6th Avenue;700 6th Ave, New York, NY 10010, USA
Cosi;257 Park Avenue;257 Park Ave, New York, NY 10167, USA
Cost Legend (Average Price/Person):;"""Inexpensive"" = Generally < $15";"""Inexpensive"" = Generally < $15"
Counter;105 First Avenue;105 1st Avenue, New York, NY 10003, USA
Country;90 Madison Avenue;90 Madison Ave, New York, NY 10016, USA
Craft Restaurant;43 East 19th Street;43 E 19th St, New York, NY 10003, USA
Craftbar;900 Broadway;900 Broadway
Craftsteak;85 Tenth Avenue;85 10th Ave, New York, NY 10011, United States
Crema Restaurante;111 West 17th Street;111 W 17th St, New York, NY 10011, USA
Crispo;240 West 14th Street;240 W 14th St, New York, NY 10011, USA
Cru Restaurant;24 5th Avenue;24 5th Ave, New York, NY 10011, USA
Cub Room;131 Sullivan Street;131 Sullivan St, New York, NY 10012, USA
Cuba;222 Thompson Street;222 Thompson St, New York, NY 10012, USA
Cuba Cafe;200 8th Avenue;200 8th Ave, New York, NY 10011, USA
D and S Pizza;691 10th Avenue;691 10th Ave, New York, NY 10036, USA
Da Nico Ristorante;164 Mulberry Street;164 Mulberry St, New York, NY 10013, USA
Dalga Seafood Grill;401 East 62nd Street;401 E 62nd St, New York, NY 10065, USA
Daniel;60 East 65th Street;60 E 65th St, New York, NY 10065, USA
Danny's Grand Sea Palace;346 West 46th Street;346 W 46th St, New York, NY 10036, USA
Danube;30 Hudson Street;30 Hudson Street
Davidburke & Donatella;133 East 61st Street;133 E 61st St, New York, NY 10065, USA
Decade;1117 1st Avenue;1117 1st Avenue
Del Frisco's of New York;1221 Avenue of the Americas;1221 Avenue of the Americas, New York, NY 10020, USA
Del Posto Ristorante;85 10th Avenue;US-NYC-8510, 85 10th Ave, New York, NY 10011, USA
Delicatessen;54 Prince Street;54 Prince St, New York, NY 10012, USA
Destino;891 1st Avenue;891 1st Avenue, New York, NY 10022, USA
Dinosaur Bar B Que;646 West 131st Street;646 W 131st St, New York, NY 10027, USA
Dip Cafe;416 Third Avenue;416 3rd Ave, New York, NY 10016, USA
Dirt Candy;430 East 9th Street;430 E 9th St, New York, NY 10009, USA
District;130 West 46th Street;130 W 46th St, New York, NY 10036, USA
Divalicious Chocolate! Cafe;365 Broome Street;365 Broome St, New York, NY 10013, USA
Domenico's;120 East 40th Street;120 E 40th St, New York, NY 10016, USA
Domino's Pizza;943 1st Avenue;943 1st Avenue, New York, NY 10022, USA
Domino's Pizza;799 East 13th Street;799 East 13th Street
Donguri;309 East 83rd Street;309 E 83rd St, New York, NY 10028, USA
Dovetail;103 West 77th Street;103 W 77th St, New York, NY 10024, USA
Duke's;560 Third Avenue;560 3rd Ave, New York, NY 10016, USA
Dunkin Doughnuts;132 Nassau Street;132 Nassau St, New York, NY 10038, USA
Dunkin' Donuts;105 West 125th Street;105 W 125th St, New York, NY 10027, USA
Dunkin' Donuts;1391 Madison Avenue;1391 Madison Ave, New York, NY 10029, USA
Dunkin' Donuts;1630 Madison Avenue;1630 Madison Ave, New York, NY 10029, USA
Dunkin' Donuts;15 Penn Plaza;401 7th Ave, New York, NY 10001, United States
Dunkin' Donuts;1024 1st Avenue;1024 1st Avenue
Dylan Prime;62 Laight Street;62 Laight St, New York, NY 10013, USA
EN Japanese Brasserie;435 Hudson Street;435 Hudson St, New York, NY 10014, USA
Earl's Restaurant Bar;560 3rd Avenue;560 3rd Ave, New York, NY 10016, USA
Earth;116A 10th Avenue;116A 10th Avenue
East Bay;491 1st Avenue;491 1st Avenue, New York, NY 10016, USA
East River Cafe;1111 First Avenue;1111 1st Avenue, New York, NY 10065, USA
Eighty One;45 West 81st Street;45 W 81st St, New York, NY 10024, USA
El Azteca;783 Ninth Avenue;783 9th Ave, New York, NY 10019, USA
El Parador;325 East 34th Street;325 E 34th St, New York, NY 10016, USA
El Puerto Seafood & Fish Market;511 West 125th Street;511 W 125th St, New York, NY 10027, USA
El Rio Grande;160 East 38th Street;160 East 38th Street, New York, NY 10016, USA
El Tina #2;511 West 125th Street;511 W 125th St, New York, NY 10027, USA
Emack & Bolio's;81st Street and First Avenue;81st Street and First Avenue
Emperor Japanese Tapas Shabu;96 Bowery;96 Bowery, New York, NY 10013, USA
English Is Italian;622 3rd Avenue;622 3rd Ave, New York, NY 10017, USA
Epoque;401 West 50th Street;401 W 50th St, New York, NY 10019, USA
Esca;402 West 43 Street;402 W 43rd St, New York, NY 10036, USA
Etats-Unis;242 East 81st Street;242 East 81st Street
Etrusca Restaurant;125 West 53rd Street;125 W 53rd St, New York, NY 10019, USA
Euro Diner;738 8th Avenue;738 8th Ave, New York, NY 10036, USA
Euzkadi Restaurant;108 East Fourth Street;108 E 4th St, New York, NY 10003, USA
Expensive;1633 2nd Avenue;1633 2nd Ave, New York, NY 10028, United States
Expensive;1600 Broadway;1600 Broadway, New York, NY 10019, USA
Extra Virgin;259 West 4th Street;259 West 4th Street, New York, NY 10014, USA
Famiglia;686 8th Avenue;686 8th Ave, New York, NY 10036, USA
Fast Food & Chains (Show All);221 7th Avenue;221 7th Avenue
Fatty Crab;Manhattan · 643 Hudson Street;643 Hudson St, New York, NY 10014, USA
Felidia;243 East 58th Street;243 E 58th St, New York, NY 10022, USA
Ferrara's Cafe Italiano;195 Grand Street;195 Grand St, New York, NY 10013, USA
Film Center Cafe;635 Ninth Avenue;635 9th Ave, New York, NY 10036, USA
Financier Patisserie;35 Cedar Street;35 Cedar Street
Fiorini;209 East 56th Street;209 E 56th St, New York, NY 10022, USA
Firebird Russian Restaurant;365 West 46th Street;365 W 46th St, New York, NY 10036, USA
Firenze Restaurant;1594 2nd Avenue;1594 2nd Ave, New York, NY 10028, USA
Five Napkin Burger;630 9th Avenue;630 9th Ave, New York, NY 10036, USA
Fives;700 Fifth Avenue;700 5th Ave, New York, NY 10019, USA
Fleur de Sel;5 East 20th Street;5 E 20th St, New York, NY 10003, USA
Flor de Sol Restaurant;361 Greenwich Street;361 Greenwich St, New York, NY 10013, USA
Frank's;410 West 12th Street;410 W 12th Ave, Vancouver, BC V5Y 4A4, Canada
Frankie & Johnnie's Steakhouse;32 West 37th Street;32 W 37th St, New York, NY 10018, USA
Frederick's Madison;768 Madison Avenue;768 Madison Ave, New York, NY 10065, USA
Frere Jacques;13 East 37th Street;13 E 37th St, New York, NY 10016, USA
Fresco by Scotto;34 East 52nd Street;34 E 52nd St, New York, NY 10022, USA
Fresh Restaurant;105 Reade Street;105 Reade St, New York, NY 10013, USA
Fulton;205 East 75th Street;205 E 75th St, New York, NY 10021, USA
Funky Nassau;127 East 7th Street;127 E 7th St, New York, NY 10009, USA
Gabriela's;688 Columbus Avenue;688 Columbus Ave, New York, NY 10025, USA
Gaby Restaurant;44 West 45th Street;44 W 45th St, New York, NY 10036, USA
Garage Restaurant and Cafe;99 Seventh Avenue South;99 7th Ave S, New York, NY 10014, USA
Garden Of Ono;18 Ninth Avenue;18 Ninth Ave, Railway Estate QLD 4810, Australia
Gari;370 Columbus Avenue;370 Columbus Ave, New York, NY 10024, USA
Geisha Restaurant;33 East 61st Street;33 E 61st St, New York, NY 10065, USA
Genki Sushi;9 East 46 Street;9 East 46 Street
Gente;153 East 45th Street;153 East 45th Street
Geronimo;1600 3rd Avenue;1600 3rd Avenue
Gizzi's Coffee;16 West 8th Street;16 W 8th St, New York, NY 10011, USA
Gobo Upper East Side;1426 3rd Avenue;1426 3rd Ave, New York, NY 10028, USA
Good Friend Restaurant;3210 Broadway;3210 Broadway, New York, NY 10027, USA
Gordon Ramsay;151 West 54th Street;151 W 54th St, New York, NY 10019, USA
Gotham Bar and Grill;12 East 12 Street;12 East 12 Street
Gramercy 24;323 3rd Avenue;323 3rd Avenue
Grand Central Oyster Bar;89 East 42nd Street;89 E 42nd St, New York, NY 10017, USA
Grand Tier Restaurant;150 West 65th Street;150 W 65th St, New York, NY 10023, USA
Grays Papaya;539 8th Avenue;539 8th Ave, New York, NY 10018, USA
Grayz;13-15 West 54th Street;13 W 54th St, New York, NY 10019, USA
Great China Chinese Restaurant;1461 Amsterdam Avenue;1461 Amsterdam Ave, New York, NY 10027, USA
Grill 21;346 East 21st Street;346 E 21st St, New York, NY 10010, USA
Guantanamera;939 Eighth Avenue;939 8th Ave, New York, NY 10001, USA
Gusto Ristorante e Bar Americano;60 Greenwich Avenue;60 Greenwich Ave, New York, NY 10011, USA
Gyu-Kaku;34 Cooper Square;34 Cooper Sq, New York, NY 10003, USA
Gyu-Kaku;805 3rd Avenue;805 3rd Ave, New York, NY 10022, USA
HQ New York Bistro;90 Thompson Street;90 Thompson St, New York, NY 10012, USA
Hale & Hearty Soups;Grand Central Terminal;89 E 42nd St, New York, NY 10017, United States
Harlem Tea Room;1793A Madison Avenue;1793A Madison Ave, New York, NY 10035, USA
Havana;27 West 38th Street;27 W 38th St, New York, NY 10018, USA
Havana Alma de Cuba;94 Christopher Street;94 Christopher St, New York, NY 10014, USA
Havana Central;151 West 46th Street;151 W 46th St, New York, NY 10036, USA
Havana Central at The West End;2911 Broadway;2911 Broadway, New York, NY 10025, USA
Heartland Brewery and Chophouse;127 W. 43rd St. at Times Square;127 W 43rd St, New York, NY 10036, USA
Hell's Kitchen;691 10th Avenue;691 10th Ave, New York, NY 10036, USA
Hudson River Cafe;697 West 133rd Street;697 W 133rd St, New York, NY 10027, USA
Hurapan Kitchen;29 7th Avenue South;29 7th Avenue South
Hurley's;232 West 48th Street;232 West 48th Street
II Mulino;86 West 3 Street;86 W 3rd St, New York, NY 10012, USA
Ida Mae Kitchen -n- Lounge;111 West 38th Street;111 W 38th St, Indianapolis, IN 46208, USA
Iguana;240 West 54th Street;240 W 54th St, New York, NY 10019, USA
Il Bastardo;191 7th Avenue;191 7th Ave, New York, NY 10011, USA
Il Buco Restaurant;47 Bond Street;47 Bond St, New York, NY 10012, USA
Il Cantinori;32 East 10th Street;32 E 10th St, New York, NY 10003, USA
Il Melograno;501 West 51st Street;501 W 51st St, New York, NY 10019, USA
Imperial Dragon;45 West 55th Street;45 W 55th St, New York, NY 10019, USA
In Vino Wine Bar and Restaurant;215 East Fourth Street;215 E 4th St, New York, NY 10009, USA
Inagiku;111 East 49 Street;111 E 49th St, New York, NY 10017, USA
Incredi Fusion;363 Third Avenue;363 3rd Ave, New York, NY 10016, USA
Indochine;430 Lafayette Street;430 Lafayette St, New York, NY 10003, USA
Inexpensive;3 East 37th Street;3 E 37th St, Hamilton, ON L8V 4A7, Canada
Inexpensive;738 8th Avenue;738 8th Ave, New York, NY 10036, USA
Insomnia Cookies;148 West 4th Street;148 West 4th Street, New York, NY 10012, USA
International (Show All);45 Tudor City Place;45 Tudor City Pl, New York, NY 10017, USA
International (Show All);537 9th Avenue;537 9th Ave, New York, NY 10018, USA
International (Show All);19 West 44th Street;19 W 44th St, New York, NY 10036, USA
International (Show All);2315 Broadway;2315 Broadway, New York, NY 10024, USA
International (Show All);45 East 20th Street;45 E 20th St, New York, NY 10003, USA
International (Show All);105 Hudson Street;105 Hudson St, New York, NY 10013, USA
International (Show All);430 Lafayette Street;430 Lafayette St, New York, NY 10003, USA
International (Show All);768 Madison Avenue;768 Madison Ave, New York, NY 10065, USA
Italian (Show All);191 7th Avenue;191 7th Ave, New York, NY 10011, USA
Italian (Show All);355 West 46 Street;355 W 46th St, New York, NY 10036, USA
Italian (Show All);85 10th Avenue;US-NYC-8510, 85 10th Ave, New York, NY 10011, USA
Italian (Show All);45 Tudor City Place;45 Tudor City Pl, New York, NY 10017, USA
Italian (Show All);135 East 62nd Street;135 E 62nd St, New York, NY 10065, USA
Italian (Show All);501 West 51st Street;501 W 51st St, New York, NY 10019, USA
Italian (Show All);2315 Broadway;2315 Broadway, New York, NY 10024, USA
Jack's Luxury Oyster Bar;101 Second Avenue;101 2nd Ave, New York, NY 10003, USA
Jamba Juice;1026 Third Avenue;1026 3rd Ave, New York, NY 10065, USA
Jamba Juice;2341 Broadway;2341 Broadway, New York, NY 10024, USA
Jean Georges;1 Central Park West;1 Central Park West, New York, NY 10023, USA
Jewel Bako;239 East 5th Street;239 E 5th St, New York, NY 10003, USA
Jewel of India;15 West 44th Street;15 W 44th St, New York, NY 10036, USA
Jimmy Sung's;219 East 44th Street;219 E 44th St, New York, NY 10017, USA
JoJo;160 East 64th Street;160 E 64th St, New York, NY 10065, USA
Joe The Art of Coffee;141 Waverly Place;141 Waverly Pl, New York, NY 10014, USA
John's Pizzeria;260 West 44th Street;260 W 44th St, New York, NY 10036, USA
Jojo;160 East 64th Street;160 E 64th St, New York, NY 10065, USA
Josie's Restaurant;565 3rd Avenue;565 3rd Ave, San Bruno, CA 94066, USA
Josie's West;300 Amsterdam Avenue;300 Amsterdam Ave, New York, NY 10023, USA
Jovia;135 East 62nd Street;135 E 62nd St, New York, NY 10065, USA
KFC;301 West 125th Street;301 W 125th St, New York, NY 10027, USA
KFC;One Penn Plaza;1 Pennsylvania Plaza, New York, NY 10119, United States
KFC;1402 Second Avenue;1402 2nd Ave, New York, NY 10021, USA
Kai;22 Madison Avenue;22 Madison Ave, Toronto, ON M5R 2S1, Canada
Kion;509 East 6th Street;509 E 6th St, New York, NY 10009, USA
Kobe Club;68 West 58th Street;68 W 58th St, New York, NY 10019, USA
Koi;40 West 40th Street;40 West 40th Street
Kouzan;685 Amsterdam Avenue;685 Amsterdam Ave NE, Atlanta, GA 30306, USA
Krispy Kreme;141 West 72nd Street;141 W 72nd St, New York, NY 10023, USA
Kurve;87 2nd Avenue;87 2nd Avenue
L'Impero Restaurant;45 Tudor City Place;45 Tudor City Pl, New York, NY 10017, USA
La Carne Grill;340 Lexington Avenue;340 Lexington Ave, New York, NY 10016, USA
La Giara;501 3rd Avenue;501 3rd Ave, New York, NY 10016, USA
La Goulue Restaurant;746 Madison Avenue;746 Madison Ave, New York, NY 10065, USA
La Grenouille;3 East 52 Street;3 E 52nd St, New York, NY 10022, USA
La Mediterranee;947 Second Avenue;947 2nd Ave, New York, NY 10022, USA
La Rivista;313 West 46th Street;313 W 46th St, New York, NY 10036, USA
La Rosita;2809 Broadway;2809 Broadway St, San Antonio, TX 78209, USA
La Zarza;166 First Avenue;166 1st Avenue, New York, NY 10009, USA
Lasaro's;29 East 30th Street;29 E 30th St, New York, NY 10016, USA
Latin, Cuban, Spanish (Show All);1022A Lexington Avenue;1022A Lexington Ave, New York, NY 10021, USA
Latin, Cuban, Spanish (Show All);324 Bowery;324 Bowery, New York, NY 10012, USA
Le Cirque;151 East 58th Street;151 E 58th St, New York, NY 10022, USA
Le Figaro Cafe;184 Bleecker Street;184 Bleecker St, New York, NY 10012, USA
Le Perigord;405 East 52nd Street;405 E 52nd St, New York, NY 10022, USA
Lenny's Sub Shop;60 West 48th Street;60 W 48th St, New York, NY 10036, USA
Lenox Room;1278 3rd Avenue;1278 3rd Ave, New York, NY 10021, USA
Little Saigon;374 West 46 Street;374 W 46th St, New York, NY 10036, USA
Lobby Lounge;80 Columbus Circle;80 Columbus Cir, New York, NY 10023, USA
Lomito;300 Spring Street;300 Spring St, New York, NY 10013, USA
Los Dados;73 Gansevoort Street;73 Gansevoort St, New York, NY 10014, USA
Lou's Cafe;1301 Sixth Avenue;1301 6th Ave, New York, NY 10019, USA
Lucy Latin Kitchen;35 East 18th Street;35 E 18th St, New York, NY 10003, USA
Lunetta;920 Broadway;920 Broadway, New York, NY 10010, USA
Lupa;170 Thompson Street;170 Thompson St, New York, NY 10012, USA
MR CHOW;324 East 57th Street;324 East 57th Street
Macao Trading Company;311 Church Street;311 Church St, New York, NY 10013, USA
Maggie Moo's;1437 2nd Avenue;1437 2nd Ave, New York, NY 10021, USA
Maison;1700 Broadway;1700 Broadway, New York, NY 10019, USA
Malaga;406 East 73rd Street;406 E 73rd St, New York, NY 10021, USA
Maloney and Porcelli;37 East 50th Street;37 E 50th St, New York, NY 10022, USA
Manhattan Sky;Park Avenue at Grand Central;89 E 42nd St, New York, NY 10017, United States
Mara's Homemade;342 East 6th Street;342 E 6th St, New York, NY 10003, USA
Maria Pia Restaurant;319 West 51st Street;319 W 51st St, New York, NY 10019, USA
Marichu Restaurant & Tapas Bar;342 East 46 Street;342 E 46th St, New York, NY 10017, USA
Marseille Restaurant;630 Ninth Avenue;630 9th Ave, New York, NY 10036, USA
Mary Ann's;1503 2nd Avenue;1503 2nd Ave, New York, NY 10075, USA
Mary's Fish Camp;64 Charles Street;Via Charles Gounod, 20092 Cinisello Balsamo MI, Italy
Matsugen;241 Church Street;241 Church St, Toronto, ON M5B 1Z4, Canada
Maya New York;1191 First Avenue;1191 1st Avenue, New York, NY 10065, USA
McCormick & Schmick's;1285 Avenue of the Americas;1285 6th Ave, New York, NY 10019, USA
McDonald's;Lower Level;Lower Level
McDonald's;215 West 125th Street;215 W 125th St, New York, NY 10027, USA
McDonald's;638 Columbus Avenue;638 Columbus Ave, New York, NY 10024, United States
McDonald's;354 West 125th Street;354 W 125th St, New York, NY 10027, USA
McDonald's;444 Lenox Avenue @ 132Nd;444 Malcolm X Blvd #132Nd, New York, NY 10037, USA
McDonald's;688 8th Avenue;688 8th Ave, New York, NY 10036, USA
McDonald's;79 West 125th Street;79 W 125th St, New York, NY 10027, USA
Mcnulty's Tea & Coffee Company;109 Christopher Street;109 Christopher St, New York, NY 10014, USA
Megu;845 UN Plaza;845 United Nations Plaza, New York, NY 10017, USA
Mercer Kitchen;99 Prince Street;99 Prince St, New York, NY 10012, USA
Merkato 55;55 Gansevoort Street;55 Gansevoort Street
Mesa Grill Restaurant;102 Fifth Avenue;102 5th Ave, New York, NY 10011, USA
Meson Sevilla Restaurant;344 West 46th Street;344 W 46th St, New York, NY 10036, USA
Mezzaluna;1295 3rd Avenue;1295 3rd Ave, New York, NY 10021, USA
Mia Dona;206 East 58th Street;206 E 58th St, New York, NY 10022, USA
Michael Jordan's The Steakhouse N.Y.C.;23 Vanderbilt Avenue;23 Vanderbilt Avenue
Michael's;24 West 55th Street;24 W 55th St, New York, NY 10019, USA
Mima's CubanFusion;2056 Second Avenue;2056 2nd Ave, New York, NY 10029, USA
Molyvos;871 7th Avenue;871 7th Ave, New York, NY 10019, USA
Mondello;3 East 37th Street;3 E 37th St, Hamilton, ON L8V 4A7, Canada
Monica's Gourmet Deli;1603 2nd Avenue;1603 2nd Ave, New York, NY 10028, USA
Morton's, the Steakhouse;551 5th Avenue;551 5th Avenue
Mr. Broadway Kosher Deli;1372 Broadway;1372 Broadway, New York, NY 10018, USA
Murals on 54;65 West 54th Street;65 W 54th St, New York, NY 10019, USA
Mustang Grill;1633 2nd Avenue;1633 2nd Ave, New York, NY 10028, United States
Nacho Mama's Burritos;2867 Broadway;2867 Broadway, New York, NY 10025, USA
Nathan's Famous;100 West 33rd Street;100 W 33rd St, New York, NY 10001, USA
Nathan's Famous;705 8th Avenue;705 8th Ave, New York, NY 10036, USA
Natsumi Restaurant;226 West 50th Street;226 W 50th St, New York, NY 10019, USA
Neo Sushi;2298 Broadway;2298 Broadway, New York, NY 10024, USA
Nespresso Boutique Bar;761 Madison Avenue;761 Madison Avenue
Nicole's Restaurant;10 East 60th Street;10 E 60th St, New York, NY 10022, USA
Nippon;155 East 52nd Street;155 E 52nd St, New York, NY 10022, USA
Nirvana;30 Central Park South;30 Central Park S, New York, NY 10019, USA
Nolia;158 Avenue C;158 Loisaida Ave, New York, NY 10009, USA
North West Restaurant;392 Columbus Avenue;392 Columbus Ave, New York, NY 10024, USA
ONE c.p.s.;One Central Park South;One Central Park South
Oceana;55 East 54th Street;55 E 54th St, New York, NY 10022, USA
Old Homestead Steak House;56 9th Avenue;56 9th Ave, New York, NY 10011, USA
Osteria Gelsi;507-509 9th Ave. at 38th St.;507-509 9th Ave. at 38th St.
Ouest;2315 Broadway;2315 Broadway, New York, NY 10024, USA
Pala;198 Allen Street;198 Allen St, New York, NY 10002, USA
Paola's Restaurant;245 East 84th Street;245 E 84th St, New York, NY 10028, USA
Papa John's;765 8th Avenue;765 8th Ave, New York, NY 10036, USA
Papillon Bistro and Bar;22 East 54th Street;22 E 54th St, New York, NY 10022, USA
Paris Match;29 East 65th Street;29 E 65th St, New York, NY 10065, USA
Park East Grill;1564 2nd Avenue;1564 2nd Ave, New York, NY 10028, USA
Payard Patisserie & Bistro;1032 Lexington Avenue;1032 Lexington Ave, New York, NY 10021, USA
Pearl Oyster Bar;18 Cornelia Street;18 Cornelia St, New York, NY 10014, USA
Per Se;10 Columbus Circle;10 Columbus Cir, New York, NY 10019, USA
Perilla Restaurant;9 Jones Street;9 Jones St, New York, NY 10014, USA
Petrossian;182 West 58th Street;182 W 58th St, New York, NY 10019, USA
Philippe;35 East 60th Street;35 E 60th St, New York, NY 10022, USA
Picasso;303 East 56th Street;303 E 56th St, New York, NY 10022, USA
Piccolino;8 East 36 Street;8 East 36 Street
Pier 2110;2110 Adam Clayton Powell Jr. Blvd.;2110 Adam Clayton Powell Jr Blvd, New York, NY 10027, USA
Pipa;38 East 19th Street;38 E 19th St, New York, NY 10003, USA
Plantain;20 West 38th Street;20 W 38th St, New York, NY 10018, USA
Popeyes Chicken & Biscuits;1558 3rd Avenue;1558 3rd Ave, New York, NY 10128, USA
Public House;140 East 41st Street;140 E 41st St, New York, NY 10017, USA
Pure Food and Wine;54 Irving Place;54 Irving Place
R & G Deli;348 West 36th Street;348 W 36th St, New York, NY 10018, USA
Rain West;100 West 82nd Street;100 W 82nd St, New York, NY 10024, USA
Rainbow Room Grill;30 Rockefeller Plaza;Rockefeller Plaza, New York, NY 10111, USA
Red Lobster;5 Times Square;Five Times Square, New York, NY 10036, USA
Regional;2607 Broadway;2607 Broadway, New York, NY 10025, USA
Restaurant Carlyle;35 East 76th Street;35 E 76th St, New York, NY 10021, USA
Rock Center Cafe;20 West 50th Street;20 W 50th St, New York, NY 10020, USA
Rosa Mexicano;1063 1st Avenue;1063 1st Avenue, New York, NY 10022, USA
Rosa Mexicano Lincoln Center;61 Columbus Avenue;61 Columbus Ave, New York, NY 10023, USA
Rosanjin;141 Duane Street;141 Duane St, New York, NY 10013, USA
Rosie O'Grady's;149 West 46th Street;149 West 46th Street
Roy's New York;Manhattan · 130 Washington St.;130 Washington St, New York, NY 10006, USA
Ruby Foo's;1626 Broadway;1626 Broadway, New York, NY 10019, USA
Sable's;1489 2nd Avenue;1489 2nd Ave, New York, NY 10075, USA
Sakagura Restaurant;211 East 43rd Street;211 E 43rd St, New York, NY 10017, USA
San Luigi's;311 Amsterdam Avenue;311 Amsterdam Ave, New York, NY 10023, USA
Sangria 46;338 West 46th Street;338 W 46th St, New York, NY 10036, USA
Sapphire Restaurant;1845 Broadway;1845 Broadway, New York, NY 10023, USA
Sardi's;234 West 44th Street;234 W 44th St, New York, NY 10036, USA
Saurin Parke Cafe;301 West 110th Street;301 W 110th St, New York, NY 10026, USA
Sea Grill;19 West 49th Street;19 W 49th St, New York, NY 10020, USA
Serafina's;210 West 55th Street;210 W 55th St, New York, NY 10019, USA
Shinbashi;7 East 48th Street;7 E 48th St, New York, NY 10017, USA
Shrimp Box;62 West 125th Street;62 W 125th St, New York, NY 10027, USA
Shula's Steak House;270 W. 43rd St. at 8th Ave.;270 W 43rd St, New York, NY 10036, USA
Shun Lee West;43 West 65th Street;43 W 65th St, New York, NY 10023, USA
Siam Inn Too;854 Eighth Avenue;854 8th Ave, New York, NY 10019, USA
Silverleaf Tavern;43 East 38th Street;43 East 38th Street
Smith & Wollensky;797 Third Avenue;797 3rd Ave, New York, NY 10022, USA
Smoke Jazz Club;2751 Broadway;2751 Broadway, New York, NY 10025, USA
Solera;216 East 53rd Street;216 E 53rd St, New York, NY 10022, USA
Solo Restaurant;550 Madison Avenue;550 Madison Ave, New York, NY 10022, United States
Sombrero;303 West 48th Street;303 W 48th St, New York, NY 10036, USA
Sombrero Mexican;303 West 48th Street;303 W 48th St, New York, NY 10036, USA
Son Cubano Restaurant;405 West 14th Street;405 W 14th St, New York, NY 10014, USA
Sosa Borella;832 8th Avenue;832 8th Ave, New York, NY 10019, USA
Southern Hospitality BBQ;1460 Second Avenue;1460 2nd Ave, New York, NY 10075, USA
Spice Market;403 West 13th Street;403 W 13th St, New York, NY 10014, USA
St. Andrews Restaurant;120 West 44th Street;120 W 44th St, New York, NY 10036, USA
Stage Delicatessen;834 7th Avenue;834 7th Avenue
Star Diner;839 Seventh Avenue;839 7th Ave, Longview, WA 98632, USA
Starbucks;152-154 Columbus Avenue;152-154 Columbus Ave, New York, NY 10023, USA
Starbucks;1460 Broadway;1460 Broadway, New York, NY 10036, USA
Starbucks Coffee;875 Sixth Avenue;875 6th Ave, New York, NY 10001, USA
Starbucks Coffee;21 East 8th Street;21 E 8th St, Hinsdale, IL 60521, USA
Starbucks Coffee;195 Broadway;195 Broadway #2, New York, NY 10007, United States
Starbucks Coffee;1128 Third Avenue;1128 3rd Ave, New York, NY 10065, USA
Starbucks Coffee;10 Union Square East;10 Union Square E, New York, NY 10003, USA
Starbucks Coffee;One Penn Plaza;1 Pennsylvania Plaza, New York, NY 10119, United States
Starbucks Coffee;3 Park Avenue;3 Park Avenue, New York, NY 10016, USA
Starbucks Coffee;540 Columbus Avenue;540 Columbus Ave, New York, NY 10024, USA
Starbucks Coffee;455 Main Street;455 Main St, New York, NY 10044, USA
Starbucks Coffee;233 Broadway;233 Broadway, Dobbs Ferry, NY 10522, USA
Starbucks Coffee;76 9th Avenue;76 9th Ave, New York, NY 10011, USA
Starbucks Coffee;750 6th Avenue;750 6th Ave, New York, NY 10010, USA
Starbucks Coffee;2929 Broadway;2929 Broadway, New York, NY 10025, USA
Starbucks Coffee;79 Washington Square;79 Washington Square E, New York, NY 10003, USA
Starbucks Coffee;72 Grove Street;72 Grove St, New York, NY 10014, USA
Starbucks Coffee;2 Broadway;2 Broadway
Starbucks Coffee;725 5th Avenue;725 5th Ave, New York, NY 10022, USA
Starbucks Coffee;2252 Broadway;2252 Broadway, New York, NY 10024, USA
Starbucks Coffee;77-83 West 125th Street;77 W 125th St, New York, NY 10027, USA
Starbucks Coffee;280 Park Avenue;280 Park Ave, New York, NY 10020, USA
Starbucks Coffee;230 Park Avenue;The Helmsley Building, New York, NY 10017, USA
Starbucks Coffee;125 Park Avenue;125 Park Ave, New York, NY 10017, USA
Starbucks Coffee;30 Rockefeller Plaza;Rockefeller Plaza, New York, NY 10111, USA
Starbucks Coffee;545 Fifth Avenue;545 5th Ave, New York, NY 10017, USA
Starbucks Coffee;565 Fifth Avenue;565 5th Ave, New York, NY 10017, USA
Starbucks Coffee;1021 Third Avenue;1021 3rd Ave, New York, NY 10065, USA
Starbucks Coffee;41 Union Square West;41 Union Square W, New York, NY 10003, USA
Starbucks Coffee;1378 Madison Avenue;1378 Madison Ave, New York, NY 10128, USA
Starbucks Coffee;1642 Third Avenue;1642 3rd Ave, New York, NY 10128, USA
Starbucks Coffee;120 East 87th Street;120 E 87th St, New York, NY 10128, USA
Starbucks Coffee;1515 York Avenue;1515 York Ave, New York, NY 10028, USA
Starbucks Coffee;1449 Second Avenue;1449 2nd Ave, New York, NY 10021, USA
Starbucks Coffee;444 Columbus Avenue;444 Columbus Ave, San Francisco, CA 94133, USA
Starbucks Coffee;1559 2nd Avenue;1559 2nd Ave, New York, NY 10028, USA
Starbucks Coffee;684 Eighth Avenue;684 8th Ave, New York, NY 10036, USA
Starwich;525 West 42nd Street;525 W 42nd St, New York, NY 10036, USA
Steak & Seafood (Show All);Inside Battery Park;Inside Battery Park
Steak & Seafood (Show All);885 Second Avenue;885 2nd Ave, New York, NY 10017, USA
Steak & Seafood (Show All);147 West 43rd Street;147 W 43rd St, New York, NY 10036, USA
Steak Frites;9 East 16th Street;9 E 16th St, New York, NY 10003, USA
Steak Frites;225 Varick Street;225 Varick St, New York, NY 10014, USA
Stone Rose;10 Columbus Circle;10 Columbus Cir, New York, NY 10019, USA
Stout NYC;133 West 33rd Street;133 W 33rd St, New York, NY 10001, USA
Strada 57 Ristorante;315 West 57th Street;315 W 57th St, New York, NY 10019, USA
Strip House - New York;13 East 12th Street;13 E 12th St, New York, NY 10003, USA
Subway;112 John Street;112 John St, New York, NY 10038, USA
Subway;475 Columbus Avenue;475 Columbus Ave, New York, NY 10024, USA
Subway;2458 Broadway;Broadway, New York, USA
Subway;124 West 72nd Street;124 W 72nd St, New York, NY 10023, USA
Subway;48 West 125th Street;48 W 125th St, New York, NY 10027, USA
Subway;578 West 125th Street;578 W 125th St, New York, NY 10027, USA
Subway;30 Rockefeller Plaza;Rockefeller Plaza, New York, NY 10111, USA
Subway;1585 3rd Avenue;1585 3rd Ave, New York, NY 10128, USA
Subway;901 Avenue Of The Americas;901 6th Ave, New York, NY 10001, USA
Subway;8 East 41st Street;8 E 41st St, New York, NY 10017, USA
Subway;1411 2nd Avenue;1411 2nd Ave, New York, NY 10021, USA
Subway;237 Park Avenue;237 Park Ave, New York, NY 10017, USA
Subway;900 Main Street;900 Main St, New York, NY 10044, USA
Subway;401 8th Avenue;401 8th Avenue
Subway;765 8th Avenue;765 8th Ave, New York, NY 10036, USA
Subway;106 Greenwich Street;106 Greenwich St, New York, NY 10006, USA
Subway;139 East 47th Street;139 E 47th St, New York, NY 10017, USA
Subway;89 Worth Street;89 Worth St, New York, NY 10013, USA
Subway;705 8th Avenue;705 8th Ave, New York, NY 10036, USA
Subway;165 Church Street;165 Church St, New York, NY 10007, USA
Subway;561 Tenth Avenue;561 Amsterdam Ave, New York, NY 10024, USA
Subway;1776 2nd Avenue;1776 2nd Ave, New York, NY 10128, USA
Subway;1613 2nd Avenue;1613 2nd Ave, New York, NY 10075, USA
Sukhothai West;411 West 42 Street;411 W 42nd St, New York, NY 10036, USA
Sushi Zen;57 West 46 Street;57 W 46th St, New York, NY 10036, USA
Sushisamba Park;245 Park Avenue South;245 Park Ave S, New York, NY 10003, USA
Tal Bagels;977 1st Avenue;977 1st Avenue, New York, NY 10022, USA
Talay Restaurant;701 West 135th Street;701 W 135th St, New York, NY 10031, USA
Tao;42 East 58th Street;42 E 58th St, New York, NY 10022, USA
Taqueria California;3151 Broadway;3151 Broadway, New York, NY 10027, USA
Taste D-lite;146 West 72nd Street;146 W 72nd St, New York, NY 10023, USA
Terrace 5;11 West 53 Street;11 W 53rd St, New York, NY 10019, USA
Texas Texas;1600 Broadway;1600 Broadway, New York, NY 10019, USA
Thalassa;179 Franklin Street;179 Franklin St, New York, NY 10013, USA
The Center Room;W. 64th St. and Columbus Ave.;20 W 64th St, New York, NY 10023, United States
The Gamut Bistro & Lounge;102 East 25th Street;102 E 25th St, New York, NY 10010, USA
The Mermaid Inn;96 2nd Avenue;96 2nd Ave, New York, NY 10003, USA
The Modern;11 West 53 Street;11 W 53rd St, New York, NY 10019, USA
The Modern Dining Room;9 West 53rd Street;9 W 53rd St, New York, NY 10019, USA
The Neptune Room;511 Amsterdam Avenue;511 Amsterdam Ave, New York, NY 10024, USA
The Parlour;250 W. 86th Street;250 W 86th St, New York, NY 10024, USA
The Pump Energy Food;113 East 31st Street;113 E 31st St, New York, NY 10016, USA
The Rainbow Room;30 Rockefeller Plaza;Rockefeller Plaza, New York, NY 10111, USA
The Sea Grill Restaurant;19 West 49th Street;19 W 49th St, New York, NY 10020, USA
The Stanton Social;99 Stanton Street;99 Stanton St, New York, NY 10002, USA
The Steakhouse at Monkey Bar;60 East 54th Street;60 E 54th St, New York, NY 10022, USA
The Sugar Bar;254 West 72nd Street;254 W 72nd St, New York, NY 10023, USA
The Tasting Room;264 Elizabeth Street;264 Elizabeth St, New York, NY 10012, USA
The Terrace In The Sky;400 West 119th Street;Butler Hall, 400 W 119th St, New York, NY 10027, USA
The Water Club;The E. River at 30th St.;The E. River at 30th St.
Think Coffee;248 Mercer Street;248 Mercer St, New York, NY 10012, USA
Tocqueville;1 East 15th Street;1 E 15th St, New York, NY 10003, USA
Toloache;251 West 50th Street;251 W 50th St, New York, NY 10019, USA
Tony's Burger;34 East 32nd Street;34 E 32nd St, New York, NY 10016, USA
Tony's Di Napoli;1606 2nd Avenue;1606 2nd Ave, New York, NY 10028, USA
Tony's Di Napoli Midtown;147 West 43rd Street;147 W 43rd St, New York, NY 10036, USA
Town;15 West 56th Street;15 W 56th St, New York, NY 10019, USA
Trata Estiatorio;1331 2nd Avenue;1331 2nd Avenue
Trattoria Pesce Pasta;536 Ninth Avenue;536 9th Ave, New York, NY 10018, USA
Tribeca Grill;375 Greenwich Street;375 Greenwich St, New York, NY 10013, USA
Uncle Jack's Steakhouse;440 9th Avenue;440 9th Ave, New York, NY 10001, USA
Uncle Nick's;747 9th Avenue;747 9th Ave, New York, NY 10019, USA
Uncle Nick's West Village;569 Hudson Street;569 Hudson St, New York, NY 10014, USA
Urena;37 East 28th Street;37 E 28th St, New York, NY 10016, USA
Utsav Festive India;1185 Ave. of the Americas / 6th Avenue;1185 Ave. of the Americas / 6th Avenue
Vela;55 West 21st Street;55 W 21st St, New York, NY 10010, USA
Veritas;45 East 20th Street;45 E 20th St, New York, NY 10003, USA
Victor's Cafe;236 West 52nd Street;236 W 52nd St, New York, NY 10019, USA
Vince and Eddie's;212-580-8700 · Expensive;212-580-8700 · Expensive
Vintage Irving;118 East 15th Street;118 E 15th St, New York, NY 10003, USA
Virgil's Real BBQ;152 West 44th Street;152 W 44th St, New York, NY 10036, USA
Viva Pancho;156 West 44th Street;156 W 44th St, New York, NY 10036, USA
Waikiki Wally's;101 East 2nd Street;101 E 2nd St, New York, NY 10009, USA
Wakiya;Two Lexingtron Avenue;Two Lexingtron Avenue
Wave Sushi At Caviar Russe;538 Madison Avenue;538 Madison Ave, New York, NY 10022, USA
White Castle;2092-2094 7th Avenue;2092 7th Ave, New York, NY 10036, USA
Windfall Lounge and Grill;23 West 39th Street;23 W 39th St, New York, NY 10018, USA
Windows Over Harlem;163 West 125th Street;Adam Clayton Powell Jr. State Office Building, 163 W 125th St, New York, NY 10027, USA
Wok N' Roll;705 8th Avenue At 44 Street;705 8th Ave, New York, NY 10036, USA
Wu Liang Ye;36 West 48th Street;36 W 48th St, New York, NY 10036, USA
Zarela;953 Second Avenue;953 2nd Ave, New York, NY 10022, USA
Ze Nitln;311 West 48th Street;311 W 48th St, New York, NY 10019, USA
Zen Palate;34 Union Square East;34 Union Square E, New York, NY 10003, USA
Zerza;304 East 6th Street;304 E 6th St, New York, NY 10003, USA
Zocalo at Grand Central;109 East 42nd Street;109 E 42nd St, New York, NY 10017, USA
Zona Rosa;40 West 56th Street;40 W 56th St, New York, NY 10019, USA
Zorzi;One East 35th Street;One East 35th Street
;;
;;
;;
;;
;;
;;
;;
;;
;;
;;
;;
;;
;;
;;
;;
;;
;;
;;
;;
;;
;;
;;
;;
;;
;;
;;
;;
;;
;;
;;
;;
;;
;;
;;
;;
;;
;;
;;
;;
;;
;;
;;
;;
;;
;;
;;
;;
;;
;;
;;
;;
;;
;;
;;
;;
;;
;;
;;
;;
;;
;;
;;
;;
;;
;;
;;
;;
;;
;;
;;
;;
;;
;;
;;
;;
;;
;;
;;
;;
;;
;;
;;
;;
;;
;;
;;
;;
;;
;;
;;
;;
;;
;;
;;
;;
;;
;;
;;
;;
;;
;;
;;
;;
;;
;;
;;
;;
;;
;;
;;
;;
;;
;;
;;
;;
;;
;;
;;
;;
;;
;;
;;
;;
;;
;;
;;
;;
;;
;;
;;
;;
;;
;;
;;
;;
;;
;;
;;
;;
;;
;;
;;
;;
;;
;;
;;
;;
;;
;;
;;
;;
;;
;;
;;
;;
;;
;;
;;
;;
;;
;;
;;
;;
;;
;;
;;
;;
;;
;;
;;
;;
;;
;;
;;
;;
;;
;;
;;
;;
;;
;;
;;
;;
;;
;;
;;
;;
;;
;;
;;
;;
;;
;;
;;
;;
;;
;;
;;
;;
;;
;;
;;
;;
;;
;;
;;
;;
;;
;;
;;
;;
;;
;;
;;
;;
;;
;;
;;
;;
;;
;;
;;
;;
;;
;;
;;
;;
;;
;;
;;
;;
;;
;;
;;
;;
;;
;;
;;
;;
;;
;;
;;
;;
;;
;;
;;
;;
;;
;;
;;
;;
;;
;;
;;
;;
;;
;;
;;
;;
;;
;;
;;
;;
;;
;;
;;
;;
;;
;;
;;
;;
;;
;;
;;
;;
;;
;;
;;
;;
;;
;;
;;
;;
;;
;;
;;
;;
;;
;;
;;
;;
;;
;;
;;
;;
;;
;;
;;
;;
;;
;;
;;
;;
;;
;;
;;
;;
;;
;;
;;
;;
;;
;;
;;
;;
;;
;;
;;
;;
;;
;;
;;
;;
;;
;;
;;
;;
;;
;;
;;
;;
;;
;;
;;
;;
;;
;;
;;
;;
;;
;;
;;
;;
;;
;;
;;
;;
;;
;;
;;
;;
;;
;;
;;
;;
;;
;;
;;
;;
;;
;;
;;
;;
;;
;;
;;
;;
;;
;;
;;
;;
;;
;;
;;
;;
;;
;;
;;
;;
;;
;;
;;
;;
;;
;;
;;
;;
;;
;;
;;
;;
;;
;;
;;
;;
;;
;;
;;
;;
;;
;;
;;
;;
;;
;;
;;
;;
;;
;;
;;
;;
;;
;;
;;
;;
;;
;;
;;
;;
;;
;;
;;
;;
;;
;;
;;
;;
;;
;;
;;
;;
;;
;;
;;
;;
;;
;;
;;
;;
;;
;;
;;
;;
;;
;;
;;
;;
;;
;;
;;
;;
;;
;;
;;
;;
;;
;;
;;
;;
;;
;;
;;
;;
;;
;;
;;
;;
;;
;;
;;
;;
;;
;;
;;
;;
;;
;;
;;
;;
;;
;;
;;
;;
;;
;;
;;
;;
;;
;;
;;
;;
;;
;;
;;
;;
;;
;;
;;
;;
;;
;;
;;
;;
;;
;;
;;
;;
;;
;;
;;
;;
;;
;;
;;
;;
;;
;;
;;
;;
;;
;;
;;
;;
;;
;;
;;
;;
;;
;;
;;
;;
;;
;;
;;
;;
;;
;;
;;
;;
;;
;;
;;
;;
;;
;;
;;
;;
;;
;;
;;
;;
;;
;;
;;
;;
;;
;;
;;
;;
;;
;;
;;
;;
;;
;;
;;
;;
;;
;;
;;
;;
;;
;;
;;
;;
;;
;;
;;
;;
;;
;;
;;
;;
;;
;;
;;
;;
;;
;;
;;
;;
;;
;;
;;
;;
;;
;;
;;
;;
;;
;;
;;
;;
;;
;;
;;
;;
;;
;;
;;
;;
;;
;;
;;
;;
;;
;;
;;
;;
;;
;;
;;
;;
;;
;;
;;
;;
;;
;;
;;
;;
;;
;;
;;
;;
;;
;;
;;
;;
;;
;;
;;
;;
;;
;;
;;
;;
;;
;;
;;
;;
;;
;;
;;
;;
;;
;;
;;
;;
;;
;;
;;
;;
;;
;;
;;
;;
;;
;;
;;
;;
;;
;;
;;
;;
;;
;;
;;
;;
;;
;;
;;
;;
;;
;;
;;
;;
;;
;;
;;
;;
;;
;;
;;
;;
;;
;;
;;
;;
;;
;;
;;
;;
;;
;;
;;
;;
;;
;;
;;
;;
;;
;;
;;
;;
;;
;;
;;
;;
;;
;;
;;
;;
;;
;;
;;
;;
;;
;;
;;
;;
;;
;;
;;
;;
;;
;;
;;
;;
;;
;;
;;
;;
;;
;;
;;
;;
;;
;;
;;
;;
;;
;;
;;
;;
;;
;;
;;
;;
;;
;;
;;
;;
;;
;;
;;
;;
;;
;;
;;
;;
;;
;;
;;
;;
;;
;;
;;
;;
;;
;;
;;
;;
;;
;;
;;
;;
;;
;;
;;
;;
;;
;;
;;
;;
;;
;;
;;
;;
;;
;;
;;
;;
;;
;;
;;
;;
;;
;;
;;
;;
;;
;;
;;
;;
;;
;;
;;
;;
;;
;;
;;
;;
;;
;;
;;
;;
;;
;;
;;
;;
;;
;;
;;
;;
;;
;;
;;
;;
;;
;;
;;
;;
;;
;;
;;
;;
;;
;;
;;
;;
;;
;;
;;
;;
;;
;;
;;
;;
;;
;;
;;
;;
;;
;;
;;
;;
;;
;;
;;
;;
;;
;;
;;
;;
;;
;;
;;
;;
;;
;;
;;
;;
;;
;;
;;
;;
;;
;;
;;
;;
;;
;;
;;
;;
;;
;;
;;
;;
;;
;;
;;
;;
;;
;;
;;
;;
;;
;;
;;
;;
;;
;;
;;
;;
;;
;;
;;
;;
;;
;;
;;
;;
;;
;;
;;
;;
;;
;;
;;
;;
;;
;;
;;
;;
;;
;;
;;
;;
;;
;;
;;
;;
;;
;;
;;
;;
;;
;;
;;
;;
;;
;;
;;
;;
;;
;;
;;
;;
;;
;;
;;
;;
;;
;;
;;
;;
;;
;;
;;
;;
;;
;;
;;
;;
;;
;;
;;
;;
;;
;;
;;
;;
;;
;;
;;
;;
;;
;;
;;
;;
;;
;;
;;
;;
;;
;;
;;
;;
;;
;;
;;
;;
;;
;;
;;
;;
;;
;;
;;
;;
;;
;;
;;
;;
;;
;;
;;
;;
;;
;;
;;
;;
;;
;;
;;
;;
;;
;;
;;
;;
;;
;;
;;
;;
;;
;;
;;
;;
;;
;;
;;
;;
;;
;;
;;
;;
;;
;;
;;
;;
;;
;;
;;
;;
;;
;;
;;
;;
;;
;;
;;
;;
;;
;;
;;
;;
;;
;;
;;
;;
;;
;;
;;
;;
;;
;;
;;
;;
;;
;;
;;
;;
;;
;;
;;
;;
;;
;;
;;
;;
;;
;;
;;
;;
;;
;;
;;
;;
;;
;;
;;
;;
;;
;;
;;
;;
;;
;;
;;
;;
;;
;;
;;
;;
;;
;;
;;
;;
;;
;;
;;
;;
;;
;;
;;
;;
;;
;;
;;
;;
;;
;;
;;
;;
;;
;;
;;
;;
;;
;;
;;
;;
;;
;;
;;
;;
;;
;;
;;
;;
;;
;;
;;
;;
;;
;;
;;
;;
;;
;;
;;
;;
;;
;;
;;
;;
;;
;;
;;
;;
;;
;;
;;
;;
;;
;;
;;
;;
;;
;;
;;
;;
;;
;;
;;
;;
;;
;;
;;
;;
;;
;;
;;
;;
;;
;;
;;
;;
;;
;;
;;
;;
;;
;;
;;
;;
;;
;;
;;
;;
;;
;;
;;
;;
;;
;;
;;
;;
;;
;;
;;
;;
;;
;;
;;
;;
;;
;;
;;
;;
;;
;;
;;
;;
;;
;;
;;
;;
;;
;;
;;
;;
;;
;;
;;
;;
;;
;;
;;
;;
;;
;;
;;
;;
;;
;;
;;
;;
;;
;;
;;
;;
;;
;;
;;
;;
;;
;;
;;
;;
;;
;;
;;
;;
;;
;;
;;
;;
;;
;;
;;
;;
;;
;;
;;
;;
;;
;;
;;
;;
;;
;;
;;
;;
;;
;;
;;
;;
;;
;;
;;
;;
;;
;;
;;
;;
;;
;;
;;
;;
;;
;;
;;
;;
;;
;;
;;
;;
;;
;;
;;
;;
;;
;;
;;
;;
;;
;;
;;
;;
;;
;;
;;
;;
;;
;;
;;
;;
;;
;;
;;
;;
;;
;;
;;
;;
;;
;;
;;
;;
;;
;;
;;
;;
;;
;;
;;
;;
;;
;;
;;
;;
;;
;;
;;
;;
;;
;;
;;
;;
;;
;;
;;
;;
;;
;;
;;
;;
;;
;;
;;
;;
;;
;;
;;
;;
;;
;;
;;
;;
;;
;;
;;
;;
;;
;;
;;
;;
;;
;;
;;
;;
;;
;;
;;
;;
;;
;;
;;
;;
;;
;;
;;
;;
;;
;;
;;
;;
;;
;;
;;
;;
;;
;;
;;
;;
;;
;;
;;
;;
;;
;;
;;
;;
;;
;;
;;
;;
;;
;;
;;
;;
;;
;;
;;
;;
;;
;;
;;
;;
;;
;;
;;
;;
;;
;;
;;
;;
;;
;;
;;
;;
;;
;;
;;
;;
;;
;;
;;
;;
;;
;;
;;
;;
;;
;;
;;
;;
;;
;;
;;
;;
;;
;;
;;
;;
;;
;;
;;
;;
;;
;;
;;
;;
;;
;;
;;
;;
;;
;;
;;
;;
;;
;;
;;
;;
;;
;;
;;
;;
;;
;;
;;
;;
;;
;;
;;
;;
;;
;;
;;
;;
;;
;;
;;
;;
;;
;;
;;
;;
;;
;;
;;
;;
;;
;;
;;
;;
;;
;;
;;
;;
;;
;;
;;
;;
;;
;;
;;
;;
;;
;;
;;
;;
;;
;;
;;
;;
;;
;;
;;
;;
;;
;;
;;
;;
;;
;;
;;
;;
;;
;;
;;
;;
;;
;;
;;
;;
;;
;;
;;
;;
;;
;;
;;
;;
;;
;;
;;
;;
;;
;;
;;
;;
;;
;;
;;
;;
;;
;;
;;
;;
;;
;;
;;
;;
;;
;;
;;
;;
;;
;;
;;
;;
;;
;;
;;
;;
;;
;;
;;
;;
;;
;;
;;
;;
;;
;;
;;
;;
;;
;;
;;
;;
;;
;;
;;
;;
;;
;;
;;
;;
;;
;;
;;
;;
;;
;;
;;
;;
;;
;;
;;
;;
;;
;;
;;
;;
;;
;;
;;
;;
;;
;;
;;
;;
;;
;;
;;
;;
;;
;;
;;
;;
;;
;;
;;
;;
;;
;;
;;
;;
;;
;;
;;
;;
;;
;;
;;
;;
;;
;;
;;
;;
;;
;;
;;
;;
;;
;;
;;
;;
;;
;;
;;
;;
;;
;;
;;
;;
;;
;;
;;
;;
;;
;;
;;
;;
;;
;;
;;
;;
;;
;;
;;
;;
;;
;;
;;
;;
;;
;;
;;
;;
;;
;;
;;
;;
;;
;;
;;
;;
;;
;;
;;
;;
;;
;;
;;
;;
;;
;;
;;
;;
;;
;;
;;
;;
;;
;;
;;
;;
;;
;;
;;
;;
;;
;;
;;
;;
;;
;;
;;
;;
;;
;;
;;
;;
;;
;;
;;
;;
;;
;;
;;
;;
;;
;;
;;
;;
;;
;;
;;
;;
;;
;;
;;
;;
;;
;;
;;
;;
;;
;;
;;
;;
;;
;;
;;
;;
;;
;;
;;
;;
;;
;;
;;
;;
;;
;;
;;
;;
;;
;;
;;
;;
;;
;;
;;
;;
;;
;;
;;
;;
;;
;;
;;
;;
;;
;;
;;
;;
;;
;;
;;
;;
;;
;;
;;
;;
;;
;;
;;
;;
;;
;;
;;
;;
;;
;;
;;
;;
;;
;;
;;
;;
;;
;;
;;
;;
;;
;;
;;
;;
;;
;;
;;
;;
;;
;;
;;
;;
;;
;;
;;
;;
;;
;;
;;
;;
;;
;;
;;
;;
;;
;;
;;
;;
;;
;;
;;
;;
;;
;;
;;
;;
;;
;;
;;
;;
;;
;;
;;
;;
;;
;;
;;
;;
;;
;;
;;
;;
;;
;;
;;
;;
;;
;;
;;
;;
;;
;;
;;
;;
;;
;;
;;
;;
;;
;;
;;
;;
;;
;;
;;
;;
;;
;;
;;
;;
;;
;;
;;
;;
;;
;;
;;
;;
;;
;;
;;
;;
;;
;;
;;
;;
;;
;;
;;
;;
;;
;;
;;
;;
;;
;;
;;
;;
;;
;;
;;
;;
;;
;;
;;
;;
;;
;;
;;
;;
;;
;;
;;
;;
;;
;;
;;
;;
;;
;;
;;
;;
;;
;;
;;
;;
;;
;;
;;
;;
;;
;;
;;
;;
;;
;;
;;
;;
;;
;;
;;
;;
;;
;;
;;
;;
;;
;;
;;
;;
;;
;;
;;
;;
;;
;;
;;
;;
;;
;;
;;
;;
;;
;;
;;
;;
;;
;;
;;
;;
;;
;;
;;
;;
;;
;;
;;
;;
;;
;;
;;
;;
;;
;;
;;
;;
;;
;;
;;
;;
;;
;;
;;
;;
;;
;;
;;
;;
;;
;;
;;
;;
;;
;;
;;
;;
;;
;;
;;
;;
;;
;;
;;
;;
;;
;;
;;
;;
;;
;;
;;
;;
;;
;;
;;
;;
;;
;;
;;
;;
;;
;;
;;
;;
;;
;;
;;
;;
;;
;;
;;
;;
;;
;;
;;
;;
;;
;;
;;
;;
;;
;;
;;
;;
;;
;;
;;
;;
;;
;;
;;
;;
;;
;;
;;
;;
;;
;;
;;
;;
;;
;;
;;
;;
;;
;;
;;
;;
;;
;;
;;
;;
;;
;;
;;
;;
;;
;;
;;
;;
;;
;;
;;
;;
;;
;;
;;
;;
;;
;;
;;
;;
;;
;;
;;
;;
;;
;;
;;
;;
;;
;;
;;
;;
;;
;;
;;
;;
;;
;;
;;
;;
;;
;;
;;
;;
;;
;;
;;
;;
;;
;;
;;
;;
;;
;;
;;
;;
;;
;;
;;
;;
;;
;;
;;
;;
;;
;;
;;
;;
;;
;;
;;
;;
;;
;;
;;
;;
;;
;;
;;
;;
;;
;;
;;
;;
;;
;;
;;
;;
;;
;;
;;
;;
;;
;;
;;
;;
;;
;;
;;
;;
;;
;;
;;
;;
;;
;;
;;
;;
;;
;;
;;
;;
;;
;;
;;
;;
;;
;;
;;
;;
;;
;;
;;
;;
;;
;;
;;
;;
;;
;;
;;
;;
;;
;;
;;
;;
;;
;;
;;
;;
;;
;;
;;
;;
;;
;;
;;
;;
;;
;;
;;
;;
;;
;;
;;
;;
;;
;;
;;
;;
;;
;;
;;
;;
;;
;;
;;
;;
;;
;;
;;
;;
;;
;;
;;
;;
;;
;;
;;
;;
;;
;;
;;
;;
;;
;;
;;
;;
;;
;;
;;
;;
;;
;;
;;
;;
;;
;;
;;
;;
;;
;;
;;
;;
;;
;;
;;
;;
;;
;;
;;
;;
;;
;;
;;
;;
;;
;;
;;
;;
;;
;;
;;
;;
;;
;;
;;
;;
;;
;;
;;
;;
;;
;;
;;
;;
;;
;;
;;
;;
;;
;;
;;
;;
;;
;;
;;
;;
;;
;;
;;
;;
;;
;;
;;
;;
;;
;;
;;
;;
;;
;;
;;
;;
;;
;;
;;
;;
;;
;;
;;
;;
;;
;;
;;
;;
;;
;;
;;
;;
;;
;;
;;
;;
;;
;;
;;
;;
;;
;;
;;
;;
;;
;;
;;
;;
;;
;;
;;
;;
;;
;;
;;
;;
;;
;;
;;
;;
;;
;;
;;
;;
;;
;;
;;
;;
;;
;;
;;
;;
;;
;;
;;
;;
;;
;;
;;
;;
;;
;;
;;
;;
;;
;;
;;
;;
;;
;;
;;
;;
;;
;;
;;
;;
;;
;;
;;
;;
;;
;;
;;
;;
;;
;;
;;
;;
;;
;;
;;
;;
;;
;;
;;
;;
;;
;;
;;
;;
;;
;;
;;
;;
;;
;;
;;
;;
;;
;;
;;
;;
;;
;;
;;
;;
;;
;;
;;
;;
;;
;;
;;
;;
;;
;;
;;
;;
;;
;;
;;
;;
;;
;;
;;
;;
;;
;;
;;
;;
;;
;;
;;
;;
;;
;;
;;
;;
;;
;;
;;
;;
;;
;;
;;
;;
;;
;;
;;
;;
;;
;;
;;
;;
;;
;;
;;
;;
;;
;;
;;
;;
;;
;;
;;
;;
;;
;;
;;
;;
;;
;;
;;
;;
;;
;;
;;
;;
;;
;;
;;
;;
;;
;;
;;
;;
;;
;;
;;
;;
;;
;;
;;
;;
;;
;;
;;
;;
;;
;;
;;
;;
;;
;;
;;
;;
;;
;;
;;
;;
;;
;;
;;
;;
;;
;;
;;
;;
;;
;;
;;
;;
;;
;;
;;
;;
;;
;;
;;
;;
;;
;;
;;
;;
;;
;;
;;
;;
;;
;;
;;
;;
;;
;;
;;
;;
;;
;;
;;
;;
;;
;;
;;
;;
;;
;;
;;
;;
;;
;;
;;
;;
;;
;;
;;
;;
;;
;;
;;
;;
;;
;;
;;
;;
;;
;;
;;
;;
;;
;;
;;
;;
;;
;;
;;
;;
;;
;;
;;
;;
;;
;;
;;
;;
;;
;;
;;
;;
;;
;;
;;
;;
;;
;;
;;
;;
;;
;;
;;
;;
;;
;;
;;
;;
;;
;;
;;
;;
;;
;;
;;
;;
;;
;;
;;
;;
;;
;;
;;
;;
;;
;;
;;
;;
;;
;;
;;
;;
;;
;;
;;
;;
;;
;;
;;
;;
;;
;;
;;
;;
;;
;;
;;
;;
;;
;;
;;
;;
;;
;;
;;
;;
;;
;;
;;
;;
;;
;;
;;
;;
;;
;;
;;
;;
;;
;;
;;
;;
;;
;;
;;
;;
;;
;;
;;
;;
;;
;;
;;
;;
;;
;;
;;
;;
;;
;;
;;
;;
;;
;;
;;
;;
;;
;;
;;
;;
;;
;;
;;
;;
;;
;;
;;
;;
;;
;;
;;
;;
;;
;;
;;
;;
;;
;;
;;
;;
;;
;;
;;
;;
;;
;;
;;
;;
;;
;;
;;
;;
;;
;;
;;
;;
;;
;;
;;
;;
;;
;;
;;
;;
;;
;;
;;
;;
;;
;;
;;
;;
;;
;;
;;
;;
;;
;;
;;
;;
;;
;;
;;
;;
;;
;;
;;
;;
;;
;;
;;
;;
;;
;;
;;
;;
;;
;;
;;
;;
;;
;;
;;
;;
;;
;;
;;
;;
;;
;;
;;
;;
;;
;;
;;
;;
;;
;;
;;
;;
;;
;;
;;
;;
;;
;;
;;
;;
;;
;;
;;
;;
;;
;;
;;
;;
;;
;;
;;
;;
;;
;;
;;
;;
;;
;;
;;
;;
;;
;;
;;
;;
;;
;;
;;
;;
;;
;;
;;
;;
;;
;;
;;
;;
;;
;;
;;
;;
;;
;;
;;
;;
;;
;;
;;
;;
;;
;;
;;
;;
;;
;;
;;
;;
;;
;;
;;
;;
;;
;;
;;
;;
;;
;;
;;
;;
;;
;;
;;
;;
;;
;;
;;
;;
;;
;;
;;
;;
;;
;;
;;
;;
;;
;;
;;
;;
;;
;;
;;
;;
;;
;;
;;
;;
;;
;;
;;
;;
;;
;;
;;
;;
;;
;;
;;
;;
;;
;;
;;
;;
;;
;;
;;
;;
;;
;;
;;
;;
;;
;;
;;
;;
;;
;;
;;
;;
;;
;;
;;
;;
;;
;;
;;
;;
;;
;;
;;
;;
;;
;;
;;
;;
;;
;;
;;
;;
;;
;;
;;
;;
;;
;;
;;
;;
;;
;;
;;
;;
;;
;;
;;
;;
;;
;;
;;
;;
;;
;;
;;
;;
;;
;;
;;
;;
;;
;;
;;
;;
;;
;;
;;
;;
;;
;;
;;
;;
;;
;;
;;
;;
;;
;;
;;
;;
;;
;;
;;
;;
;;
;;
;;
;;
;;
;;
;;
;;
;;
;;
;;
;;
;;
;;
;;
;;
;;
;;
;;
;;
;;
;;
;;
;;
;;
;;
;;
;;
;;
;;
;;
;;
;;
;;
;;
;;
;;
;;
;;
;;
;;
;;
;;
;;
;;
;;
;;
;;
;;
;;
;;
;;
;;
;;
;;
;;
;;
;;
;;
;;
;;
;;
;;
;;
;;
;;
;;
;;
;;
;;
;;
;;
;;
;;
;;
;;
;;
;;
;;
;;
;;
;;
;;
;;
;;
;;
;;
;;
;;
;;
;;
;;
;;
;;
;;
;;
;;
;;
;;
;;
;;
;;
;;
;;
;;
;;
;;
;;
;;
;;
;;
;;
;;
;;
;;
;;
;;
;;
;;
;;
;;
;;
;;
;;
;;
;;
;;
;;
;;
;;
;;
;;
;;
;;
;;
;;
;;
;;
;;
;;
;;
;;
;;
;;
;;
;;
;;
;;
;;
;;
;;
;;
;;
;;
;;
;;
;;
;;
;;
;;
;;
;;
;;
;;
;;
;;
;;
;;
;;
;;
;;
;;
;;
;;
;;
;;
;;
;;
;;
;;
;;
;;
;;
;;
;;
;;
;;
;;
;;
;;
;;
;;
;;
;;
;;
;;
;;
;;
;;
;;
;;
;;
;;
;;
;;
;;
;;
;;
;;
;;
;;
;;
;;
;;
;;
;;
;;
;;
;;
;;
;;
;;
;;
;;
;;
;;
;;
;;
;;
;;
;;
;;
;;
;;
;;
;;
;;
;;
;;
;;
;;
;;
;;
;;
;;
;;
;;
;;
;;
;;
;;
;;
;;
;;
;;
;;
;;
;;
;;
;;
;;
;;
;;
;;
;;
;;
;;
;;
;;
;;
;;
;;
;;
;;
;;
;;
;;
;;
;;
;;
;;
;;
;;
;;
;;
;;
;;
;;
;;
;;
;;
;;
;;
;;
;;
;;
;;
;;
;;
;;
;;
;;
;;
;;
;;
;;
;;
;;
;;
;;
;;
;;
;;
;;
;;
;;
;;
;;
;;
;;
;;
;;
;;
;;
;;
;;
;;
;;
;;
;;
;;
;;
;;
;;
;;
;;
;;
;;
;;
;;
;;
;;
;;
;;
;;
;;
;;
;;
;;
;;
;;
;;
;;
;;
;;
;;
;;
;;
;;
;;
;;
;;
;;
;;
;;
;;
;;
;;
;;
;;
;;
;;
;;
;;
;;
;;
;;
;;
;;
;;
;;
;;
;;
;;
;;
;;
;;
;;
;;
;;
;;
;;
;;
;;
;;
;;
;;
;;
;;
;;
;;
;;
;;
;;
;;
;;
;;
;;
;;
;;
;;
;;
;;
;;
;;
;;
;;
;;
;;
;;
;;
;;
;;
;;
;;
;;
;;
;;
;;
;;
;;
;;
;;
;;
;;
;;
;;
;;
;;
;;
;;
;;
;;
;;
;;
;;
;;
;;
;;
;;
;;
;;
;;
;;
;;
;;
;;
;;
;;
;;
;;
;;
;;
;;
;;
;;
;;
;;
;;
;;
;;
;;
;;
;;
;;
;;
;;
;;
;;
;;
;;
;;
;;
;;
;;
;;
;;
;;
;;
;;
;;
;;
;;
;;
;;
;;
;;
;;
;;
;;
;;
;;
;;
;;
;;
;;
;;
;;
;;
;;
;;
;;
;;
;;
;;
;;
;;
;;
;;
;;
;;
;;
;;
;;
;;
;;
;;
;;
;;
;;
;;
;;
;;
;;
;;
;;
;;
;;
;;
;;
;;
;;
;;
;;
;;
;;
;;
;;
;;
;;
;;
;;
;;
;;
;;
;;
;;
;;
;;
;;
;;
;;
;;
;;
;;
;;
;;
;;
;;
;;
;;
;;
;;
;;
;;
;;
;;
;;
;;
;;
;;
;;
;;
;;
;;
;;
;;
;;
;;
;;
;;
;;
;;
;;
;;
;;
;;
;;
;;
;;
;;
;;
;;
;;
;;
;;
;;
;;
;;
;;
;;
;;
;;
;;
;;
;;
;;
;;
;;
;;
;;
;;
;;
;;
;;
;;
;;
;;
;;
;;
;;
;;
;;
;;
;;
;;
;;
;;
;;
;;
;;
;;
;;
;;
;;
;;
;;
;;
;;
;;
;;
;;
;;
;;
;;
;;
;;
;;
;;
;;
;;
;;
;;
;;
;;
;;
;;
;;
;;
;;
;;
;;
;;
;;
;;
;;
;;
;;
;;
;;
;;
;;
;;
;;
;;
;;
;;
;;
;;
;;
;;
;;
;;
;;
;;
;;
;;
;;
;;
;;
;;
;;
;;
;;
;;
;;
;;
;;
;;
;;
;;
;;
;;
;;
;;
;;
;;
;;
;;
;;
;;
;;
;;
;;
;;
;;
;;
;;
;;
;;
;;
;;
;;
;;
;;
;;
;;
;;
;;
;;
;;
;;
;;
;;
;;
;;
;;
;;
;;
;;
;;
;;
;;
;;
;;
;;
;;
;;
;;
;;
;;
;;
;;
;;
;;
;;
;;
;;
;;
;;
;;
;;
;;
;;
;;
;;
;;
;;
;;
;;
;;
;;
;;
;;
;;
;;
;;
;;
;;
;;
;;
;;
;;
;;
;;
;;
;;
;;
;;
;;
;;
;;
;;
;;
;;
;;
;;
;;
;;
;;
;;
;;
;;
;;
;;
;;
;;
;;
;;
;;
;;
;;
;;
;;
;;
;;
;;
;;
;;
;;
;;
;;
;;
;;
;;
;;
;;
;;
;;
;;
;;
;;
;;
;;
;;
;;
;;
;;
;;
;;
;;
;;
;;
;;
;;
;;
;;
;;
;;
;;
;;
;;
;;
;;
;;
;;
;;
;;
;;
;;
;;
;;
;;
;;
;;
;;
;;
;;
;;
;;
;;
;;
;;
;;
;;
;;
;;
;;
;;
;;
;;
;;
;;
;;
;;
;;
;;
;;
;;
;;
;;
;;
;;
;;
;;
;;
;;
;;
;;
;;
;;
;;
;;
;;
;;
;;
;;
;;
;;
;;
;;
;;
;;
;;
;;
;;
;;
;;
;;
;;
;;
;;
;;
;;
;;
;;
;;
;;
;;
;;
;;
;;
;;
;;
;;
;;
;;
;;
;;
;;
;;
;;
;;
;;
;;
;;
;;
;;
;;
;;
;;
;;
;;
;;
;;
;;
;;
;;
;;
;;
;;
;;
;;
;;
;;
;;
;;
;;
;;
;;
;;
;;
;;
;;
;;
;;
;;
;;
;;
;;
;;
;;
;;
;;
;;
;;
;;
;;
;;
;;
;;
;;
;;
;;
;;
;;
;;
;;
;;
;;
;;
;;
;;
;;
;;
;;
;;
;;
;;
;;
;;
;;
;;
;;
;;
;;
;;
;;
;;
;;
;;
;;
;;
;;
;;
;;
;;
;;
;;
;;
;;
;;
;;
;;
;;
;;
;;
;;
;;
;;
;;
;;
;;
;;
;;
;;
;;
;;
;;
;;
;;
;;
;;
;;
;;
;;
;;
;;
;;
;;
;;
;;
;;
;;
;;
;;
;;
;;
;;
;;
;;
;;
;;
;;
;;
;;
;;
;;
;;
;;
;;
;;
;;
;;
;;
;;
;;
;;
;;
;;
;;
;;
;;
;;
;;
;;
;;
;;
;;
;;
;;
;;
;;
;;
;;
;;
;;
;;
;;
;;
;;
;;
;;
;;
;;
;;
;;
;;
;;
;;
;;
;;
;;
;;
;;
;;
;;
;;
;;
;;
;;
;;
;;
;;
;;
;;
;;
;;
;;
;;
;;
;;
;;
;;
;;
;;
;;
;;
;;
;;
;;
;;
;;
;;
;;
;;
;;
;;
;;
;;
;;
;;
;;
;;
;;
;;
;;
;;
;;
;;
;;
;;
;;
;;
;;
;;
;;
;;
;;
;;
;;
;;
;;
;;
;;
;;
;;
;;
;;
;;
;;
;;
;;
;;
;;
;;
;;
;;
;;
;;
;;
;;
;;
;;
;;
;;
;;
;;
;;
;;
;;
;;
;;
;;
;;
;;
;;
;;
;;
;;
;;
;;
;;
;;
;;
;;
;;
;;
;;
;;
;;
;;
;;
;;
;;
;;
;;
;;
;;
;;
;;
;;
;;
;;
;;
;;
;;
;;
;;
;;
;;
;;
;;
;;
;;
;;
;;
;;
;;
;;
;;
;;
;;
;;
;;
;;
;;
;;
;;
;;
;;
;;
;;
;;
;;
;;
;;
;;
;;
;;
;;
;;
;;
;;
;;
;;
;;
;;
;;
;;
;;
;;
;;
;;
;;
;;
;;
;;
;;
;;
;;
;;
;;
;;
;;
;;
;;
;;
;;
;;
;;
;;
;;
;;
;;
;;
;;
;;
;;
;;
;;
;;
;;
;;
;;
;;
;;
;;
;;
;;
;;
;;
;;
;;
;;
;;
;;
;;
;;
;;
;;
;;
;;
;;
;;
;;
;;
;;
;;
;;
;;
;;
;;
;;
;;
;;
;;
;;
;;
;;
;;
;;
;;
;;
;;
;;
;;
;;
;;
;;
;;
;;
;;
;;
;;
;;
;;
;;
;;
;;
;;
;;
;;
;;
;;
;;
;;
;;
;;
;;
;;
;;
;;
;;
;;
;;
;;
;;
;;
;;
;;
;;
;;
;;
;;
;;
;;
;;
;;
;;
;;
;;
;;
;;
;;
;;
;;
;;
;;
;;
;;
;;
;;
;;
;;
;;
;;
;;
;;
;;
;;
;;
;;
;;
;;
;;
;;
;;
;;
;;
;;
;;
;;
;;
;;
;;
;;
;;
;;
;;
;;
;;
;;
;;
;;
;;
;;
;;
;;
;;
;;
;;
;;
;;
;;
;;
;;
;;
;;
;;
;;
;;
;;
;;
;;
;;
;;
;;
;;
;;
;;
;;
;;
;;
;;
;;
;;
;;
;;
;;
;;
;;
;;
;;
;;
;;
;;
;;
;;
;;
;;
;;
;;
;;
;;
;;
;;
;;
;;
;;
;;
;;
;;
;;
;;
;;
;;
;;
;;
;;
;;
;;
;;
;;
;;
;;
;;
;;
;;
;;
;;
;;
;;
;;
;;
;;
;;
;;
;;
;;
;;
;;
;;
;;
;;
;;
;;
;;
;;
;;
;;
;;
;;
;;
;;
;;
;;
;;
;;
;;
;;
;;
;;
;;
;;
;;
;;
;;
;;
;;
;;
;;
;;
;;
;;
;;
;;
;;
;;
;;
;;
;;
;;
;;
;;
;;
;;
;;
;;
;;
;;
;;
;;
;;
;;
;;
;;
;;
;;
;;
;;
;;
;;
;;
;;
;;
;;
;;
;;
;;
;;
;;
;;
;;
;;
;;
;;
;;
;;
;;
;;
;;
;;
;;
;;
;;
;;
;;
;;
;;
;;
;;
;;
;;
;;
;;
;;
;;
;;
;;
;;
;;
;;
;;
;;
;;
;;
;;
;;
;;
;;
;;
;;
;;
;;
;;
;;
;;
;;
;;
;;
;;
;;
;;
;;
;;
;;
;;
;;
;;
;;
;;
;;
;;
;;
;;
;;
;;
;;
;;
;;
;;
;;
;;
;;
;;
;;
;;
;;
;;
;;
;;
;;
;;
;;
;;
;;
;;
;;
;;
;;
;;
;;
;;
;;
;;
;;
;;
;;
;;
;;
;;
;;
;;
;;
;;
;;
;;
;;
;;
;;
;;
;;
;;
;;
;;
;;
;;
;;
;;
;;
;;
;;
;;
;;
;;
;;
;;
;;
;;
;;
;;
;;
;;
;;
;;
;;
;;
;;
;;
;;
;;
;;
;;
;;
;;
;;
;;
;;
;;
;;
;;
;;
;;
;;
;;
;;
;;
;;
;;
;;
;;
;;
;;
;;
;;
;;
;;
;;
;;
;;
;;
;;
;;
;;
;;
;;
;;
;;
;;
;;
;;
;;
;;
;;
;;
;;
;;
;;
;;
;;
;;
;;
;;
;;
;;
;;
;;
;;
;;
;;
;;
;;
;;
;;
;;
;;
;;
;;
;;
;;
;;
;;
;;
;;
;;
;;
;;
;;
;;
;;
;;
;;
;;
;;
;;
;;
;;
;;
;;
;;
;;
;;
;;
;;
;;
;;
;;
;;
;;
;;
;;
;;
;;
;;
;;
;;
;;
;;
;;
;;
;;
;;
;;
;;
;;
;;
;;
;;
;;
;;
;;
;;
;;
;;
;;
;;
;;
;;
;;
;;
;;
;;
;;
;;
;;
;;
;;
;;
;;
;;
;;
;;
;;
;;
;;
;;
;;
;;
;;
;;
;;
;;
;;
;;
;;
;;
;;
;;
;;
;;
;;
;;
;;
;;
;;
;;
;;
;;
;;
;;
;;
;;
;;
;;
;;
;;
;;
;;
;;
;;
;;
;;
;;
;;
;;
;;
;;
;;
;;
;;
;;
;;
;;
;;
;;
;;
;;
;;
;;
;;
;;
;;
;;
;;
;;
;;
;;
;;
;;
;;
;;
;;
;;
;;
;;
;;
;;
;;
;;
;;
;;
;;
;;
;;
;;
;;
;;
;;
;;
;;
;;
;;
;;
;;
;;
;;
;;
;;
;;
;;
;;
;;
;;
;;
;;
;;
;;
;;
;;
;;
;;
;;
;;
;;
;;
;;
;;
;;
;;
;;
;;
;;
;;
;;
;;
;;
;;
;;
;;
;;
;;
;;
;;
;;
;;
;;
;;
;;
;;
;;
;;
;;
;;
;;
;;
;;
;;
;;
;;
;;
;;
;;
;;
;;
;;
;;
;;
;;
;;
;;
;;
;;
;;
;;
;;
;;
;;
;;
;;
;;
;;
;;
;;
;;
;;
;;
;;
;;
;;
;;
;;
;;
;;
;;
;;
;;
;;
;;
;;
;;
;;
;;
;;
;;
;;
;;
;;
;;
;;
;;
;;
;;
;;
;;
;;
;;
;;
;;
;;
;;
;;
;;
;;
;;
;;
;;
;;
;;
;;
;;
;;
;;
;;
;;
;;
;;
;;
;;
;;
;;
;;
;;
;;
;;
;;
;;
;;
;;
;;
;;
;;
;;
;;
;;
;;
;;
;;
;;
;;
;;
;;
;;
;;
;;
;;
;;
;;
;;
;;
;;
;;
;;
;;
;;
;;
;;
;;
;;
;;
;;
;;
;;
;;
;;
;;
;;
;;
;;
;;
;;
;;
;;
;;
;;
;;
;;
;;
;;
;;
;;
;;
;;
;;
;;
;;
;;
;;
;;
;;
;;
;;
;;
;;
;;
;;
;;
;;
;;
;;
;;
;;
;;
;;
;;
;;
;;
;;
;;
;;
;;
;;
;;
;;
;;
;;
;;
;;
;;
;;
;;
;;
;;
;;
;;
;;
;;
;;
;;
;;
;;
;;
;;
;;
;;
;;
;;
;;
;;
;;
;;
;;
;;
;;
;;
;;
;;
;;
;;
;;
;;
;;
;;
;;
;;
;;
;;
;;
;;
;;
;;
;;
;;
;;
;;
;;
;;
;;
;;
;;
;;
;;
;;
;;
;;
;;
;;
;;
;;
;;
;;
;;
;;
;;
;;
;;
;;
;;
;;
;;
;;
;;
;;
;;
;;
;;
;;
;;
;;
;;
;;
;;
;;
;;
;;
;;
;;
;;
;;
;;
;;
;;
;;
;;
;;
;;
;;
;;
;;
;;
;;
;;
;;
;;
;;
;;
;;
;;
;;
;;
;;
;;
;;
;;
;;
;;
;;
;;
;;
;;
;;
;;
;;
;;
;;
;;
;;
;;
;;
;;
;;
;;
;;
;;
;;
;;
;;
;;
;;
;;
;;
;;
;;
;;
;;
;;
;;
;;
;;
;;
;;
;;
;;
;;
;;
;;
;;
;;
;;
;;
;;
;;
;;
;;
;;
;;
;;
;;
;;
;;
;;
;;
;;
;;
;;
;;
;;
;;
;;
;;
;;
;;
;;
;;
;;
;;
;;
;;
;;
;;
;;
;;
;;
;;
;;
;;
;;
;;
;;
;;
;;
;;
;;
;;
;;
;;
;;
;;
;;
;;
;;
;;
;;
;;
;;
;;
;;
;;
;;
;;
;;
;;
;;
;;
;;
;;
;;
;;
;;
;;
;;
;;
;;
;;
;;
;;
;;
;;
;;
;;
;;
;;
;;
;;
;;
;;
;;
;;
;;
;;
;;
;;
;;
;;
;;
;;
;;
;;
;;
;;
;;
;;
;;
;;
;;
;;
;;
;;
;;
;;
;;
;;
;;
;;
;;
;;
;;
;;
;;
;;
;;
;;
;;
;;
;;
;;
;;
;;
;;
;;
;;
;;
;;
;;
;;
;;
;;
;;
;;
;;
;;
;;
;;
;;
;;
;;
;;
;;
;;
;;
;;
;;
;;
;;
;;
;;
;;
;;
;;
;;
;;
;;
;;
;;
;;
;;
;;
;;
;;
;;
;;
;;
;;
;;
;;
;;
;;
;;
;;
;;
;;
;;
;;
;;
;;
;;
;;
;;
;;
;;
;;
;;
;;
;;
;;
;;
;;
;;
;;
;;
;;
;;
;;
;;
;;
;;
;;
;;
;;
;;
;;
;;
;;
;;
;;
;;
;;
;;
;;
;;
;;
;;
;;
;;
;;
;;
;;
;;
;;
;;
;;
;;
;;
;;
;;
;;
;;
;;
;;
;;
;;
;;
;;
;;
;;
;;
;;
;;
;;
;;
;;
;;
;;
;;
;;
;;
;;
;;
;;
;;
;;
;;
;;
;;
;;
;;
;;
;;
;;
;;
;;
;;
;;
;;
;;
;;
;;
;;
;;
;;
;;
;;
;;
;;
;;
;;
;;
;;
;;
;;
;;
;;
;;
;;
;;
;;
;;
;;
;;
;;
;;
;;
;;
;;
;;
;;
;;
;;
;;
;;
;;
;;
;;
;;
;;
;;
;;
;;
;;
;;
;;
;;
;;
;;
;;
;;
;;
;;
;;
;;
;;
;;
;;
;;
;;
;;
;;
;;
;;
;;
;;
;;
;;
;;
;;
;;
;;
;;
;;
;;
;;
;;
;;
;;
;;
;;
;;
;;
;;
;;
;;
;;
;;
;;
;;
;;
;;
;;
;;
;;
;;
;;
;;
;;
;;
;;
;;
;;
;;
;;
;;
;;
;;
;;
;;
;;
;;
;;
;;
;;
;;
;;
;;
;;
;;
;;
;;
;;
;;
;;
;;
;;
;;
;;
;;
;;
;;
;;
;;
;;
;;
;;
;;
;;
;;
;;
;;
;;
;;
;;
;;
;;
;;
;;
;;
;;
;;
;;
;;
;;
;;
;;
;;
;;
;;
;;
;;
;;
;;
;;
;;
;;
;;
;;
;;
;;
;;
;;
;;
;;
;;
;;
;;
;;
;;
;;
;;
;;
;;
;;
;;
;;
;;
;;
;;
;;
;;
;;
;;
;;
;;
;;
;;
;;
;;
;;
;;
;;
;;
;;
;;
;;
;;
;;
;;
;;
;;
;;
;;
;;
;;
;;
;;
;;
;;
;;
;;
;;
;;
;;
;;
;;
;;
;;
;;
;;
