restaurant;address;neighborhood;addressGoogle
'Cesca;164 W 75th St.;West 70s;164 W 75th St
'Ino;21 Bedford St.;West Village;21 Bedford St
'Inoteca;98 Rivington St.;Lower East Side;98 Rivington St
'Wichcraft;11 E 20th St.;Flatiron;11 E 20th St
'Wichcraft;397 Greenwich St.;Tribeca;397 Greenwich St
1 Dominick;1 Dominick St.;Soho;1 Dominick St
107 West;811 W 187th St.;Washington Heights;811 W 187th St
11B Express;174 Ave. B;Chelsea;174 Avenue B
12 Chairs;56 MacDougal St.;Nolita;56 MacDougal St
1492;60 Clinton St.;Lower East Side;60 Clinton St
15 East;15 E. 15th Street;Union Square;E 15th St
16 Handles;153 2nd Ave.;East Village;153 2nd Ave
2 West;2 West St.;Financial District;2 West St
202 Cafe;Chelsea Mkt | 75 Ninth Ave.;Chelsea;75 9th Ave
21 Club;21 W 52nd St.;West 50s;21 W 52nd St
213 Grand Street Gourmet;213 Grand St.;Chinatown;213 Grand St
24 Prince;24 Prince St.;Noho;24 Prince St
26 Seats;168 Avenue B;East Village;168 Avenue B
41 Greenwich Avenue;41 Greenwich Avenue;West Village;41 Greenwich Ave
44 & X Hell's Kitchen;622 10th Ave.;West 40s;622 10th Ave
44 Southwest;621 9th Ave.;West 40s;621 9th Ave
5 Napkin Burger;630 Ninth Avenue;West 40s;630 9th Ave
5 Ninth;5 Ninth Ave.;Meatpacking District;5 9th Ave
7A Cafe;109 Avenue A;East Village;109 Avenue A
88 Orchard;88 Orchard St.;East Village;88 Orchard St
88 Palace;88 E Broadway;East Village;88 E Broadway
99 Miles to Philly;94 Third Ave.;East Village;94 3rd Ave
A;947 Columbus Ave.;West 100s;947 Columbus Ave
A & C Kitchen;136 Avenue C;East Village;136 Loisaida Ave
A Casa Fox;173 Orchard St.;Lower East Side;173 Orchard St
A La Turka;1417 Second Ave.;East 70s;1417 2nd Ave
A Salt and Battery;112 Greenwich Ave.;West Village;112 Greenwich Ave
A Voce;41 Madison Ave.;Flatiron;41 Madison Ave
A-1 Pizza Shop;505 Grand St.;East Village;505 Grand St
A.O.C.;314 Bleecker St.;West Village;314 Bleecker St
AJ Maxwell's Steakhouse;57 W. 48th St.;West 40s;57 W 48th St
AOC;314 Bleecker St.;West Village;314 Bleecker St
AQ Café, Scandinavia House;58 Park Ave.;Murray Hill;58 Park Ave
Abboccato;136 W 55th St.;West 50s;136 W 55th St
Abigael's on Broadway;1407 Broadway;Murray Hill;1407 Broadway
Abitino's;947 First Ave.;East 50s;947 1st Avenue
Above;234 W. 42nd St.;West 40s;234 W 42nd St
Abraco;86 E 7th St.;East Village;86 E 7th St
Absinthe Wine Bar;111 1st Ave.;East Village;111 1st Avenue
Aburiya Kinnosuke;213 E 45th St.;East 40s;213 E 45th St
Acapella;1 Hudson St.;Little Italy;1 Hudson St
Accademia di Vino;1081 3rd Ave.;East 60s;1081 3rd Ave
Acme Bar & Grill;9 Great Jones;Nolita;9 Great Jones St
Acme Underground;9 Great Jones;Greenwich Village;9 Great Jones St
Acqua;718 Amsterdam Ave.;West 90s;718 Amsterdam Ave
Acqua at Peck Slip;21 Peck St.;South Street Seaport;21 Peck St
Adriatic Pizzeria & Restaurant;321 First Ave.;East Village;321 1st Avenue
Adrienne's Pizzabar;54 Stone;Financial District;54 Stone St
Afghan Kebab House;1345 Second Ave.;East 70s;1345 2nd Ave
Afghan Kebab House;764 Ninth Ave.;West 50s;764 9th Ave
Africa Kine;256 W 116th St.;Harlem;256 W 116th St
Against the Grain;620 E 6th St.;East Village;620 E 6th St
Agave;140 Seventh Ave. S;West Village;140 7th Ave
Agozar Restaurant & Lounge;324 Bowery;Greenwich Village;324 Bowery
Agozar!;324 Bowery;Greenwich Village;324 Bowery
Aja;432 Sixth Ave.;Greenwich Village;432 6th Ave
Aja Asian Bistro & Lounge;1068 1st Ave.;East 50s;1068 1st Avenue
Aji Sushi;519 3rd Avenue;Murray Hill;519 3rd Ave
Akdeniz;19 W 46th St.;West 40s;19 W 46th St
Aki Sushi;366 W 52nd St.;West 50s;366 W 52nd St
Aki Sushi;1425 York Ave.;East 70s;1425 York Ave
Aki Sushi;121 E 27th St.;Gramercy Park;121 E 27th St
Akina Sushi;424 E 14th St.;East Village;424 E 14th St
Al Baraka;1613 Second Ave.;East 80s;1613 2nd Ave
Al Bustan;827 Third Ave.;East 50s;827 3rd Ave
Al Diwan;210 Avenue A.;East Village;210 Avenue A
Albert's Mofongo House;4762 Broadway;Inwood;4762 Broadway
Alcala;342 E 46th St.;East 40s;342 E 46th St
Alexandra;455 Hudson St.;West Village;455 Hudson St
Alfama;551 Hudson;West Village;551 Hudson St
Alfredo's of Rome;4 W 49th St.;West 40s;4 W 49th St
Ali Baba;212 E 34th St.;Murray Hill;212 E 34th St
Alias;76 Clinton St.;Lower East Side;76 Clinton St
Alibaba;515 Amsterdam Ave.;West 80s;515 Amsterdam Ave
Alice's Tea Cup;102 W. 73rd St.;West 70s;102 W 73rd St
Alidoro;105 Sullivan St.;Greenwich Village;105 Sullivan St
Allegretti;46 W 22nd St.;Chelsea;46 W 22nd St
Alloro Restaurant;307 East 77th St.;East 80s;307 E 77th St
Aloe;406 E 9th St.;East Village;406 E 9th St
Alto;520 Madison Ave.;East 50s;520 Madison Ave
Amarok Bar & Grill;32 Cliff St.;Financial District;32 Cliff St
Amarone;686 9th Ave.;West 40s;686 9th Ave
Amaya;234 E 4th St.;East Village;234 E 4th St
Amazing 66;66 Mott St.;Chinatown;66 Mott St
Ambassador Grill & Lounge;44 First Avenue;East 40s;44 1st Avenue
Amber;1406 Third Ave.;East 80s;1406 3rd Ave
Amber;221 Columbus Ave.;West 70s;221 Columbus Ave
Ambrosia;273 1st Ave.;East Village;273 1st Avenue
American East Fuzhou Restaurant;54 E Broadway;Chinatown;54 E Broadway
American Girl Place;609 5th Ave.;East 40s;609 5th Ave
American Grill;117 2nd Ave.;East Village;117 2nd Ave
Angelica Kitchen;300 E 12th St.;East Village;300 E 12th St
Angelo and Maxie's;233 Park Ave. South;Gramercy Park;233 Park Ave S
Angon on the Sixth;320 E 6th St,;East Village;320 E 6th St
Angus McIndoe;258 West 44th Street;West 40s;258 W 44th St
Anna Maria Trattoria e Pizzeria;1592 First Ave.;East 80s;1592 1st Avenue
Anna's;268 E 10th St.;East Village;268 E 10th St
Annisa;13 Barrow St.;Greenwich Village;13 Barrow St
Anthos;36 W 52nd St.;West 50s;36 W 52nd St
Anyway Cafe;34 E 2nd St.;East Village;34 E 2nd St
Apiary;60 Third Ave.;East Village;60 3rd Ave
Apizz;217 Eldridge St.;East Village;217 Eldridge St
Aquagrill;210 Spring St.;Soho;210 Spring St
Aquavit;65 East 55th Street;East 50s;65 E 55th St
Arka Lounge;4488 Broadway;Washington Heights;4488 Broadway
Arno Ristorante;141 W 38th St.;Garment District;141 W 38th St
Arqua;281 Church St.;Tribeca;281 Church St
Artichoke Basille's Pizza & Brewery;328 E 14th St.;East Village;328 E 14th St
Artie's;2290 Broadway;West 80s;2290 Broadway
Artisanal;2 Park Ave.;Murray Hill;2 Park Ave 20th floor
Arturo's Pizza;1610 York Ave.;East 80s;1610 York Ave
Ashkara;189 E Houston St.;Lower East Side;189 E Houston St
Asia De Cuba;237 Madison Avenue;Murray Hill;237 Madison Ave
Assenzio;205 E 4th St.;East Village;205 E 4th St
Atelier, Ritz-Carlton Hotel;50 Central Park South;West 50s;50 Central Park S
Atomic Wings;184 1st Ave.;East Village;184 1st Avenue
Atria;13-15 W 54th St.;West 50s;13 W 54th St
Au Mandarin;200 Vesey St. (World Financial Center);Battery Park City;200 Vesey Street 3 World Financial Center 24 Floor
August;359 Bleecker St.;West Village;359 Bleecker St
Avra;141 E 48th St.;East 40s;141 E 48th St
Awash;338 E 6th St.;East Village;338 E 6th St
Azul Bistro;152 Stanton St.;Lower East Side;152 Stanton St
Azuri Cafe;465 W 51st St.;West 50s;465 W 51st St
Azuri Café;465 W 51st St.;West 50s;465 W 51st St
B & H Dairy Restaurant;127 Seconnd Ave.;East Village;127 2nd Ave
B Bar & Grill;40 E 4th St.;East Village;40 E 4th St
B Cup;212 Avenue B;East Village;212 Avenue B
B'un;143 Grand St.;Chinatown;143 Grand St
B-Bap Fusion Rice Bar;830 9th Ave.;West 50s;830 9th Ave
B. Cafe;240 E 75th St.;East 80s;240 E 75th St
B. Smith Restaurant;8th Ave. & 48th St.;West 40s;W 48th St & 8th Ave
BB Sandwich Bar;120 W 3rd St.;Greenwich Village;120 W 3rd St
BBQ;261 8th Ave.;Chelsea;261 8th Ave
BBQ;1265 3rd Ave.;East 70s;1265 3rd Ave
BBQ;3965 Broadway;Washington Heights;3965 Broadway
BG Restaurant;754 5th Ave, 7th Fl,;West 50s;754 5th Ave 7th Fl
BLT Burger;470 Sixth Ave.;West Village;470 6th Ave
BLT Fish;21 W 17th St.;Chelsea;21 W 17th St
BLT Market;1430 6th Ave.;West 50s;1430 6th Ave
BLT Prime;111 E 22nd St.;Murray Hill;111 E 22nd St
BLT Steak;106 E 57th St.;East 50s;106 E 57th St
BLVD - Bowery Bistro;199 Bowery;East Village;199 Bowery
Babbo;110 Waverly Pl.;West Village;110 Waverly Pl
Babbo Ristorante e Enoteca;110 Waverly Pl.;Greenwich Village;110 Waverly Pl
BabyCakes NYC;248 Broome St.;Lower East Side;248 Broome St
Bacaro;136 Division St.;Lower East Side;136 Division St
Back Forty;190 Ave. B;East Village;190 Avenue B
Baldoria;249 W 49th St.;West 40s;249 W 49th St
Bali Nusa Indah;651 Ninth Ave.;West 40s;651 9th Ave
Balkh Kebab & Restaurant;789 9th Ave.;West 50s;789 9th Ave
Ballato;55 E Houston St.;Nolita;55 E Houston St
Balthazar;80 Spring St.;Soho;80 Spring St
Baluchi's;90 W 3rd St.;Greenwich Village;90 W 3rd St
Baluchi's;275 Greenwich St.;Financial District;275 Greenwich St
Baluchi's;240 W 56th St.;West 50s;240 W 56th St
Baluchi's;361 6th Ave.;West Village;361 6th Ave
Baluchi's;193 Spring St.;Soho;193 Spring St
Baluchi's;1724 Second Ave.;East 90s;1724 2nd Ave
Baluchi's;329 Third Ave.;Murray Hill;329 3rd Ave
Baluchi's;1565 2nd Ave.;East 80s;1565 2nd Ave
Baluchi's;111 E 29th St.;Murray Hill;111 E 29th St
Bambou;243 E 14th St.;East Village;243 E 14th St
Bamiyan;358 Third Ave.;Gramercy Park;358 3rd Ave
Bamn!;37 St. Marks Pl.;Soho;37 St Marks Pl
Banh Mi So 1;369 Broome St.;Soho;369 Broome St
Banjara;97 First Ave.;East Village;97 1st Avenue
Bann;350 W 50th St.;West 50s;350 W 50th St
Baoguette;61 Lexington Ave.;Flatiron;61 Lexington Ave
Bar Americain;152 W 52nd St.;West 50s;152 W 52nd St
Bar Baresco;191 Seventh Ave.;Chelsea;191 7th Ave
Bar Boulud;1900 Broadway;West 60s;1900 Broadway
Bar Breton;254 5th Ave.;Chelsea;254 5th Ave
Bar Masa;10 Columbus Circle;West 60s;10 Columbus Cir
Bar Milano;323 Third Ave.;Gramercy Park;323 3rd Ave
Bar Pitti;268 6th Ave.;West Village;268 6th Ave
Bar Q;308 Bleecker St.;West Village;308 Bleecker St
Bar Six;502 6th Ave.;West Village;502 6th Ave
Bar Stuzzichini;928 Broadway;Flatiron;928 Broadway
Bar Veloce;175 2nd Ave.;East Village;175 2nd Ave
Barbone;186 Ave. B;East Village;186 Avenue B
Barney Greengrass;541 Amsterdam Ave.;West 80s;541 Amsterdam Ave
Barrio Chino;253 Broome St,;Lower East Side;253 Broome St
Belcourt;84 E 4th St.;East Village;84 E 4th St
Bella Napoli;130 Madison Ave.;Murray Hill;130 Madison Ave
Bello's;130 Saint Marks Pl.;East Village;130 St Marks Pl
Bennie's;88 Fulton St.;Financial District;88 Fulton St
Benny's Burritos;93 Avenue A;East Village;93 Avenue A
Benoit;60 W 55th St.;West 50s;60 W 55th St
Beppe;45 E 22nd St.;Flatiron;45 E 22nd St
Bereket;187 E Houston St.;Lower East Side;187 E Houston St
Berry Bistro;430 E 14th St.;East Village;430 E 14th St
Beyoglu;1431 3rd Ave.;East 80s;1431 3rd Ave
Bianca;5 Bleecker St.;Greenwich Village;5 Bleecker St
Big Arc Chicken;233 1st Ave.;East Village;233 1st Avenue
Big Daddy's Diner;239 Park Ave. S;Flatiron;239 Park Ave S
Big Daddy's Diner;1596 Second Ave.;East 80s;1596 2nd Ave
Birdies;149 1st Ave.;East Village;149 1st Avenue
Biscuit BBQ;230 5th Ave.;West 40s;230 5th Ave
Bistrouge;432 E. 13th St.;East Village;432 E 13th St
Bite;335 Lafayette St.;Soho;335 Lafayette St
Bite Me Best;138 Ave. C;East Village;138 Loisaida Ave
Black Iron Burger;540 E 5th St.;East Village;540 E 5th St
Black Iron Burger Shop;540 East 5th St.;East Village;540 E 5th St
Blaue Gans;139 Duane St.;Tribeca;139 Duane St
Bleecker Street Pizza;69 7th Ave. South;West Village;69 7th Ave S
Blue 9 Burger;92 3rd Ave.;East Village;92 3rd Ave
Blue Fin;1567 Broadway;West 40s;1567 Broadway
Blue Hill;75 Washington Place;West Village;75 Washington Pl
Blue Owl;196 2nd Ave.;East Village;196 2nd Ave
Blue Ribbon Bakery;33 Downing St.;West Village;33 Downing St
Blue Ribbon Brasserie;97 Sullivan St.;Soho;97 Sullivan St
Blue Ribbon Sushi;119 Sullivan St.;Soho;119 Sullivan St
Blue Smoke;116 E 27th St.;Murray Hill;116 E 27th St
Blue Water Grill;31 Union Sq W;Union Square;31 Union Square W
Boat Basin Café;79th St.;West 70s;E 79th St
Bocca;39 E 19th St.;Greenwich Village;39 E 19th St
Boi To Go;800 Second Avenue;East 40s;800 2nd Ave
Boka;9 St. Mark’s Place;East Village;9 St Marks Pl
Bombay Talkie;189 9th Ave.;Chelsea;189 9th Ave
BonBon Chicken;98 Chambers St.;Financial District;98 Chambers St
BonChon Chicken;314 5th Ave. | 2nd Fl;Chelsea;314 5th Ave 2nd Fl
Bona Fides;60 2nd Ave,;East Village;60 2nd Ave
Bond St;6 Bond St.;Nolita;6 Bond St
Bond Street Restaurant;6 Bond St.;Greenwich Village;6 Bond St
Bondi Road;153 Rivington St.;East Village;153 Rivington St
Bongo;299 10th Ave.;Chelsea;299 10th Ave
Bonjoo;107 1st Ave.;East Village;107 1st Avenue
Boqueria;53 W 19th St.;Chelsea;53 W 19th St
Borgo Antico;22 E 13th St.;Union Square;22 E 13th St
Bottino;246 10th Ave.;Chelsea;246 10th Ave
Boucarou Lounge;64 E 1st St,;East Village;64 E 1st St
Bouchon Bakery;10 Columbus Circle;West 50s;10 Columbus Cir
Bouley Bakery & Market;130 W Broadway;Tribeca;130 W Broadway
Bounce Deuce;103 2nd Ave.;East Village;103 2nd Ave
Bourgeois Pig Cafe;122 E 7th St.;East Village;122 E 7th St
Bowery Wine Company;13 E 1st St.;East Village;13 E 1st St
Brasserie Les Halles;411 Park Avenue South;Gramercy Park;411 Park Ave S
Brasserie Ruhlmann;45 Rockefeller Plz.;West 40s;45 Rockefeller Plaza
Bread;301 Church;Tribeca;301 Church St
Bread Tribeca;301 Church;Tribeca;301 Church St
Bread and Olive;24 W 45th St.;West 40s;24 W 45th St
Brick Lane Curry House;306-308 E. 6th St.;East Village;306 E 6th St #308
Broadway East;171 E Broadway;East Village;171 E Broadway
Bruschetteria;92 Rivington St.;East Village;92 Rivington St
Bubby's;120 Hudson St.;Tribeca;120 Hudson St
Buddakan;75 9th Ave.;Meatpacking District;75 9th Ave
Buenos Aires;513 E 6th;East Village;513 E 6th St
Bun Soho;143 Grand St.;Soho;143 Grand St
Burger Creations;52 E 8th St.;East Village;52 E 8th St
Burger Heaven;20 E 49th St.;East 40s;20 E 49th St
Burger Heaven;804 Lexington Ave.;East 60s;804 Lexington Ave
Burger Heaven;9 E 53rd St.;East 50s;9 E 53rd St
Burger Heaven;291 Madison Ave.;Murray Hill;291 Madison Ave
Burger Heaven;536 Madison Ave.;East 50s;536 Madison Ave
Burger Joint;241 Third Ave.;East Village;241 3rd Ave
Burger Joint;118 W 56th St.;West 50s;118 W 56th St
Burger and Gyro Express;442 E 14th St.;East Village;442 E 14th St
Butcher Bay;511 E 5th St.;East Village;511 E 5th St
Butter Lane Cupcakes;123 E 7th St.;East Village;123 E 7th St
Butter Restaurant;415 Lafayette St.;Greenwich Village;415 Lafayette St
C & F Restaurant;171 Hester;Chinatown;171 Hester St
Cabrito;50 Carmine St.;Soho;50 Carmine St
Cacio e Pepe;182 Second Ave.;East Village;182 2nd Ave
Cacio e Vino;80 Second Ave.;East Village;80 2nd Ave
Cafe 81;81 E 7th St.;East Village;81 E 7th St
Cafe Addis;435 W 125th St.;Morningside Heights;435 W 125th St
Cafe Boulud;20 E 76th St.;East 70s;20 E 76th St
Cafe Brama;157 2nd Ave.;East Village;157 2nd Ave
Cafe Centosette;160 2nd Ave.;East Village;160 2nd Ave
Cafe Cortadito;210 E 3rd St.;East Village;210 E 3rd St
Cafe Gitane;242 Mott St.;Little Italy;242 Mott St
Cafe Habana;229 Elizabeth St.;Little Italy;229 Elizabeth St
Cafe Himalaya;78 E 1st St.;East Village;78 E 1st St
Cafe Katja;79 Orchard St.;East Village;79 Orchard St
Cafe Mocha;116 2nd Ave.;East Village;116 2nd Ave
Cafe Orlin;41 St. Marks Pl.;East Village;39 St Marks Inc
Cafe Petisco;189 E Broadway;East Village;189 E Broadway
Cafe Sabarsky;1048 5th Ave.;East 80s;1048 5th Ave
Cafe Zaiya;69 Cooper Square;East Village;69 Cooper Sq
Cafe Zaiya;18 E 41st St.;East 40s;18 E 41st St
Cafe con Leche;424 Amsterdam Ave.;West 90s;424 Amsterdam Ave
Cafe des Artistes;1 W67th St.;West 60s;1 W 67th St
Cafecito;185 Ave. C;East Village;185 Loisaida Ave
Cafetasia;38 E 8th St.;Greenwich Village;38 E 8th St
Cafeteria;119 7th Ave.;Chelsea;119 7th Ave
Caffe Capri;165 Church St.;Tribeca;165 Church St
Caffe Emilia;139 1st Ave.;East Village;139 1st Avenue
Caffe Falai;265 Lafayette St.;Soho;265 Lafayette St
Caffe Grazie;26 E. 84th St.;East 80s;26 E 84th St
Caffe Linda;145 E. 49th St.;East 40s;145 E 49th St
Caffe Novecento;343 W Broadway;Soho;343 W Broadway
Caffe Pepe Rosso;127 Avenue C;East Village;127 Loisaida Ave
Café DeVille;103 3rd Ave.;East Village;103 3rd Ave
Café Edison;228 W 47th St.;West 40s;228 W 47th St
Café Habana;229 Elizabeth St.;Greenwich Village;229 Elizabeth St
Café Loup;105 W 13th St.;West Village;105 W 13th St
Café Mogador;101 St. Marks Pl.;East Village;101 St Marks Pl
Café Rakka;38 Ave. B;East Village;38 Avenue B
Café Spice;72 University Place;Greenwich Village;72 University Pl
Café Spice;54 W 55th St.;West 50s;54 W 55th St
Café Spice Express;Grand Central Terminal;East 40s;89 E 42nd St
Café Zaiya;69 Cooper Square;East Village;69 Cooper Sq
Café con Leche;726 Amsterdam Ave.;West 90s;726 Amsterdam Ave
Café des Artistes;1 W67th St.;West 60s;1 W 67th St
Café el Portal;174 Elizabeth St.;Nolita;174 Elizabeth St
Calcutta;324 E 6th St.;East Village;324 E 6th St
Calidad Latina;132 9th Ave.;Chelsea;132 9th Ave
CamaJe;85 MacDougal St.;Greenwich Village;85 MacDougal St
Cambodian Cuisine;1664 Third Ave.;East 90s;1664 3rd Ave
Candela Candela;92 2nd Ave,;East Village;92 2nd Ave
Cannonau (fka Assenzio);205 E 4th St.;East Village;205 E 4th St
Cantinetta;260 6th Ave.;West Village;260 6th Ave
Cantoon Garden;22 Elizabeth St.;Chinatown;22 Elizabeth St
Captain's Café;34 East 32nd Street;Murray Hill;34 E 32nd St
Caracas Arepa Bar;91 E 7th St.;East Village;91 E 7th St
Caravan of Dreams;405 E. Sixth St.;East Village;405 E 6th St
Caridad;4799 Broadway;Inwood;4799 Broadway
Caridad La Original;588 Amsterdam Ave.;West 80s;588 Amsterdam Ave
Caridad Restaurant;18 E 33rd St.;Murray Hill;18 E 33rd St
Carl's Steaks;507 Third Ave.;Murray Hill;507 3rd Ave
Carmine's;200 W 44th St.;West 40s;200 W 44th St
Carne;2737 Broadway;West 100s;2737 Broadway
Carnegie Delicatessen;854 7th Ave.;West 50s;854 7th Ave
Carve;760 Eighth Ave.;West 40s;760 8th Ave
Casa Adela;66 Ave. C;East Village;66 Loisaida Ave
Casa Havana;190 Eighth Ave.;West Village;190 8th Ave
Casa La Femme;140 Charles St.;Greenwich Village;140 Charles St
Casa Mono;52 Irving Pl.;Flatiron;52 Irving Pl
Casanis;81 Ludlow St.;East Village;81 Ludlow St
Casimir;103-105 Ave. B;East Village;103 Avenue B
Celeste;502 Amsterdam Ave.;West 80s;502 Amsterdam Ave
Centovini;25 W Houston St.;Soho;25 W Houston St
Centro Español La Nacional;239 W 14th St.;Chelsea;239 W 14th St
Centro Vinoteca;74 Seventh Ave. S.;West Village;74 7th Ave S
CentroPizze;201 E 10th St,;East Village;201 E 10th St
Cha An Japanese Tea House;230 E 9th St.;East Village;230 E 9th St
Cha-An;230 E 9th St.;East Village;230 E 9th St
Chanoodle;79 Mulberry St.;Tribeca;79 Mulberry St
Charles' Southern Style Kitchen;2839 Eighth Ave.;Harlem;2839 Frederick Douglass Blvd
Chat 'n' Chew;10 E 16th St.;Union Square;10 E 16th St
Cheesy Pizza;2640 Broadway;West 100s;2640 Broadway
Chelsea Bistro and Bar;358 W 23rd St.;Chelsea;358 W 23rd St
Chelsea Thai Wholesale;75 Ninth Ave.;Chelsea;75 9th Ave
Chennai Garden;129 E 27th St.;Murray Hill;129 E 27th St
Cherin Sushi;306 E 6th St.;East Village;306 E 6th St
Chez Betty Cafe;256 E 3rd St.;East Village;256 E 3rd St
Chez Napoleon;365 W 50th St.;West 50s;365 W 50th St
Chickpea;210 E. 14th St.;East Village;210 E 14th St
Chikalicious;203 E. 10th St.;East Village;203 E 10th St
Chikalicious Dessert Bar;203 E 10th St.;East Village;203 E 10th St
Chimichurri Grill;606 Ninth Ave.;West 40s;606 9th Ave
China 1 Restaurant and Lounge;50 Avenue B;East Village;50 Avenue B
China North Dumpling;15 Essex St.;Chinatown;15 Essex St
China Town;250 E Houston St.;Chinatown;250 E Houston St
Chinese Food;25B Henry St.;Chinatown;25B Henry St
Chinese Mirch;120 Lexington Ave.;Murray Hill;120 Lexington Ave
Chipotle;19 St. Marks Pl.;East Village;19 St Marks Pl
Chiyono;328 East 6th St.;Greenwich Village;328 E 6th St
Cho Cho San;15 W. 8th St.;West Village;15 W 8th St
Cho Dang Gol;55 W 35th St.;Chelsea;55 W 35th St
Chocolate Bar;127 E 7th St.;East Village;127 E 7th St
Chocolate Bar at Henri Bendel;712 5th Ave.;West 50s;712 Fifth Avenue
Chola;232 E 58th St.;East 50s;232 E 58th St
Chomp;250 E 14th St.;East Village;250 E 14th St
Chop Suey;714 Seventh Ave.;West 40s;714 7th Ave
Churrascaria Plataforma;316 W 49th St.;West 40s;316 W 49th St
City Bakery;3 W 18th St.;Chelsea;3 W 18th St
City Lobster & Crab Co.;121 W. 49th St.;West 40s;121 W 49th St
City Winery;155 Varick St.;Tribeca;155 Varick St
Clinton St. Baking Company;4 Clinton St.;Lower East Side;4 Clinton St
Co.;230 9th Ave,;Chelsea;230 9th Ave
Coffee Shop;29 Union Square W;Union Square;29 Union Square W
Col Legno;231 E. Ninth St.;East Village;231 E 9th St
Colbeh;43 W 39th;Garment District;43 W 39th St
Cold Stone Creamery;1651 2nd Ave.;East 80s;1651 2nd Ave
Colors;417 Lafayette St.;East Village;417 Lafayette St
Comfort Diner;214 E. 45th St.;East 40s;214 E 45th St
Cong Ly;124 Hester St.;Lower East Side;124 Hester St
Congee;98 Bowery;Chinatown;98 Bowery
Congee Bowery;207 Bowery;Lower East Side;207 Bowery
Congee Village;100 Allen St.;Lower East Side;100 Allen St
Convivio;45 Tudor City Pl.;East 40s;45 Tudor City Pl
Cookout Grill;207 W 14th St.;West Village;207 W 14th St
Cookshop;156 10th Ave.;West Village;156 10th Ave
Copper Chimney;126 E 28th St.;Murray Hill;126 E 28th St
Coppola's East;378 3rd Ave.;Murray Hill;378 3rd Ave
Cornelia Street Cafe;29 Cornelia St.;West Village;29 Cornelia St
Corner Shop;643 Broadway;Greenwich Village;643 Broadway
Cosette;163 E 33rd St.;Murray Hill;163 E 33rd St
Cosi;257 Park Avenue S.;Flatiron;257 Park Ave S
Cosmic Cantina;101 Third Ave.;East Village;101 3rd Ave
Counter;105 First Ave.;East Village;105 1st Avenue
Country;90 Madison Ave.;Murray Hill;90 Madison Ave
Country Cafe;69 Thompson St.;Soho;69 Thompson St
Cozy Soup & Burger;739 Broadway;East Village;739 Broadway
Craft;43 E. 19th St.;Union Square;43 E 19th St
Craftsteak;85 10th Ave.;Chelsea;85 10th Ave
Crave on 42nd;650 West 42nd St.;West 40s;650 W 42nd St
Crema Restaurante;111 W. 17th St.;Chelsea;111 W 17th St
Creole;2167 Third Ave.;East Harlem;2167 3rd Ave
Creperie;135 Ludlow St.;Lower East Side;135 Ludlow St
Crif Dogs;113 St. Marks Place;East Village;113 St Marks Pl
Crispo;240 W. 14th St.;Chelsea;240 W 14th St
Crooked Tree Creperie;110 Saint Marks Pl.;East Village;110 St Marks Pl
Croton Reservoir Tavern;108 w. 40th St.;Garment District;108 W 40th St
Cru;24 5th Ave.;West Village;24 5th Ave
Cuba Cafe;200 8th Ave.;Chelsea;200 8th Ave
Cube 63;63 Clinton;Lower East Side;63 Clinton St
Cucina & Co.;151 W. 34th St.;Chelsea;151 W 34th St
Cucina de Pesce;87 E. 4th St.;Greenwich Village;87 E 4th St
Cuisine of Pakistan;478 Ninth Ave.;Garment District;478 9th Ave
Curly's Vegetarian Lunch;328 E 14th St.;East Village;328 E 14th St
Curry Leaf;99 Lexington Ave.;Murray Hill;99 Lexington Ave
Curry in a Hurry;119 Lexington Ave.;Murray Hill;119 Lexington Ave
Curry-Ya;214 E 10th St.;East Village;214 E 10th St
D'Aiuto's Pastry Corp;873 Eighth Ave.;West 50s;873 8th Ave
DB Bistro Moderne;55 W 44th St.;West 40s;55 W 44th St
Da Andrea;557 Hudson St.;Soho;557 Hudson St
Da Ciro;229 Lexington Ave.;Murray Hill;229 Lexington Ave
Da Marino's;220 W. 49th St.;West 40s;220 W 49th St
Da Tommaso;903 8th Ave.;West 40s;903 8th Ave
Da Umberto;107 W. 17th St.;Chelsea;107 W 17th St
Dae Dong;17 W. 32nd St.;Chelsea;17 W 32nd St
Daisy May's BBQ USA;623 Eleventh Ave.;West 40s;623 11th Ave
Dakshin Indian Bistro;1713 1st. Ave.;East 80s;1713 1st Avenue
Dallas BBQ;27 W 72nd St.;West 70s;27 W 72nd St
Damon: Frugal Friday;47 E 19th St.;Union Square;47 E 19th St
Daniele's Piadina;64 West 22nd Street;Flatiron;64 W 22nd St
Danku;47 W 57th St.;West 50s;47 W 57th St
Danny Ng's Place;52 Bowery;Chinatown;52 Bowery
Danube;30 Hudson St.;Tribeca;Goldman Sachs Tower
Darbar;152 E. 46th St.;East 40s;152 E 46th St
Darbar East;239 First Ave.;East Village;239 1st Avenue
Darbar Grill;157 E55th St.;East 50s;157 E 55th St
Darna;600 Columbus Ave.;West 80s;600 Columbus Ave
Daruma;227 Mott St.;Nolita;227 Mott St
David Burke's Townhouse;133 East 61st St.;East 60s;133 E 61st St
Deborah;43 Carmine St.;Soho;43 Carmine St
Degustation Wine & Tasting Bar;239 E 5th St.;East Village;239 E 5th St
Del Frisco's Steakhouse;1221 Avenue of the Americas;West 40s;1221 6th Ave
Del Posto;85 10th Ave.;West Village;85 10th Ave
Delegates Dining Room (United Nations 4th fl.);United Nations;East 40s;New York
Delicatessen;54 Prince St.;Little Italy;54 Prince St
Delicia;322 W 11th St.;West Village;322 W 11th St
Delicia Brazil;322 W. 11th St.;Soho;322 W 11th St
Delicia Brazil Restaurant;322 W 11th St.;West Village;322 W 11th St
Deluxe Food Market;79 Grand St.;Chinatown;79 Grand St
Demarchelier;50 E. 86th St.;East 80s;50 East 86th St
Demerara;;;
Dennis Foy;313 Church St.;Tribeca;313 Church St
Dervish Turkish;146 W. 47th St.;West 40s;146 W 47th St
Desi Junction;688 Tenth Ave.;West 40s;688 10th Ave
Devi;8 E 18th St.;Garment District;8 E 18th St
Devins Fish & Chips;747 St. Nicholas Ave.;Harlem;747 St Nicholas Ave
Diablo Royale;189 W 10th St.;West Village;189 W 10th St
Diamond Dairy Restaurant;4 W 47th St.;West 40s;4 W 47th St
Dibiterie Cheikh;231 W 116th St.;Harlem;231 W 116th St
Dieci;228 E. 10th St.;East Village;228 E 10th St
Dil E Punjab Deli;170 9th Ave.;Chelsea;170 9th Ave
Dim Sum Go Go;5 E Broadway;Financial District;5 E Broadway
Dimple;11 W 30th St.;Chelsea;11 W 30th St
Dirt Candy;430 E. 9th St.;East Village;430 E 9th St
Dishes;6 E. 45th St.;East 40s;6 E 45th St
District;130 W. 46th St.;West 40s;130 W 46th St
Ditch Plains;29 Bedford St.;West Village;29 Bedford St
Dive Bar;732 Amsterdam Ave.;West 90s;732 Amsterdam Ave
Divino;1556 Second Ave.;East 80s;1556 2nd Ave
Diwan;148 E. 48th St.;East 40s;148 E 48th St
Dizzy's Club Coca-Cola, Jazz at Lincoln Center, Time Warner Center;60th St. & Broadway;West 60s;Broadway & W 60th St
Django;480 Lexington Ave.;East 40s;480 Lexington Ave
Djerdan #3;221 W 38th St.;Garment District;221 W 38th St
DoSirak;30 E 13th St.;Greenwich Village;30 E 13th St
Dojo;14 W 4th St.;Greenwich Village;14 West 4th Street
Dojo West;14 W 14thSt;Greenwich Village;W 14th St
Dok Suni's;119 First Ave.;East Village;119 1st Avenue
Doma;17 Perry St.;West Village;17 Perry St
Don Pedro's;1865 Second Ave.;East Harlem;1865 2nd Ave
Donguri;309 E. 83rd St.;East 80s;309 E 83rd St
Dos Caminos;825 3rd Ave.;East 50s;825 3rd Ave
Dos Caminos;373 Park Ave. S;Murray Hill;373 Park Ave S
Dos Caminos Soho;475 West Broadway;Soho;475 W Broadway
Doyers Vietnamese;11-13 Doyers St., downstairs;Chinatown;11 Doyers St #13
Duane Park;157 Duane St.;Tribeca;157 Duane St
Dublin 6 Wine & Dine;575 Hudson St.;West Village;575 Hudson St
Dumpling House;118A Eldridge St.;Chinatown;118A Eldridge St
Dumpling Man;100 St. Marks Pl.;East Village;100 St Marks Pl
Duvet;45 W 21st St.;Flatiron;45 W 21st St
E-mo;2 W 32nd St.;Chelsea;2 W 32nd St
E.A.T.;1064 Madison Ave.;East 80s;1064 Madison Ave
Earthen Oven;53 W. 72nd St.;West 70s;53 W 72nd St
East;354 E 66th St.;East 60s;354 E 66th St
East;210 E 44th St.;East 40s;210 E 44th St
East;365 First Ave.;Flatiron;365 1st Avenue
East of 8th;254 W 23rd St.;Chelsea;254 W 23rd St
East of Eighth;254 W. 23rd St.;Chelsea;254 W 23rd St
Eatery;798 Ninth Ave.;West 50s;798 9th Ave
Ebisu;414 E 9th St.;East Village;414 E 9th St
Ecco;124 Chambers St.;Financial District;124 Chambers St
Ed's Lobster Bar;222 Lafayette St.;Nolita;222 Lafayette St
Edward's;136 W. Broadway;Tribeca;136 W Broadway
Eisenberg's Sandwich Shop;174 Fifth Ave.;Flatiron;174 5th Ave
El Cantinero;86 University Pl.;Greenwich Village;86 University Pl
El Centro;824 Ninth Ave.;West 50s;824 9th Ave
El Charro Espanol;4 Charles St.;West Village;4 Charles St
El Cocotero;228 W. 18th St.;Chelsea;228 W 18th St
El Conde;4139 Broadway;Washington Heights;4139 Broadway
El Despertar;1875 Lexington Ave.;East Harlem;1875 Lexington Ave
El Lina;500 W 207th St.;Inwood;500 W 207th St
El Malecon;4141 Broadway;Washington Heights;4141 Broadway
El Nuevo Amanecer Restaurant;117 Stanton St.;Lower East Side;117 Stanton St
El Parador Cafe;325 E. 34th St.;Murray Hill;325 E 34th St
El Paso;134 W. Houston St.;Greenwich Village;134 W Houston St
El Quijote;226 W. 23rd St.;Chelsea;226 W 23rd St
El Quinto Pino;401 W.24th St.;Greenwich Village;401 W 24th St
El Rancho Jubilee;10 Hillside Ave.;Washington Heights;10 Hillside Ave
El Salvadoreño;1229 St. Nicholas Ave.;Washington Heights;1229 St Nicholas Ave
Elephant & Castle;68 Greenwich Ave.;West Village;68 Greenwich Ave
Elettaria;33 W 8th St.;Chelsea;33 W 8th St
Eleven Madison Park;11 Madison Ave.;Murray Hill;11 Madison Ave
Elio's;1621 Second Ave.;East 80s;1621 2nd Ave
Elizabeth;265 Elizabeth St.;Soho;265 Elizabeth St
Ellens Stardust Diner;1650 Broadway;West 50s;1650 Broadway
Elsa la Reina del Chicharron;1249 St. Nicholas Ave.;Washington Heights;1249 St Nicholas Ave
Elvie's Turo-Turo;214 First Ave.;East Village;214 1st Avenue
Empanada Mama;763 Ninth Ave.;West 50s;763 9th Ave
Empire Diner;210 10th Ave.;Chelsea;210 10th Ave
Employees Only;510 Hudson St.;Soho;510 Hudson St
En;435 Hudson St.;West Village;435 Hudson St
Ennio & Michael;539 LaGuardia Pl.;Greenwich Village;539 LaGuardia Pl
Ennju;20 E 17th St.;Union Square;20 E 17th St
Enoteca I Trulli;122 E 27th St.;Murray Hill;122 E 27th St
Epices du Traiteur;103 W. 70th St.;West 70s;103 W 70th St
Erminia;250 E. 83rd St.;East 80s;250 E 83rd St
Esashi;32 Ave. A;East Village;32 Avenue A
Esca;402 W 43rd St.;West 40s;402 W 43rd St
Ess-a-Bagel;359 First Ave.;Gramercy Park;359 1st Avenue
Essex;120 Essex St.;Lower East Side;120 Essex St
Estancia 460;460 Greenwich St.;Tribeca;460 Greenwich St
Ethiopian Restaurant;1582 York Ave.;East 80s;1582 York Ave
Ethos;495 Third Ave.;Murray Hill;495 3rd Ave
Etrusca;125 W. 53rd St.;West 50s;125 W 53rd St
Euzkadi;108 E. 4t St.;East Village;108 E 4th St
Evergreen Shanghai;10 E. 38th St.;Murray Hill;10 E 38th St
Excellent Dumpling House;111 Lafayette St.;Chinatown;111 Lafayette St
Extra Virgin;259 W. 4th St.;West Village;259 West 4th Street
F & B;269 W 23rd St.;Chelsea;269 W 23rd St
F.illi Ponte;39 Desbrosses St.;Tribeca;39 Desbrosses St
Fabio Piccolo Fiore;230 E. 44th St.;East 40s;230 E 44th St
Facey Home Sales;215 W 28th St.;Chelsea;215 W 28th St
Fagiolini Restaurant;334 Lexington Ave.;Murray Hill;334 Lexington Ave
Faicco's;260 Bleecker St.;West Village;260 Bleecker St
Falai;68 Clinton St.;Lower East Side;68 Clinton St
Falai Panetteria;79 Clinton St.;Lower East Side;79 Clinton St
Family Noodle;19 Henry St.;Chinatown;19 Henry St
Farfina Coffee Shop;219B W 116th St.;Harlem;219B W 116th St
Fatty Crab;643 Hudson St.;West Village;643 Hudson St
Favela Cubana;543 Laguardia Pl.;Greenwich Village;543 LaGuardia Pl
Ferrara;195 Grand St.;Little Italy;195 Grand St
Fetch;1649 Third Ave.;East 90s;1649 3rd Ave
Fibe Restaurant;4055 Broadway;Washington Heights;4055 Broadway
Fig & Olive;420 W. 13th St.;Meatpacking District;420 W 13th St
Fig and Olive;808 Lexington Ave.;East 60s;808 Lexington Ave
Filli Ponte Ristorante;39 Debrosses Street;Little Italy;39 Desbrosses St
Finestra;1370 York Ave.;East 70s;1370 York Ave
Fino;4 E. 36th St.;Murray Hill;4 E 36th St
Fino;1 Wall St. Ct.;Financial District;1 Wall St
Fiorini;209 E. 56th St.;East 50s;209 E 56th St
Firenze;1594 Second Avenue;East 80s;1594 2nd Ave
Fireside Cocktail Cuisine;19 E. 52nd St.;East 50s;19 E 52nd St
Fish;280 Bleecker St.;Greenwich Village;280 Bleecker St
Fishtail;135 E 62nd St.;East 60s;135 E 62nd St
Fives;700 Fifth Ave. (Peninsula Hotel);West 50s;700 5th Ave
Flea Market;131 Ave. A;East Village;131 Avenue A
Flea Market Cafe;131 Ave. A;East Village;131 Avenue A
Flex Mussels;174 E 82nd St.;East 80s;174 E 82nd St
Flor de Mayo;2651 Broadway;West 100s;2651 Broadway
Flor de Sol;361 Greenwich St.;Tribeca;361 Greenwich St
Florence's;2099 Frederick Douglass Blvd.;Harlem;2099 Frederick Douglass Blvd
Food Sing 88 Corp.;2 E Broadway;Financial District;2 E Broadway
Forlini’s Restaurant;93 Baxter St.;Chinatown;93 Baxter St
Franchia;12 Park Ave.;Murray Hill;12 Park Ave
Frank;88 Second Ave.;East Village;88 2nd Ave
Freemans;Freeman Alley;Lower East Side;Freeman Alley
Friedman's Delicatessen;75 Ninth Ave.;Chelsea;75 9th Ave
Fusion Wraps;52 Cooper Square;East Village;52 Cooper Sq
Gahm Mi Oak Restaurant;43 W 32nd St.;Chelsea;43 W 32nd St
Galanga;149 W 4th St.;Greenwich Village;149 West 4th Street
Galicia;4083 Broadway;Washington Heights;4083 Broadway
Galil;1252 Lexington Ave.;East 80s;1252 Lexington Ave
Gam Mi Oak;43 West 32nd;Chelsea;43 W 32nd St
Garage Restaurant & Cafe;99 7th Ave. So;Greenwich Village;99 7th Ave S
Gauchas;1748 First Ave.;East 90s;1748 1st Avenue
Gavroche;212 W 14th St.;Flatiron;212 W 14th St
Gemma;335 Bowery;East Village;335 Bowery
George's Pizza;726 W 181st St.;Washington Heights;726 W 181st St
Ghenet;284 Mulberry St.;Soho;284 Mulberry St
Gigino Trattoria;323 Greenwich St.;Tribeca;323 Greenwich St
Gigino at Wagner Park;20 Battery Pl.;Financial District;20 Battery Pl
Ginger's;512 Seventh Ave.;Garment District;512 7th Ave
Giorgione;307 Spring St.;Soho;307 Spring St
Giorgione 508;508 Greenwich St.;Soho;508 Greenwich St
Go;30 St. Marks Pl.;East Village;30 St Marks Pl
Go!Go!Curry;273 West 38th St.;Garment District;273 W 38th St
Gobo;401 6th Ave.;West Village;401 6th Ave
Golden Crust;18 E 33rd St.;Murray Hill;18 E 33rd St
Golden Crust;121 W 125th St.;Harlem;121 W 125th St
Golden Crust;1344 Amsterdam Ave.;Harlem;1344 Amsterdam Ave
Golden Crust;456 Malcolm X Blvd.;Harlem;456 Malcolm X Blvd
Golden Crust;111 E 23rd St.;Flatiron;111 E 23rd St
Golden Crust;715 Broadway;Greenwich Village;715 Broadway
Golden Dragon;7 Eldridge St.;Chinatown;7 Eldridge St
Golden Gate Restaurant;92-96 Elizabeth St.;Chinatown;92 Elizabeth St #96
Golden Krust;80 Nassau St.;Financial District;80 Nassau St
Golden Unicorn;18 E Broadway;Chinatown;18 E Broadway
Gonzo;140 W 13th St.;West Village;140 W 13th St
Good Burger;800 Second Ave.;East 40s;800 2nd Ave
Good Enough to Eat;483 Amsterdam Ave.;West 80s;483 Amsterdam Ave
Good World Bar & Grill;3 Orchard St.;Chinatown;3 Orchard St
Gotham Bar & Grill;2 E. 12th St.;Greenwich Village;2 E 12th St
Gotham Bar and Grill;2 E. 12th St.;Greenwich Village;2 E 12th St
Gottino;52 Greenwich Ave.;West Village;52 Greenwich Ave
Gourmet Brick Oven Pizza 33;489 Third Ave.;Murray Hill;489 3rd Ave
Grand Sichuan;125 Canal St.;Lower East Side;125 Canal St
Grand Sichuan;19-23 St. Marks Pl.;East Village;19 St Marks Pl #23
Grand Sichuan International Midtown;745 Ninth Ave.;West 40s;745 9th Ave
Grano;21 Greenwich Ave.;West Village;21 Greenwich Ave
Great N.Y. Noodletown;28 Bowery;Chinatown;28 Bowery
Grounded;28 Jane St.;West Village;28 Jane St
Gyu Kaku;34 Cooper Sq;East Village;34 Cooper Sq
Haandi;113 Lexington Ave.;Murray Hill;113 Lexington Ave
Habib's Place;89 Ave. A;East Village;89 Avenue A
Hacienda de Argentina;339 E 75th St.;East 70s;339 E 75th St
Hakata Ippudo;65 Fourth Ave.;East Village;65 4th Ave
Hakata Tonton;61 Grove St.;West Village;61 Grove St
Halal Indo-Pak Restaurant;1750 First Ave.;East 90s;1750 1st Avenue
Hanami;525 Sixth Ave.;West Village;525 6th Ave
Hanci Turkish Cuisine;854 10th Ave.;West 50s;854 10th Ave
Harlem Wing and Waffle;2394 Adam Clayton Powell Blvd.;Harlem;2394 Adam Clayton Powell Jr Blvd
Haru;1 Wall St. Court;Financial District;1 Wall St
Hasaki;210 East 9th St.;East Village;210 E 9th St
Hatsuhana;17 E 48th St.;East 40s;17 E 48th St
Havana Central;22 E 17th St.;Union Square;22 E 17th St
Hea;145 E 13th St.;East Village;145 E 13th St
Heartland Brewery;127 W 43rd St.;West 40s;127 W 43rd St
Heartland Brewery;1285 Sixth Ave.;West 50s;1285 6th Ave
Heartland Brewery;35 Union Square West;Union Square;35 Union Square W
Heartland Brewery;93 South St.;Financial District;93 South St
Hill Country;30 W 26th St.;Chelsea;30 W 26th St
Hill Country Barbecue;30 W 26th St.;Chelsea;30 W 26th St
Hiroko’s Place;75 Thompson St.;Soho;75 Thompson St
Hong Kong Station;128 Hester St.;Lower East Side;128 Hester St
House of Seafood;2349 Eighth Ave.;Harlem;2349 Frederick Douglass Blvd
Hsin Wong;72 Bayard St.;Chinatown;72 Bayard St
Hummus Place;99 Macdougal St.;Greenwich Village;99 MacDougal St
Hummus Place;109 St. Marks Pl.;East Village;109 St Marks Pl
Hundred Acres;38 MacDougal St.;Soho;38 MacDougal St
I Trulli;122 E 27th St.;Murray Hill;122 E 27th St
Il Brigante;214 Front St.;Financial District;214 Front St
Il Corallo Trattoria;176 Prince St.;Soho;176 Prince St
Il Laboratorio del Gelato;95 Orchard St.;Lower East Side;95 Orchard St
Il Mulino;86 W. Third St.;Greenwich Village;86 W 23rd St
In Vino;215 E 4th St.;East Village;215 E 4th St
Inakaya;231 West 40th Street;West 40s;231 W 40th St
Inatteso Pizzabar Casano;28 West St.;Financial District;28 West St
Indian Bread Co.;194 Bleecker St.;Greenwich Village;194 Bleecker St
Indian Express;18 Murray St.;Financial District;18 Murray Street
Indus Valley;2636 Broadway;West 100s;2636 Broadway
Ino Cafe & Wine Bar;21 Bedford St.;West Village;21 Bedford St
Insieme;777 Seventh Avenue;West 50s;777 7th Ave
Irving Mill;116 East 16th Street;East Village;116 E 16th St
Isabella’s;359 Columbus Ave.;West 70s;359 Columbus Ave
Ishikura Sushi;67 First Ave.;East Village;67 1st Avenue
Ithaka;308 E 86th St.;East 80s;308 East 86th St
Ivo & Lulu;558 Broome St.;Soho;558 Broome St
Izakaya Ten;207 10th Ave.;Chelsea;207 10th Ave
Jack's Luxury Oyster Bar;246 E. 5th St.;East Village;246 E 5th St
Jacques-Imo's;366 Columbus Ave.;West 70s;366 Columbus Ave
Jai-Ya;396 3rd Ave.;Murray Hill;396 3rd Ave
Jaipur's Indian Cuisine;1007 2nd Ave.;East 50s;1007 2nd Ave
Jane;100 W Houston St.;Soho;100 W Houston St
Jarnac;328 W 12th St.;West Village;328 W 12th St
Jezebel;630 9th Ave.;West 40s;630 9th Ave
Jimmy's No. 43;43 E 7th St.;East Village;43 E 7th St
Jin;252 Broome St.;Lower East Side;252 Broome St
Jing Fong Restaurant;20 Elizabeth St.;Chinatown;20 Elizabeth St
Joe Doe;45 E 1st St.;Noho;45 E 1st St
Joe's Pizza;7 Carmine St.;West Village;7 Carmine St
JoeDoe;45 E First St.;East Village;45 E 1st St
John's Pizzeria;278 Bleecker St.;West Village;278 Bleecker St
John's Pizzeria;260 W 44th St.;West 40s;260 W 44th St
Joy Curry & Tandoor;148 E 46th St.;East 40s;148 E 46th St
Jumbo Hamburgers;274 W 145th St.;Harlem;274 W 145th St
Jumbo Hot Dogs;149 Canal St.;Chinatown;149 Canal St
Junior's Times Square;1515 Broadway;West 40s;1515 Broadway
Justin's;31 W 21st St.;Flatiron;31 W 21st St
Kabab Factory;101 Lexington Ave.;Murray Hill;101 Lexington Ave
Kafana;116 Ave. C;East Village;116 Loisaida Ave
Kai;822 Madison Ave. 2nd Fl;East 60s;822 Madison Ave 2nd Fl
Kaijou;21 South End Ave.;Financial District;21 South End Ave
Kaloum Restaurant;120 W 116th St.;Harlem;120 W 116th St
Kam Chueh;40 Bowery;Chinatown;40 Bowery
Kambi Ramen House;351 E 14th St.;East Village;351 E 14th St
Kampuchea Noodle Bar;78 Rivington St.;Lower East Side;78 Rivington St
Kang Suh;1250 Broadway;Chelsea;1250 Broadway
Kanoyama;175 Second Ave.;East Village;175 2nd Ave
Karavas Place;162 W 4th St.;West Village;162 West 4th Street
Karen's on Astor;1 Astor Place;East Village;1 Astor Pl
Kasadela;647 E 11th St.;East Village;647 E 11th St
Kate's Joint;58 Ave. B;East Village;58 Avenue B
Kati Roll Company;99 MacDougal St.;Greenwich Village;99 MacDougal St
Katsuhama;11 E 47th St.;East 40s;11 E 47th St
Katz's Deli;205 E Houston St.;Lower East Side;205 E Houston St
Katz's Delicatessen;205 E Houston St.;Lower East Side;205 E Houston St
Kebab Garden;128 First Ave.;East Village;128 1st Avenue
Kebab House #2;144 Orchard St.;Lower East Side;144 Orchard St
Keens Steakhouse;72 W 36th St.;Garment District;72 W 36th St
Kefi;505 Columbus Ave.;West 70s;505 Columbus Ave
Kellari Taverna;19 W. 44th St.;East 40s;19 W 44th St
Kelley & Ping;340 3rd Ave.;Flatiron;340 3rd Ave
Kelley & Ping;127 Greene St.;Soho;127 Greene St
Kenka;25 Saint Marks's Place;East Village;25 St Marks Pl
Keur Mame Diarra;2401 Frederick Douglass Blvd.;Harlem;2401 Frederick Douglass Blvd
Khushie;139 Essex St.;Lower East Side;139 Essex St
Khyber Pass;34 Saint Marks Pl.;East Village;34 St Marks Pl
Kin Khao;171 Spring St.;Soho;171 Spring St
King's Carriage House;251 E 82nd St.;East 80s;251 E 82nd St
Kingswood;121 W 10th St.;Greenwich Village;121 W 10th St
Kion;509 E 6th;East Village;509 E 6th St
Kitchen Club;30 Prince St.;Nolita;Little Cupcake Bakeshop (Meeting Place)
Kitchenette;1272 Amsterdam Ave.;Morningside Heights;1272 Amsterdam Ave
Kitchenette;156 Chambers St.;Tribeca;156 Chambers St
Kittichai;60 Thompson St. | Thompson Hotel;Soho;60 Thompson St
Klee Brasserie;200 9th Ave.;Chelsea;200 9th Ave
Klong;7 St. Marks Pl.;East Village;7 St Marks Pl
Knickerbocker Bar & Grill;33 University Pl.;Greenwich Village;33 University Pl
Knife & Fork;108 E. Fourth St.;East Village;108 E 4th St
Ko Sushi;1329 Second Ave.;East 70s;1329 2nd Ave
Ko Sushi;1619 York Ave.;East 80s;1619 York Ave
Kobe Club;68 W 58th St.;West 50s;68 W 58th St
Kodama;301 W 45th St.;West 40s;301 W 45th St
Koi;40 W 40th St. | Bryant Park Hotel;West 40s;40 W 40th St
Kom Tang Soot Bull House;32 W 32nd St.;Chelsea;32 W 32nd St
Kool Bloo;117 6th Ave.;Soho;117 6th Ave
Korean Temple Cuisine;81 St. Marks Pl.;East Village;81 St Marks Pl
Koronet Pizza;2848 Broadway;West 100s;2848 Broadway
Koronet Pizzeria;2848 Broadway;West 100s;2848 Broadway
Kosher Delight;1365 Broadway;Garment District;1365 Broadway
Krik Krak;844 Amsterdam Ave.;West 100s;844 Amsterdam Ave
Kum Gang San;49 W 32nd;Chelsea;49 W 32nd St
Kum Ryong;30 W 32nd St.;Chelsea;30 W 32nd St
Kuma Inn;113 Ludlow St. (2nd floor);Lower East Side;113 Ludlow St 2nd floor
Kun Jip;9 W 32nd St.;Chelsea;9 W 32nd St
Kunjip;9 W 32nd St.;Chelsea;9 W 32nd St
Kuruma Zushi;7 E 47th St.;East 40s;7 E 47th St
Kuta;65 Rivington St.;Lower East Side;65 Rivington St
Kyoto Sushi;1240 Lexington Ave.;East 80s;1240 Lexington Ave
Kyotofu;705 Ninth Ave.;West 40s;705 9th Ave
L&L Hawaiian Barbecue;64 Fulton St.;Financial District;64 Fulton St
L'Absinthe;227 E 67th St.;East 60s;227 E 67th St
L'Atelier de Joel Robuchon;57 E 57th St. | Four Seasons Hotel;East 50s;57 E 57th St
L'Ecole;462 Broadway;Soho;462 Broadway
L'Express;249 Park Ave. South;Gramercy Park;249 Park Ave S
L'Impero;45 Tudor City Pl.;East 40s;45 Tudor City Pl
L'allegria Italian Restaurant;623 Ninth Ave.;West 40s;623 9th Ave
L.E.S. Sushi;515 Grand St.;Lower East Side;515 Grand St
La Belle Vie;184 Eighth Ave.;Chelsea;184 8th Ave
La Bergamote;169 Ninth Ave.;Chelsea;169 9th Ave
La Bergamote;515 W 52nd St.;West 50s;515 W 52nd St
La Boite en Bois;75 W 68th St.;West 60s;75 W 68th St
La Bonne Soupe;48 W 55th St.;West 50s;48 W 55th St
La Bottega;88 Ninth Ave. | Maritime Hotel;Chelsea;363 W 16th St
La Cabana Salvadoreña;4384 Broadway;Washington Heights;4384 Broadway
La Cantina Toscana;1109 First Ave.;East 60s;1109 1st Avenue
La Caridad 78;2199 Broadway;West 70s;2199 Broadway
La Casa Del Mofongo;1447 Saint Nicholas Avenue;Washington Heights;1447 St Nicholas Ave
La Casa de Los Tacos;2277 First Ave.;East Harlem;2277 1st Avenue
La Esquina;106 Kenmare St.;Little Italy;106 Kenmare St
La Fenice Caffe;2014 Broadway;West 60s;2014 Broadway
La Giara;501 Third Ave.;Murray Hill;501 3rd Ave
La Gioconda;226 E 53rd St.;East 50s;226 E 53rd St
La Goulue;746 Madison Ave.;East 60s;746 Madison Ave
La Grolla;413 Amsterdam Ave.;West 70s;413 Amsterdam Ave
La Lunchonette;130 10th Ave.;Chelsea;130 10th Ave
La Masseria;235 W 48th St.;West 40s;235 W 48th St
La Mediterranee;947 Second Ave.;East 50s;947 2nd Ave
La Palapa Cocina Mexicana;359 Sixth Ave.;West Village;359 6th Ave
La Palapa Rockola;359 6th Ave.;West Village;359 6th Ave
La Palette;94 Greenwich Ave.;West Village;94 Greenwich Ave
La Paloma;359 W 45th St.;West 40s;359 W 45th St
La Pizza Fresca;31 E 20th St.;Flatiron;31 E 20th St
La Ripaille;605 Hudson St.;West Village;605 Hudson St
La Taza de Oro;1459 Eighth Ave.;Chelsea;1459 Frederick Douglass Blvd
Landmarc;179 W Broadway;Tribeca;179 W Broadway
Lansky’s Old World Deli;235 Columbus Ave.;West 70s;235 Columbus Ave
Las Ramblas;170 W. Fourth St.;Greenwich Village;170 West 4th Street
Lasani;15 W 29th St.;Chelsea;15 W 29th St
Lassi;28 Greenwich Ave.;West Village;28 Greenwich Ave
Le Jardin;25 Cleveland Pl.;Soho;25 Cleveland Pl
Le Madeleine;403 W 43rd St.;West 40s;403 W 43rd St
Le Marais;150 W 46th St.;West 40s;150 W 46th St
Le Miu;107 Ave. A;East Village;107 Avenue A
Le Monde;2885 Broadway;West 100s;2885 Broadway
Le Pain Quotidien;1131 Madison Ave.;East 80s;1131 Madison Ave
Le Pain Quotidien;38 E 19th;Flatiron;38 E 19th St
Le Pain Quotidien;1336 1st Ave.;East 70s;1336 1st Avenue
Le Pain Quotidien;100 Grand St.;Little Italy;100 Grand St
Le Perigord;405 E 52nd St.;East 50s;405 E 52nd St
Le Petit Bistro;258 W 15th St.;Chelsea;258 W 15th St
Le Soleil;877 10th Ave.;West 50s;877 10th Ave
Lechonera Sandy;2261 Second Ave.;East Harlem;2261 2nd Ave
Lederhosen;39 Grove St.;West Village;39 Grove St
Lenny's;307 Columbus Ave.;West 70s;307 Columbus Ave
Leon Bakery;695 Ninth Ave.;West 40s;695 9th Ave
Les Ambassades;161 W. 22nd St.;Chelsea;161 W 22nd St
Les Enfants Terribles;37 Canal St.;Lower East Side;37 Canal St
Les Halles;411 Park Avenue South;Murray Hill;411 Park Ave S
Les Halles;15 John St.;Financial District;15 John St
Li Hua;171 Grand St.;Soho;171 Grand St
Lil' Frankie's;19 1st Ave.;East Village;19 1st Avenue
Lil' Frankie's Pizza;19-21 First Ave.;East Village;1921 1st Avenue
Lili's Noodle Shop & Grill;1500 Third Ave.;East 80s;1500 3rd Ave
Lili's Noodle Shop & Grill;200 W 57th St.;West 50s;200 W 57th St
Lima's Taste;122 Christopher St.;West Village;122 Christopher St
Lisca;600 Amsterdam Ave.;West 90s;600 Amsterdam Ave
Little Giant;85 Orchard St.;Lower East Side;85 Orchard St
Little Owl;90 Bedford;West Village;Apartment Building from the TV Show Friends
Lola is Soul;15 Watts St.;Soho;15 Watts St
Lombardi's;32 Spring St.;Soho;32 Spring St
Loreley Restaurant & Biergaerten;7 Rivington St.;Lower East Side;7 Rivington St
Los Dados;73 Gansevoort St.;Meatpacking District;73 Gansevoort St
Los Dos Molinos;119 E 18th St.;Flatiron;119 E 18th St
Lovely Day;196 Elizabeth St.;Nolita;196 Elizabeth St
Lovies Place;2190 Frederick Douglass Blvd.;Harlem;2190 Frederick Douglass Blvd
Luca Lounge;220 Ave. B;East Village;220 Avenue B
Lucien;14 1st Ave.;East Village;14 1st Avenue
Lucky 11;11 Mott St.;Chinatown;11 Mott St
Lucky Strike;59 Grand St.;Soho;59 Grand St
Lucy;35 E 18th St. | ABC Carpet & Home;Flatiron;35 E 18th St
Lulu;235 Mulberry St.;Greenwich Village;235 Mulberry St
Lumi;963 Lexington Ave.;East 70s;963 Lexington Ave
Lunch Box Buffet;195 Centre St.;Chinatown;195 Centre St
Lunetta;920 Broadway;Flatiron;920 Broadway
Lupe’s East L.A. Kitchen;110 Sixth Ave.;Tribeca;110 6th Ave
Lure Fishbar;142 Mercer St. | downstairs;Soho;142 Mercer St
Lusardi's;1494 Second Ave.;East 70s;1494 2nd Ave
Lusso;331 W. Broadway;Soho;331 W Broadway
Luxee;6 Clinton St.;Noho;6 Clinton St
Luzia's;429 Amsterdam Ave.;West 80s;429 Amsterdam Ave
L‘Artusi;228 W 10th St.;Greenwich Village;228 W 10th St
MIracle Grill;415 Bleecker St.;West Village;415 Bleecker St
Macao Trading Company;311 Church St.;Tribeca;311 Church St
Macelleria;48 Gansevoort;Meatpacking District;48 Gansevoort St
Macondo;157 E. Houston;Lower East Side;157 E Houston St
Madaleine Mae;461 Columbus Ave.;West 80s;461 Columbus Ave
Madangsui;35 W 35th St.;Garment District;35 W 35th St
Madison & Vine;299 Madison Ave. | Library Hotel;East 40s;299 Madison Avenue Entrance on
Madison Bistro;238 Madison Ave.;Murray Hill;238 Madison Ave
Madras Café;79 2nd Ave.;East Village;79 2nd Ave
Madras Mahal;104 Lexington Ave.;Murray Hill;104 Lexington Ave
Maffei Pizza;688 6th Ave.;Flatiron;688 6th Ave
Malatesta;649 Washington St.;West Village;649 Washington St
Mama Mexico;2672 Broadway;West 100s;2672 Broadway
Mama's Food Shop;200 E 3rd St.;East Village;200 E 3rd St
Mamajuana Cafe;247 Dyckman St.;Inwood;247 Dyckman St
Mambi;4181 Broadway;Washington Heights;4181 Broadway
Mamlouk;211 E. Fourth St.;East Village;211 E 4th St
Mamoun's Falafel;119 MacDougal St.;Greenwich Village;119 MacDougal St
Mandoo Bar;2 W 32nd St.;Chelsea;2 W 32nd St
Mangia;22 W 23rd St.;Flatiron;22 W 23rd St
Mangia;50 W 57th Sts;West 50s;50 W 57th St
Mangia;40 Wall St. | Trump Building;Financial District;40 Wall St
Mangia;16 E 48th St.;East 40s;16 E 48th St
Manhattan Heroes;27th & 7th Ave.;Chelsea;7th Ave & W 27th St
Mantra 986;986 Second Ave.;East 50s;986 2nd Ave
Maoz;38 Union Square East;Union Square;38 Union Square E
Mara's Homemade;342 E 6th St.;East Village;342 E 6th St
March;405 E 58th St.;East 50s;405 E 58th St
Marchi's;251 E 31st St.;Murray Hill;251 E 31st St
Maremma;228 W 10th St.;West Village;228 W 10th St
Marfa;101 E 2nd St.;East Village;101 E 2nd St
Mark Joseph;261 Water St.;Financial District;261 Water St
Market Café;496 9th Ave.;Garment District;496 9th Ave
Market Table;54 Carmine St.;West Village;54 Carmine St
Markt;676 6th Ave.;Chelsea;676 6th Ave
Marquet Patisserie;15 E 12th St.;East Village;15 E 12th St
Marseille;630 9th Ave.;West 40s;630 9th Ave
Mary's Fish Camp;64 Charles St.;West Village;64 Charles St
Matsugen;241 Church St.;Tribeca;241 Church St
Matsuri;396 W 16th St.;Chelsea;396 W 16th St
Max;1274 Amsterdam Ave.;Harlem;1274 Amsterdam Ave
Max;51 Ave. B;East Village;51 Avenue B
Max Brenner;141 Second Ave.;East Village;141 2nd Ave
Max Brenner;841 Broadway;Union Square;841 Broadway
Max SoHa;1274 Amsterdam Ave.;Harlem;1274 Amsterdam Ave
Maz Mezcal;316 E 86th St.;East 80s;316 East 86th St
Maze;151 W 54th St. | The London NYC;West 50s;151 W 54th St
McCormick & Schmick's;1285 Sixth Ave.;West 50s;1285 6th Ave
Megu;62 Thomas St.;Tribeca;62 Thomas St
Megu;845 United Nations Plaza;East 40s;845 United Nations Plaza
Menchanko-Tei;43-45 W 55th St.;West 50s;43 W 55th St
Menkui-Tei;63 Cooper Sq.;Noho;63 Cooper Sq
Mercadito;179 Ave. B;East Village;179 Avenue B
Mercat;45 Bond St.;Greenwich Village;45 Bond St
Mercer Kitchen;99 Prince St. | Mercer Hotel;Soho;99 Prince St
Mercury Dime;246 E 5th St.;East Village;246 E 5th St
Merkato 55;55 Gansevoort St.;Meatpacking District;55 Gansevoort St
Mermaid Inn;96 2nd Ave.;East Village;96 2nd Ave
Mesa Grill;102 Fifth Ave.;Flatiron;102 5th Ave
Meskel;199 E 3rd St.;East Village;199 E 3rd St
Meskerem;468 W 47th St.;West 40s;468 W 47th St
Metisse;230 W 105th St.;West 100s;230 W 105th St
Metro Marche;625 Eighth Ave.;West 40s;625 8th Ave
Mexican Radio;19 Cleveland Pl.;Soho;19 Cleveland Pl
Mexicana Mama;525 Hudson St.;West Village;525 Hudson St
Mexico Lindo;459 2nd Ave.;Murray Hill;459 2nd Ave
Mezzaluna;1295 Third Ave.;East 70s;1295 3rd Ave
Mi Cocina;57 Jane St.;West Village;57 Jane St
Mi Mexico Lindo Panaderia;2267 Second Ave.;East Harlem;2267 2nd Ave
Mia Dona;206 E 58th St.;East 50s;206 E 58th St
Minar;138 W 46th St.;West 40s;138 W 46th St
Minca;536 E 5th St.;East Village;536 E 5th St
Mint;150 E 50th St. | San Carlos Hotel;East 50s;150 E 50th St
Mishima;164 Lexington Ave.;Murray Hill;164 Lexington Ave
Miss Mamie's Spoonbread Too;366 W 110th St.;Harlem;366 W 110th St
Miss Maude's;547 Lenox Ave.;Harlem;547 Lenox Ave
Mizu Sushi;29 E 20th St.;Flatiron;29 E 20th St
Mo-Bay;17 W 125th St.;Harlem;17 W 125th St
Moco Global Dining;516A Third Ave.;Murray Hill;516a 3rd Ave
Momofuku Ko;163 1st Ave.;East Village;163 1st Avenue
Momofuku Milk Bar and Bakery;207 Second Ave.;East Village;207 2nd Ave
Momofuku Noodle Bar;171 1st Ave.;East Village;171 1st Avenue
Momofuku Ssam Bar;207 2nd Ave.;East Village;207 2nd Ave
Momofuku Ssäm Bar;207 Second Ave.;East Village;207 2nd Ave
Momoya;185 Seventh Ave.;Chelsea;185 7th Ave
Mon Petit Cafe;801 Lexington Ave.;East 60s;801 Lexington Ave
Monck's Corner;644 9th Ave.;West 40s;644 9th Ave
Mooncake Foods;28 Watts St.;Tribeca;28 Watts St
Morandi;211 Waverly Pl.;West Village;211 Waverly Pl
Morimoto;88 10th Ave.;Chelsea;88 10th Ave
Morton's, The Steakhouse;Morton's, The Steakhouse;East 40s;551 5th Ave
Mott Pho Bang Restaurant;157 Mott St.;Chinatown;157 Mott St
Mottsu;285 Mott St.;Soho;285 Mott St
Moustache;1621 Lexington Ave.;East Harlem;1621 Lexington Ave
Mr. Chow;324 E 57th St.;East 50s;324 E 57th St
Mr. Chow Tribeca;121 Hudson St.;Tribeca;121 Hudson St
Mr. Ginger;1572 2nd Ave.;East 80s;1572 2nd Ave
Mr. K's;570 Lexington Ave.;East 50s;General Electric Building
Mr. Skewer & Co.;43 W 14th St.;Chelsea;43 W 14th St
Mr. Tang;50 Mott St.;Chinatown;50 Mott St
Mughlai;320 Columbus Ave.;West 70s;320 Columbus Ave
Naima;513 W 27th St.;Chelsea;513 W 27th St
Nam;110 Reade St.;Tribeca;110 Reade St
Nam Zhaou Hand Made Noodle and Dumpling Place;144 E Broadway;Chinatown;144 E Broadway
Nanni;146 E 46th St.;East 40s;146 E 46th St
Nanoosh Mediterranean Hummus Bar;1273 1st Avenue;East 60s;1273 1st Avenue
Native;161 Lenox Ave.;Harlem;161 Lenox Ave
Natsumi;226 W 50th St.;West 50s;226 W 50th St
Neary's;358 E 57th St.;East 50s;358 E 57th St
Nello;696 Madison Ave.;East 60s;696 Madison Ave
Nelson Blue;233 Front St.;South Street Seaport;233 Front St
Neo Sushi;2298 Broadway;West 80s;2298 Broadway
Neptune Room;511 Amsterdam Ave.;West 80s;511 Amsterdam Ave
Nero;46 Gansevoort St.;Greenwich Village;46 Gansevoort St
New Bai Wei Gourmet Foods;51 Division St.;Chinatown;51 Division St
New Bo-Ky;82 Bayard St.;Chinatown;82 Bayard St
New Caporal;3772 Broadway;Washington Heights;3772 Broadway
New Chao Chow Restaurant;111 Mott St.;Chinatown;111 Mott St
New Green Bo;66 Bayard St.;Chinatown;66 Bayard St
New Malaysia Restaurant;46-48 Bowery;Chinatown;46 Bowery #48
New Naima Kada;124 Lexington Avenue;Murray Hill;124 Lexington Ave
New Pasteur Restaurant;85 Baxter St.;Chinatown;85 Baxter St
New York Burger Co.;303 Park Ave. S;Flatiron;303 Park Ave S
Nha Trang;148 Centre St.;Chinatown;148 Centre St
Nha Trang;87 Baxter St.;Chinatown;87 Baxter St
Nicky's Vietnamese Sandwiches;150 E 2nd St.;East Village;150 E 2nd St
Nicola's;146 E 84th St.;East 80s;146 E 84th St
Nicole's;10 E 60th St.;East 60s;10 E 60th St
Niko's Mediterranean Grill & Bistro;2161 Broadway;West 70s;2161 Broadway
Nikoniko;80 Wall St.;Financial District;80 Wall St
Niles Restrnt;371 7th Ave. Lbby;Garment District;371 7th Ave
Nina's Argentinean Pizzeria;1750 Second Ave.;East 90s;1750 2nd Ave
Nino's Tuscany;117 W 58th St.;West 50s;117 W 58th St
Nippon;155 E 52nd St.;East 50s;155 E 52nd St
Nirvana;218 Third Ave.;Flatiron;218 3rd Ave
No 1 Chinese Restaurant;825 W 181st St.;Washington Heights;825 W 181st St
Noah's Ark;399 Grand St.;Lower East Side;399 Grand St
Noble Food & Wine;7 Spring St.;Little Italy;7 Spring St
Nobu;105 Hudson St.;Tribeca;105 Hudson St
Nobu 57;40 W 57th St.;West 50s;40 W 57th St
Nobu Next Door;105 Hudson St.;Tribeca;105 Hudson St
Nocello;257 W 55th St.;West 50s;257 W 55th St
Noche Mexicana;852 Amsterdam Ave.;West 100s;852 Amsterdam Ave
Noho Star;330 Lafayette St.;Greenwich Village;330 Lafayette St
Nolita House;47 E Houston St.;Little Italy;47 E Houston St
Nomad;78 Second Ave.;East Village;78 2nd Ave
Noodle Bar;26 Carmine Street;West Village;26 Carmine St
Norma's;118 W 57th St. | Le Parker Meridian;West 50s;119 W 56th St
Novita;102 E 22nd St.;Flatiron;102 E 22nd St
Nyonya;194 Grand St.;Chinatown;194 Grand St
O.G.;507 E 6th St.;East Village;507 E 6th St
OK 218;218-220 Grand St.;Chinatown;218 Grand St #220
Oak Room at the Plaza;768 5th Avenue;West 50s;768 5th Ave
Obika;590 Madison Ave.;East 50s;590 Madison Ave
Ocean Grill;384 Columbus Ave.;West 70s;384 Columbus Ave
Oceana;55 E 54th St.;East 50s;55 E 54th St
Odeon;145 W Broadway;Tribeca;145 W Broadway
Oh! Taisho;9 St. Marks Pl.;East Village;9 St Marks Pl
Old Homestead Steak House;56 9th Ave.;Chelsea;56 9th Ave
Old Town Bar;45 E 18th St.;Flatiron;45 E 18th St
Olympic Pita;58 W 38th St.;Garment District;58 W 38th St
Omai;158 9th Ave.;Chelsea;158 9th Ave
Omen;113 Thompson St.;Soho;113 Thompson St
Omido;1695 Broadway;West 50s;1695 Broadway
Oms/B;156 E 45th St.;East 40s;156 E 45th St
Once Upon A Tart;135 Sullivan St.;Soho;135 Sullivan St
Onda;229 Front St.;South Street Seaport;229 Front St
One 83;1608 1st Ave.;East 80s;1608 1st Avenue
One Fish, Two Fish;1399 Madison Ave.;East 90s;1399 Madison Ave
One if by Land, Two if by Sea;17 Barrow St.;Greenwich Village;17 Barrow St
Ono;18 Ninth Ave.;Meatpacking District;18 9th Ave
Oriental Food Restaurant;103-105 Mott St.;Chinatown;103 Mott St
Oriental Garden;14 Elizabeth St.;Soho;14 Elizabeth St
Osaka Vibe;355 Bowery;East Village;355 Bowery
Osterial Gelsi;507 9th Ave.;West 40s;507 9th Ave
Osterial Laguna Restaurant;209 E 42nd St. | Grand Central Station;East 40s;209 E 42nd St. | Grand Central Station
Ostia;113 7th Avenue S #15;East 50s;113 7th Ave S #15
Otafuku;236 E 9th St.;East Village;236 E 9th St
Otto;1 Fifth Ave.;Greenwich Village;1 5th Ave
Otto Restaurant Enoteca Pizzeria;1 5th Ave.;Greenwich Village;1 5th Ave
Ottomanelli New York Grill;1424 Lexington Ave.;East 90s;1424 Lexington Ave
Ouest;2315 Broadway;West 80s;2315 Broadway
Our Place;1444 3rd Ave.;East 80s;1444 3rd Ave
Overseas Asian Restaurant;49 Canal St.;Chinatown;49 Canal St
Oyster Bar;89 E 42nd St.;East 40s;89 E 42nd St
PJ Bernstein;1215 3rd Ave.;East 70s;1215 3rd Ave
PJ Clarke's;44 W 63rd St. | Lincoln Square;West 60s;44 W 63rd St.
PJ Clarke's;915 3rd Ave.;East 50s;915 3rd Ave
Pad Thai;114 8th Ave.;Chelsea;114 8th Ave
Pak Punjab Deli and Grocery;50 E. 3rd St.;East Village;50 E 3rd St
Pakistan Tea House;176 Church St.;Tribeca;176 Church St
Pala;198 Allen St.;Lower East Side;198 Allen St
Palacinka;28 Grand St.;Soho;28 Grand St
Paladar;161 Ludlow St. Frnt;Lower East Side;161 Ludlow St
Palm Restaurant;837 2nd Ave.;East 40s;837 2nd Ave
Pam Real Thai Food;404 W 49th St.;West 40s;404 W 49th St
Pampa;768 Amsterdam Ave.;West 90s;768 Amsterdam Ave
Pampano;209 E 49th St.;East 40s;209 E 49th St
Pampano Taqueria;805 Third Ave.;East 50s;805 3rd Ave
Pancho Magico;213 Pearl St.;Financial District;213 Pearl St
Panino Sportivo Roma;1231 Amsterdam Ave.;Harlem;1231 Amsterdam Ave
Paola's;245 E 84th St.;East 80s;245 E 84th St
Papatzul;55 Grand St.;Chinatown;55 Grand St
Paradou;8 Little W 12th St.;Meatpacking District;8 Little W 12th St
Parigot;155 Grand St.;Soho;155 Grand St
Paris Cafe;119 South St.;Financial District;119 South St
Paris Commune;99 Bank St.;West Village;99 Bank St
Paris Sandwich;113 Mott St.;Soho;113 Mott St
Park Avenue Winter, Spring, Summer, Autumn;100 E 63rd St.;East 60s;100 E 63rd St
Park Terrace Bistro;4959 Broadway;Inwood;4959 Broadway
Pars;249 West 26th St.;Chelsea;249 W 26th St
Pars Grill House and Bar;249 W 26th St.;Garment District;249 W 26th St
Pascalou;1308 Madison Ave.;East 80s;1308 Madison Ave
Pasha Restaurant;70 W 71st St. | Frnt 1;West 70s;70 W 71st St
Pasita;47 8th St.;West Village;47 8th Ave
Pasta Presto 51;959 2nd Ave. Frnt;East 40s;959 2nd Ave
Pasticcio Restaurant;447 3rd Ave.;Murray Hill;447 3rd Ave
Pastis;9 9th Ave.;Meatpacking District;9 9th Ave
Patroon;160 E 46th St.;East 40s;160 E 46th St
Patsy's Pizzeria;2287-91 1st Ave.;East Harlem;2287 1st Avenue
Paul's;131 2nd Ave.;East Village;131 2nd Ave
Payard Patisserie & Bistro;1032 Lexington Ave.;East 70s;1032 Lexington Ave
Peanut Butter & Co;221 Sullivan St.;Greenwich Village;221 Sullivan St
Pearl Oyster Bar;18 Cornelia St.;West Village;18 Cornelia St
Peep;177 Prince St.;Soho;LOFTS AT PRINCE (WEDDING)
Pellegrino's;138 Mulberry St.;Little Italy;138 Mulberry St
Penelope;159 Lexington Ave.;West 50s;159 Lexington Ave
Pepe Giallo;253 10th Ave. Frnt;Chelsea;253 10th Ave
Pepe Rosso;149 Sullivan St.;Soho;149 Sullivan St
Pepolino;281 W Broadway;Soho;281 W Broadway
Per Lei;1347 2nd Ave.;East 70s;1347 2nd Ave
Perbacco;234 E 4th St.;East Village;234 E 4th St
Pergola Des Artistes;252 W 46th St.;West 40s;252 W 46th St
Peri Ela;1361 Lexington Ave.;East 90s;1361 Lexington Ave
Perilla;9 Jones St.;West Village;9 Jones St
Periyali;35 W 20th St.;Chelsea;35 W 20th St
Perle;62 Pearl St.;Financial District;62 Pearl St
Perry Street;176 Perry St.;West Village;176 Perry St
Persepolis;1423 Second Ave.;East 70s;1423 2nd Ave
Persimmon;277 E. 10th St.;East Village;277 E 10th St
Persimmon Kimchi House;277 E. 10th St.;East Village;277 E 10th St
Persphone;115 E. 60th St.;East 50s;115 E 60th St
Pesce e Pasta;262 Bleecker St.;West Village;262 Bleecker St
Pete's Tavern;129 E 18th St.;Flatiron;129 E 18th St
Petite Abeille;134 W Broadway;Soho;134 W Broadway
Philip Marie;569 Hudson St.;West Village;569 Hudson St
Philippe;33 E 60th St.;East 60s;33 E 60th St
Philly Slim's;789 9th Ave.;West 50s;789 9th Ave
Pho Grand;277C Grand St.;Chinatown;277C Grand St
Pho Saigon;52 Bowery;Chinatown;52 Bowery
Pho Tu Do;119 Bowery;Chinatown;119 Bowery
Pho Viet Huong;73 Mulberry St.;Chinatown;73 Mulberry St
Phobang Restaurant;157 Mott St.;Little Italy;157 Mott St
Phoenix Garden;242 E 40th St.;Murray Hill;242 E 40th St
Piadina;57 W 10th St.;West Village;57 W 10th St
Piano Due;151 W 51st St.;West 50s;151 W 51st St
Piccolo Angolo;621 Hudson St.;West Village;621 Hudson St
Pie;124 4th Ave.;East Village;124 4th Ave
Pig Heaven;1540 Second Ave.;East 80s;1540 2nd Ave
Pigalle;790 8th Ave.;West 40s;790 8th Ave
Pinche Taqueria;227 Mott St.;Soho;227 Mott St
Ping's Seafood Restaurant;22 Mott St.;Chinatown;22 Mott St
Pintxos;510 Greenwich St.;Tribeca;510 Greenwich St
Piola;48 E 12th;East Village;48 E 12th St
Pipa;38 East 19th St.;Flatiron;38 E 19th St
Pisticci;124 La Salle;Morningside Heights;124 La Salle St
Pita Joe;2 W 14th St.;Chelsea;2 W 14th St
Pita Pocket;21 E 12th St.;Greenwich Village;21 E 12th St
Pizza Bar;48-50 9th Ave.;Chelsea;48 9th Ave
Planet Thailand 212;30 W 24th St.;Chelsea;30 W 24th St
Polonia;110 1st Ave.;East Village;110 1st Avenue
Pomaire;371 W 46th St.;West 40s;371 W 46th St
Pommes Frites;123 2nd Ave.;East Village;123 2nd Ave
Pongal;110 Lexington Ave.;Murray Hill;110 Lexington Ave
Pop Burger;58-60 9th Ave.;Chelsea;58 9th Ave
Popover Cafe;551 Amsterdam Ave.;West 80s;551 Amsterdam Ave
Porchetta;110 E 7th St.;East Village;110 E 7th St
Posto;310 Second Ave.;Gramercy Park;310 2nd Ave
Pranna;79 Madison Avenue;Murray Hill;79 Madison Ave
Presstoast;112 MacDougal St.;Greenwich Village;112 MacDougal St
Prime Burger;5 E 51st St.;East 50s;5 E 51st St
Province;305 Church St.;Tribeca;305 Church St
Prune;54 E 1st St.;East Village;54 E 1st St
Public;210 Elizabeth St.;Little Italy;210 Elizabeth St
Public House;140 E 41st St.;West 40s;140 E 41st St
Puebla Mexican Food;47 1st Ave.;East Village;47 1st Avenue
Puglia Ristorante;189 Hester St.;Little Italy;189 Hester St
Pukk;71 1st Ave.;East Village;71 1st Avenue
Punjabi Food Junction;301 Tenth Ave.;Chelsea;301 Amsterdam Ave
Pure Food and Wine;54 Irving Pl.;Gramercy Park;54 Irving Pl
Puttanesca Italian Restaurant;859 9th Ave.;West 50s;859 9th Ave
Pylos;128 E 7th St.;East Village;128 E 7th St
Pão!;322 Spring St.;Soho;322 Spring St
Qasim;338 Ninth Ave.;Chelsea;338 9th Ave
Quartino;11 Bleecker St.;Noho;11 Bleecker St
Quatorze Bis;323 E 79th St.;East 70s;323 E 79th St
Queen Sheba;317 W 141st St.;Harlem;317 W 141st St
Quintessence;263 E 10th St.;East Village;263 E 10th St
R.U.B.;208 W 23rd St.;Chelsea;208 W 23rd St
Rack & Soul;2818 Broadway;West 100s;2818 Broadway
Rai Rai Ken;214 E 10th St.;East Village;214 E 10th St
Rain;100 W 82nd St.;West 80s;100 W 82nd St
Ramen Setagaya;141 First Ave.;East Village;141 1st Avenue
Rare;303 Lexington Ave.;Murray Hill;303 Lexington Ave
Rare Bar & Grill;228 Bleecker St.;West Village;228 Bleecker St
Red Bamboo;140 W 4th St.;Greenwich Village;140 West 4th Street
Red Egg;202 Centre St.;Chinatown;202 Centre St
Regate;198 Orchard St.;Lower East Side;198 Orchard St
Republic;37 Union Square West;Union Square;37 Union Square W
Restaurant Nippon;155 E 52nd St.;East 50s;155 E 52nd St
Resto;111 E 29th St.;Murray Hill;111 E 29th St
Ricardo Steak House;2145 Second Ave.;East Harlem;2145 2nd Ave
Rice;227 Elizabeth St.;Nolita;227 Elizabeth St
Rice 'N Beans;744 9th Ave.;West 50s;744 9th Ave
Rice to Riches;37 Spring St.;Soho;37 Spring St
Rickshaw Dumpling Bar;61 W 23rd St.;Flatiron;61 W 23rd St
Riingo;205 E 45th St.;East 40s;205 E 45th St
Rinconcito;307 W 39th St.;West 40s;307 W 39th St
Roberto;741 Ninth Ave.;West 50s;741 9th Ave
Ronnybrook Milk Bar;75 9th Ave.;Chelsea;75 9th Ave
Room Service;166 8th Ave.;Chelsea;166 8th Ave
Roomali;97 Lexington Ave.;Murray Hill;97 Lexington Ave
Rosa Mexicano;61 Columbus Ave.;West 60s;61 Columbus Ave
Roti Plus;2345 Eighth Ave.;Harlem;2345 Frederick Douglass Blvd
Rouge Tomate;14 East 60th Street;East 60s;14 E 60th St
Royal Siam;240 8th Ave.;Chelsea;240 8th Ave
Rudy's Bar & Grill;627 9th Ave.;West 40s;627 9th Ave
S'mac;345 E 12th St.;East Village;345 E 12th St
Sahara East;184 1st Ave.;East Village;184 1st Avenue
Sahara's Turkish Cuisine;513 Second Ave.;Murray Hill;513 2nd Ave
Saigon Banh Mi Bakery;138 Mott St.;Chinatown;138 Mott St
Saigon Grill;2381 Broadway;West 80s;2381 Broadway
Sakae Sushi;135 W. 3rd St.;Greenwich Village;135 W 3rd St
Sakagura;211 E 43rd St.;East 40s;211 E 43rd St
Sal's and Carmine's;2671 Broadway;West 100s;2671 Broadway
Salumeria Biellese;378 Eighth Ave.;Chelsea;378 8th Ave
Salumeria Rosi Parmacotto;283 Amsterdam Ave.;West 70s;283 Amsterdam Ave
Sammy's;453 6th Ave.;West Village;453 6th Ave
San Francisco de Asis;1779 Lexington Ave.;East Harlem;1779 Lexington Ave
San Loco;124 2nd Ave.;East Village;124 2nd Ave
San Loco;111 Stanton St.;Lower East Side;111 Stanton St
San Loco;151 Ave. A;East Village;151 Avenue A
Sangam;190 Bleecker St.;Greenwich Village;190 Bleecker St
Sanmaroo;22 W 8 St.;West Village;22 W 8th St
Sapporo;152 W 49th St.;West 40s;152 W 49th St
Sapporo East;245 E 10th St.;East Village;245 E 10th St
Sarabeth's;423 Amsterdam Ave.;West 80s;423 Amsterdam Ave
Sarabeth's;75 Ninth Ave.;Flatiron;75 9th Ave
Sarabeth's;1295 Madison Ave.;East 90s;1295 Madison Ave
Sarge's;548 3rd Ave.;Murray Hill;548 3rd Ave
Sassy's Sliders;1530 Third Ave.;East 80s;1530 3rd Ave
Savann;414 Amsterdam Ave.;West 80s;414 Amsterdam Ave
Savarona;420 E 59th St.;East 50s;420 E 59th St
Scarpetta;355 W. 14th St.;Meatpacking District;355 W 14th St
Schiller's Liquor Bar;131 Rivington St.;Lower East Side;131 Rivington St
Seasonal;132 W 58th St.;West 50s;132 W 58th St
Second Avenue Deli;162 E 33rd St.;Murray Hill;162 E 33rd St
Seoul Station;81 St. Marks Place;East Village;81 St Marks Pl
Serafina;1022 Madison Ave.;East 70s;1022 Madison Ave
Serendipity 3;225 E 60th St.;East 60s;225 E 60th St
Servants of God/A Taste of Seafood;50 E 125th St.;East Harlem;50 E 125th St
Shabu-Tatsu Downtown;216 E 10th St.;East Village;216 E 10th St
Shake Shack;23rd & Madison Ave.;Flatiron;Madison Ave & E 23rd St
Shang;187 Orchard St.;Chinatown;187 Orchard St
Shanghai Café;100 Mott St.;Chinatown;100 Mott St
Shanghai Cuisine;89 Bayard St.;Chinatown;89 Bayard St
Sharaku;14 Stuyvesant St.;East Village;14 Stuyvesant St
Sheng Wang;27 Eldridge St.;Chinatown;27 Eldridge St
Shima;188 2nd Ave.;East Village;188 2nd Ave
Shinbashi;7 E 48th St.;East 40s;7 E 48th St
Sigiri;91 First Ave.;East Village;91 1st Avenue
Silver Spurs;771 Broadway;Greenwich Village;771 Broadway
Silver Spurs;494 La Guardia Place;Greenwich Village;494 LaGuardia Pl
Simon Sips Cafe;72 East 1st Street;Greenwich Village;72 E 1st St
Singapore Café;69 Mott St.;Chinatown;69 Mott St
Singas Famous Pizza;176 Second Ave.;East Village;176 2nd Ave
Sirtaj;36 W 26th St.;Flatiron;36 W 26th St
Skylight Diner;402 W 34th St.;Chelsea;402 W 34th St
Skyway;11 Allen St.;Lower East Side;11 Allen St
Slurp;84 Stanton St.;Lower East Side;84 Stanton St
Smith's;79 MacDougal Street;Greenwich Village;79 MacDougal St
Smokin' Q;206 E 63rd St.;East 60s;206 E 63rd St
Smorgas Chef;53 Stone St.;Financial District;53 Stone St
Soba Totto;211 E. 43rd St.;East 40s;211 E 43rd St
Soba-ya;229 E 9th St.;East Village;229 E 9th St
Sokobolie;2529 8th Ave.;Harlem;2529 Frederick Douglass Blvd
Sophie's Cuban Cuisine;96 Chambers St.;Financial District;96 Chambers St
Sorella;95 Allen St.;East Village;95 Allen St
Soto;357 Sixth Ave.;West Village;357 6th Ave
Soul Fixins';371 W 34th St.;Chelsea;371 W 34th St
Southern Hospitality;1460 Second Ave.;East 70s;1460 2nd Ave
Soy;102 Suffolk St.;Lower East Side;102 Suffolk St
Spain;113 W 13th St.;West Village;113 W 13th St
Spice;104 2nd Ave.;East Village;104 2nd Ave
Spice;60 University Place;Greenwich Village;60 University Pl
Spice;199 8th Ave.;Chelsea;199 8th Ave
Spice;1411 2nd Ave.;East 70s;1411 2nd Ave
Spice Market;403 W 13th St.;West Village;403 W 13th St
Spiga;200 West 84th St.;West 80s;200 W 84th St
Spitzer's Corner;101 Rivington St.;Lower East Side;101 Rivington St
Spotted Pig;314 W 11th St.;West Village;314 W 11th St
Spring Street Natural Restaurant;62 Spring St.;Soho;62 Spring St
St. Andrews;120 W 44th St.;West 40s;120 W 44th St
St. Marks Ale House;2 St. Marks Pl.;East Village;2 St Marks Pl
Stand;24 E 12th St.;East Village;24 E 12th St
Steak Frites;225 Varick St.;Greenwich Village;225 Varick St
Stout NYC;133 W 33rd St.;Chelsea;133 W 33rd St
Strange Taste;20 Henry St.;Chinatown;20 Henry St
Strip House;13 E 12th St.;East Village;13 E 12th St
Suba;109 Ludlow St.;Lower East Side;109 Ludlow St
Sueños;311 W 17th St.;Chelsea;311 W 17th St
Sugar Sweet Sunshine Bakery;126 Rivington St.;Lower East Side;126 Rivington St
Sukhadia's Gokul Indian Gourmet;17 W 45th St.;West 40s;17 W 45th St
Sumile;154 W 13th St.;West Village;154 W 13th St
Sun Dou;214 Grand St.;Soho;214 Grand St
Sunburnt Cow;137 Ave. C;East Village;137 Loisaida Ave
Sunrise Cuisine;2317 First Ave.;East Harlem;2317 1st Avenue
Sunrise Mart;4 Stuyvesant St.;East Village;4 Stuyvesant St
Super Taste;26 Eldridge St.;Chinatown;26 Eldridge St
Supermac;348 Seventh Ave.;Chelsea;348 7th Ave
Supper Restaurant;156 E. 2nd Street;East Village;156 E 2nd St
Sushi A la Kawa;22 Maiden Ln.;Financial District;22 Maiden Ln
Sushi Samba;245 Park Ave. South;Gramercy Park;245 Park Ave S
Sushi Seki;1143 First Ave.;East 60s;1143 1st Avenue
Sushi Yasuda;204 E 43rd St.;East 40s;204 E 43rd St
Sushi Zen;108 W 44th St.;West 40s;108 W 44th St
Sushisay;38 E 51st St.;East 50s;38 E 51st St
Suteishi;24 Peck Slip;South Street Seaport;24 Peck Slip
Sweetiepie;19 Greenwich Ave.;Greenwich Village;19 Greenwich Ave
TOMO;2850 Broadway;West 100s;2850 Broadway
Taam Tov;46 West 47th St.;West 40s;46 W 47th St
Tabla Frankie Cart;11 Madison Ave.;Flatiron;11 Madison Ave
Tacocina;714 Ninth Ave.;West 40s;714 9th Ave
Tahini;23 3rd Ave.;East Village;23 3rd Ave
Tailor;525 Broome St.;Soho;525 Broome St
Taim;222 Waverly Pl.;West Village;222 Waverly Pl
Takahatchi;85 Ave. A;East Village;85 Avenue A
Taksim;1030 Second Ave.;East 50s;1030 2nd Ave
Tamarind;41-43 E. 22nd St.;Flatiron;41 E 22nd St #43
Tamil Nadu Bhavan;102 Lexington Ave.;Murray Hill;102 Lexington Ave
Tang Pavilion;65 W 55th St.;West 50s;65 W 55th St
Taqueria y Fonda;968 Amsterdam Ave.;West 100s;968 Amsterdam Ave
Tartine;253 W 11th St.;West Village;253 W 11th St
Tavern on Jane;31 8th Ave.;West Village;31 8th Ave
Tavern on the Green;67 Central Park W;West 60s;67 Central Park West
Tebaya;144 W 19th St.;Chelsea;144 W 19th St
Telepan;72 W 69th St.;West 60s;72 W 69th St
Telephone;149 2nd Ave.;East Village;149 2nd Ave
Tello's Ristorante;263 W 19th St.;Chelsea;263 W 19th St
Temple in the Village;74 W 3rd St.;Greenwich Village;74 W 3rd St
Terry's Gourmet;575 Sixth Ave.;Chelsea;575 6th Ave
Tet;83 Ave. A;East Village;83 Avenue A
Texas Smokehouse BBQ;637 2nd Ave.;Murray Hill;637 2nd Ave
Thai Market;960 Amsterdam Ave.;West 100s;960 Amsterdam Ave
Thai So'n;89 Baxter St.;Chinatown;89 Baxter St
Thalassa Restuarant;179 Franklin St.;Tribeca;179 Franklin St
The Country Kebab;76 Fulton St.;Financial District;76 Fulton St
The Crooked Knife;29 e. 30th St.;Murray Hill;29 E 30th St
The Cupping Room Cafe, Inc.;359 W. Broadway;Soho;359 W Broadway
The E.U.;235 E. Fourth St.;East Village;235 E 4th St
The Elephant;58 E. First St.;East Village;58 E 1st St
The Grey Dog's Coffee;33 Carmine St.;West Village;33 Carmine St
The Harrison;355 Greenwich St.;Tribeca;355 Greenwich St
The Irish Punt;40 Exchange Place;Financial District;40 Exchange Pl
The John Dory;85 Tenth Ave, New York;Chelsea;85 10th Ave
The Mill;2895 Broadway;West 100s;2895 Broadway
The Modern;11 W 53rd St.;West 50s;11 W 53rd St
The New French;522 Hudson St.;West Village;522 Hudson St
The Oak Room;59 W 44th St.;West 40s;59 W 44th St
The Orchard;162 Orchard St.;Lower East Side;WASSAIL
The Palm;837 2nd Ave.;East 40s;837 2nd Ave
The Park;118 10th Ave.;Chelsea;118 10th Ave
The Red Cat;227 10th Ave.;Chelsea;227 10th Ave
The Silver Swan;41 E 20th St.;Flatiron;41 E 20th St
The Smith;55 3rd Ave.;East Village;55 3rd Ave
The Stanton Social;99 Stanton St.;Lower East Side;99 Stanton St
The Tasting Room;72 E. First St.;East Village;72 E 1st St
The Trailer Park Lounge;271 W 23rd St.;Chelsea;271 W 23rd St
The Water Club;500 E 30th St.;Murray Hill;500 E 30th St
Thor;107 Rivington St.;Lower East Side;107 Rivington St
Three of Cups;83 First Ave.;East Village;83 1st Avenue
Tia Pol;205 10th Ave.;Chelsea;205 10th Ave
Tiffin Wallah;127 East 28th Street;Murray Hill;127 E 28th St
Times Square Brewery;210 W 42nd St.;East 40s;210 W 42nd St
Tiny's Giant Sandwich Shop;129 Rivington St.;Lower East Side;129 Rivington St
Todai;6 E 32nd St.;Murray Hill;6 E 32nd St
Tokyo La Men;90 University Pl.;Greenwich Village;90 University Pl
Tokyo Lunch;10 John St.;Financial District;10 John St
Toloache;251 W 50th St.;West 50s;251 W 50th St
Tomoe Sushi;172 Thompson St.;Greenwich Village;172 Thompson St
Totally Baked;8 W 18th St.;Chelsea;8 W 18th St
Totonno's;462 Second Ave.;Murray Hill;462 2nd Ave
Tout Va Bien;311 W 51st St.;West 50s;311 W 51st St
Trattoria Spaghetto;232 Bleecker St.;West Village;232 Bleecker St
Treichville;339 E 118th St.;East Harlem;339 E 118th St
Trestle on Tenth;242 10th Ave.;Chelsea;242 10th Ave
Tribeca Grill;375 Greenwich Street;Tribeca;375 Greenwich St
Trigo;268 W. Broadway;Tribeca;268 W Broadway
Troy;539 9th Ave.;West 40s;539 9th Ave
Tu Quynh Center;230 Grand St.;Chinatown;230 Grand St
Tulcingo Del Valle Grocery;665 Tenth Ave.;West 40s;665 Amsterdam Ave
Turkuaz;2637 Broadway;West 100s;2637 Broadway
Two Boots;201 W 11th St.;West Village;201 W 11th St
Two Boots;30 Rockefeller Plz.;West 40s;30 Rockefeller Plaza
Two Boots;42 Ave. A;East Village;42 Avenue A
Two Boots;Grand Central Station;East 40s;89 E 42nd St
Two Boots;74 Bleecker St.;Greenwich Village;74 Bleecker St
Two Boots Tavern;;;
Two Times Square;714 Seventh Ave.;West 40s;714 7th Ave
Txikito;240 Ninth Ave.;Chelsea;240 9th Ave
Udon West;150 E 46th St.;East 40s;150 E 46th St
Udon West;11 St. Marks Place;East Village;11 St Marks Pl
Ulysses;93 Pearl St.;Financial District;93 Pearl St
Una Pizza Napoletana;349 E 12th St.;East Village;349 E 12th St
Uncle Nick's;747 Ninth Ave.;West 50s;747 9th Ave
Union Prime;9 E 16th St, New York;East Village;9 E 16th St
Union Square Cafe;21 E 16th St.;Union Square;21 E 16th St
Ureña;37 E 28th St.;Murray Hill;37 E 28th St
Ushiwakamaru;136 W Houston St.;Greenwich Village;136 W Houston St
Vanessa's Dumplings;220 E. 14th St.;East Village;220 E 14th St
Vegetarian Dim Sum House;24 Pell St.;Chinatown;24 Pell St
Vento;between W. 13th and W. 14th St.;West Village;between W. 13th and W. 14th St.
Veritas;43 E 20th St.;Flatiron;43 E 20th St
Veselka;144 2nd Ave.;East Village;144 2nd Ave
Via Emilia;47 E 21st St.;Flatiron;47 E 21st St
Viceroy;160 8th Ave.;Chelsea;160 8th Ave
Viet Café;345 Greenwich St.;Tribeca;345 Greenwich St
Village Mingala;21 E 7th St.;East Village;21 E 7th St
Village Yokocho;8 Stuyvesant St.;East Village;8 Stuyvesant St
Vintage Irving;120 E15th St.;Union Square;120 E 15th St
Virage;118 Second Ave.;East Village;118 2nd Ave
Virgil's Real Barbecue;152 W 44th St.;West 40s;152 W 44th St
Viva Herbal;179 Second Ave.;East Village;179 2nd Ave
Vynl;507 Columbus Ave.;West 80s;507 Columbus Ave
Vynl;824 9th Ave.;West 40s;824 9th Ave
Vynl;754 9th Ave.;West 50s;754 9th Ave
Vynl;1491 2nd Ave.;West 50s;1491 2nd Ave
Vynl;102 8th Ave.;Chelsea;102 8th Ave
Wa Ji Pork Chip Fast Food;7 Allen St.;Chinatown;7 Allen St
WaWa Canteen;289 Mercer St.;Greenwich Village;289 Mercer St
Wah Fung No. 1 Fast Food;79 Chrystie St.;Chinatown;79 Chrystie St
Waldy's Wood-Fired Pizza & Penne;800 6th Ave.;Chelsea;800 6th Ave
Wall Street Burger Shoppe;30 Water St.;Financial District;30 Water St
Waverly Inn;16 Bank St.;West Village;16 Bank St
Waverly Restaurant;385 6th Ave.;West Village;385 6th Ave
Westville;210 W 10th St.;West Village;210 W 10th St
Westville East;173 Ave. A;East Village;173 Avenue A
Wing Shoon;165 E Broadway;Lower East Side;165 E Broadway
Wok to Walk;106 University Place;Union Square;106 University Pl
Won Jo;23 W 32nd St.;Chelsea;23 W 32nd St
Wondee Siam;813 9th Ave.;West 50s;813 9th Ave
Wonton Garden;56 Mott St.;Chinatown;56 Mott St
Woorijip;12 W 32nd St.;Chelsea;12 W 32nd St
Wu Liang Ye;338 Lexington Ave.;Murray Hill;338 Lexington Ave
XO Kitchen;148 Hester St.;Soho;148 Hester St
Xai Xai;365 W. 51st St.;West 50s;365 W 51st St
Xunta;174 First Ave.;East Village;174 1st Avenue
Yaffa Cafe;97 St. Marks Place;East Village;97 St Marks Pl
Yaffa Café;97 St. Marks Pl.;East Village;97 St Marks Pl
Yakiniku West;218 E 9th St.;East Village;218 E 9th St
Yakitori Taisho;5 Saint Marks Pl.;East Village;5 St Marks Pl
Yakitori Totto;251 W 55th St.;West 50s;251 W 55th St
Yama;122 E 17th St.;Flatiron;122 E 17th St
Yama;92 W Houston St.;Greenwich Village;92 W Houston St
Yama;38-40 Carmine St.;West Village;38-40 Carmine St
Yeah Shanghai Deluxe;65 Bayard St.;Chinatown;65 Bayard St
Yoghurt Place II;71 Sullivan St.;Soho;71 Sullivan St
Yoshi;201 E Houston St.;Lower East Side;201 E Houston St
Yoshinoya;255 W 42nd St.;West 40s;255 W 42nd St
Young City Fish Balls;21 Eldridge St.;Chinatown;21 Eldridge St
Yuca Bar & Restaurant;111 Avenue A;East Village;111 Avenue A
Yum Thai;129 West 44th St.;West 40s;129 W 44th St
Yushi;245 Park Avenue;East 40s;245 Park Avenue
Zabar's Deli & Gourmet Foods;2245 Boradway;West 80s;2245 Broadway
Zabb City;244 E. 13th St.;East Village;244 E 13th St
Zaitzeff;72 Nassau St.;Financial District;72 Nassau St
Zaragoza Grocery;215 Ave. A;East Village;215 Avenue A
Zemi;130 Ninth Ave.;Chelsea;130 9th Ave
Zen Palate;663 9th Ave.;West 40s;663 9th Ave
Zen Palate;104 John St.;Financial District;104 John St
Zip Burger;300 1/2 E 52nd;East 50s;300 1/2 E 52nd St
Zoma;2084 Frederick Douglass Blvd.;Harlem;2084 Frederick Douglass Blvd
Zorzi;1 E 35th St.;Gramercy Park;1 E 35th St
Zum Schneider;107 Ave. C;East Village;107 Loisaida Ave
eleven B.;174 Ave. B.;East Village;174 Avenue B
etcetera etcetera;352 W. 44th St.;West 40s;352 W 44th St
la Focaccia;51 Bank St.;West Village;51 Bank St
wd-50;50 Clinton St.;Lower East Side;50 Clinton St
Ñ;33 Crosby St.;Tribeca;33 Crosby St
