;restaurant;address;neighborhood;addressGoogle
0;'Cesca;164 W 75th St.;West 70s;164 W 75th St
1;'Ino;21 Bedford St.;West Village;21 Bedford St
2;'Inoteca;98 Rivington St.;Lower East Side;98 Rivington St
3;'Wichcraft;11 E 20th St.;Flatiron;11 E 20th St
4;'Wichcraft;397 Greenwich St.;Tribeca;397 Greenwich St
5;1 Dominick;1 Dominick St.;Soho;1 Dominick St
6;107 West;811 W 187th St.;Washington Heights;811 W 187th St
7;11B Express;174 Ave. B;Chelsea;174 Avenue B
8;12 Chairs;56 MacDougal St.;Nolita;56 MacDougal St
9;1492;60 Clinton St.;Lower East Side;60 Clinton St
10;15 East;15 E. 15th Street;Union Square;E 15th St
11;16 Handles;153 2nd Ave.;East Village;153 2nd Ave
12;2 West;2 West St.;Financial District;2 West St
13;202 Cafe;Chelsea Mkt | 75 Ninth Ave.;Chelsea;75 9th Ave
14;21 Club;21 W 52nd St.;West 50s;21 W 52nd St
15;213 Grand Street Gourmet;213 Grand St.;Chinatown;213 Grand St
16;24 Prince;24 Prince St.;Noho;24 Prince St
17;26 Seats;168 Avenue B;East Village;168 Avenue B
18;41 Greenwich Avenue;41 Greenwich Avenue;West Village;41 Greenwich Ave
19;44 & X Hell's Kitchen;622 10th Ave.;West 40s;622 10th Ave
20;44 Southwest;621 9th Ave.;West 40s;621 9th Ave
21;5 Napkin Burger;630 Ninth Avenue;West 40s;630 9th Ave
22;5 Ninth;5 Ninth Ave.;Meatpacking District;5 9th Ave
23;7A Cafe;109 Avenue A;East Village;109 Avenue A
24;88 Orchard;88 Orchard St.;East Village;88 Orchard St
25;88 Palace;88 E Broadway;East Village;88 E Broadway
26;99 Miles to Philly;94 Third Ave.;East Village;94 3rd Ave
27;A;947 Columbus Ave.;West 100s;947 Columbus Ave
28;A & C Kitchen;136 Avenue C;East Village;136 Loisaida Ave
29;A Casa Fox;173 Orchard St.;Lower East Side;173 Orchard St
30;A La Turka;1417 Second Ave.;East 70s;1417 2nd Ave
31;A Salt and Battery;112 Greenwich Ave.;West Village;112 Greenwich Ave
32;A Voce;41 Madison Ave.;Flatiron;Jerome Mansion
33;A-1 Pizza Shop;505 Grand St.;East Village;505 Grand St
34;A.O.C.;314 Bleecker St.;West Village;314 Bleecker St
35;AJ Maxwell's Steakhouse;57 W. 48th St.;West 40s;57 W 48th St
36;AOC;314 Bleecker St.;West Village;314 Bleecker St
37;AQ Café, Scandinavia House;58 Park Ave.;Murray Hill;58 Park Ave
38;Abboccato;136 W 55th St.;West 50s;136 W 55th St
39;Abigael's on Broadway;1407 Broadway;Murray Hill;1407 Broadway
40;Abitino's;947 First Ave.;East 50s;947 1st Avenue
41;Above;234 W. 42nd St.;West 40s;234 W 42nd St
42;Abraco;86 E 7th St.;East Village;86 E 7th St
43;Absinthe Wine Bar;111 1st Ave.;East Village;111 1st Avenue
44;Aburiya Kinnosuke;213 E 45th St.;East 40s;213 E 45th St
45;Acapella;1 Hudson St.;Little Italy;1 Hudson St
46;Accademia di Vino;1081 3rd Ave.;East 60s;1081 3rd Ave
47;Acme Bar & Grill;9 Great Jones;Nolita;9 Great Jones St
48;Acme Underground;9 Great Jones;Greenwich Village;9 Great Jones St
49;Acqua;718 Amsterdam Ave.;West 90s;718 Amsterdam Ave
50;Acqua at Peck Slip;21 Peck St.;South Street Seaport;21 Peck St
51;Adriatic Pizzeria & Restaurant;321 First Ave.;East Village;321 1st Avenue
52;Adrienne's Pizzabar;54 Stone;Financial District;54 Stone St
53;Afghan Kebab House;1345 Second Ave.;East 70s;1345 2nd Ave
54;Afghan Kebab House;764 Ninth Ave.;West 50s;764 9th Ave
55;Africa Kine;256 W 116th St.;Harlem;256 W 116th St
56;Against the Grain;620 E 6th St.;East Village;620 E 6th St
57;Agave;140 Seventh Ave. S;West Village;140 7th Ave
58;Agozar Restaurant & Lounge;324 Bowery;Greenwich Village;324 Bowery
59;Agozar!;324 Bowery;Greenwich Village;324 Bowery
60;Aja;432 Sixth Ave.;Greenwich Village;432 6th Ave
61;Aja Asian Bistro & Lounge;1068 1st Ave.;East 50s;1068 1st Avenue
62;Aji Sushi;519 3rd Avenue;Murray Hill;519 3rd Ave
63;Akdeniz;19 W 46th St.;West 40s;19 W 46th St
64;Aki Sushi;366 W 52nd St.;West 50s;366 W 52nd St
65;Aki Sushi;1425 York Ave.;East 70s;1425 York Ave
66;Aki Sushi;121 E 27th St.;Gramercy Park;121 E 27th St
67;Akina Sushi;424 E 14th St.;East Village;424 E 14th St
68;Al Baraka;1613 Second Ave.;East 80s;1613 2nd Ave
69;Al Bustan;827 Third Ave.;East 50s;827 3rd Ave
70;Al Diwan;210 Avenue A.;East Village;210 Avenue A
71;Albert's Mofongo House;4762 Broadway;Inwood;4762 Broadway
72;Alcala;342 E 46th St.;East 40s;342 E 46th St
73;Alexandra;455 Hudson St.;West Village;455 Hudson St
74;Alfama;551 Hudson;West Village;551 Hudson St
75;Alfredo's of Rome;4 W 49th St.;West 40s;4 W 49th St
76;Ali Baba;212 E 34th St.;Murray Hill;212 E 34th St
77;Alias;76 Clinton St.;Lower East Side;76 Clinton St
78;Alibaba;515 Amsterdam Ave.;West 80s;515 Amsterdam Ave
79;Alice's Tea Cup;102 W. 73rd St.;West 70s;102 W 73rd St
80;Alidoro;105 Sullivan St.;Greenwich Village;105 Sullivan St
81;Allegretti;46 W 22nd St.;Chelsea;46 W 22nd St
82;Alloro Restaurant;307 East 77th St.;East 80s;307 E 77th St
83;Aloe;406 E 9th St.;East Village;406 E 9th St
84;Alto;520 Madison Ave.;East 50s;520 Madison Ave
85;Amarok Bar & Grill;32 Cliff St.;Financial District;32 Cliff St
86;Amarone;686 9th Ave.;West 40s;686 9th Ave
87;Amaya;234 E 4th St.;East Village;234 E 4th St
88;Amazing 66;66 Mott St.;Chinatown;66 Mott St
89;Ambassador Grill & Lounge;44 First Avenue;East 40s;44 1st Avenue
90;Amber;1406 Third Ave.;East 80s;1406 3rd Ave
91;Amber;221 Columbus Ave.;West 70s;221 Columbus Ave
92;Ambrosia;273 1st Ave.;East Village;273 1st Avenue
93;American East Fuzhou Restaurant;54 E Broadway;Chinatown;54 E Broadway
94;American Girl Place;609 5th Ave.;East 40s;609 5th Ave
95;American Grill;117 2nd Ave.;East Village;117 2nd Ave
96;Angelica Kitchen;300 E 12th St.;East Village;300 E 12th St
97;Angelo and Maxie's;233 Park Ave. South;Gramercy Park;233 Park Ave S
98;Angon on the Sixth;320 E 6th St,;East Village;320 E 6th St
99;Angus McIndoe;258 West 44th Street;West 40s;258 W 44th St
100;Anna Maria Trattoria e Pizzeria;1592 First Ave.;East 80s;1592 1st Avenue
101;Anna's;268 E 10th St.;East Village;268 E 10th St
102;Annisa;13 Barrow St.;Greenwich Village;13 Barrow St
103;Anthos;36 W 52nd St.;West 50s;36 W 52nd St
104;Anyway Cafe;34 E 2nd St.;East Village;34 E 2nd St
105;Apiary;60 Third Ave.;East Village;60 3rd Ave
106;Apizz;217 Eldridge St.;East Village;217 Eldridge St
107;Aquagrill;210 Spring St.;Soho;210 Spring St
108;Aquavit;65 East 55th Street;East 50s;65 E 55th St
109;Arka Lounge;4488 Broadway;Washington Heights;4488 Broadway
110;Arno Ristorante;141 W 38th St.;Garment District;141 W 38th St
111;Arqua;281 Church St.;Tribeca;281 Church St
112;Artichoke Basille's Pizza & Brewery;328 E 14th St.;East Village;328 E 14th St
113;Artie's;2290 Broadway;West 80s;2290 Broadway
114;Artisanal;2 Park Ave.;Murray Hill;2 Park Ave 20th floor
115;Arturo's Pizza;1610 York Ave.;East 80s;1610 York Ave
116;Ashkara;189 E Houston St.;Lower East Side;189 E Houston St
117;Asia De Cuba;237 Madison Avenue;Murray Hill;237 Madison Ave
118;Assenzio;205 E 4th St.;East Village;205 E 4th St
119;Atelier, Ritz-Carlton Hotel;50 Central Park South;West 50s;50 Central Park S
120;Atomic Wings;184 1st Ave.;East Village;184 1st Avenue
121;Atria;13-15 W 54th St.;West 50s;13 W 54th St
122;Au Mandarin;200 Vesey St. (World Financial Center);Battery Park City;200 Vesey Street 3 World Financial Center 24 Floor
123;August;359 Bleecker St.;West Village;359 Bleecker St
124;Avra;141 E 48th St.;East 40s;141 E 48th St
125;Awash;338 E 6th St.;East Village;338 E 6th St
126;Azul Bistro;152 Stanton St.;Lower East Side;152 Stanton St
127;Azuri Cafe;465 W 51st St.;West 50s;465 W 51st St
128;Azuri Café;465 W 51st St.;West 50s;465 W 51st St
129;B & H Dairy Restaurant;127 Seconnd Ave.;East Village;127 2nd Ave
130;B Bar & Grill;40 E 4th St.;East Village;40 E 4th St
131;B Cup;212 Avenue B;East Village;212 Avenue B
132;B'un;143 Grand St.;Chinatown;143 Grand St
133;B-Bap Fusion Rice Bar;830 9th Ave.;West 50s;830 9th Ave
134;B. Cafe;240 E 75th St.;East 80s;240 E 75th St
135;B. Smith Restaurant;8th Ave. & 48th St.;West 40s;W 48th St & 8th Ave
136;BB Sandwich Bar;120 W 3rd St.;Greenwich Village;120 W 3rd St
137;BBQ;261 8th Ave.;Chelsea;261 8th Ave
138;BBQ;1265 3rd Ave.;East 70s;1265 3rd Ave
139;BBQ;3965 Broadway;Washington Heights;3965 Broadway
140;BG Restaurant;754 5th Ave, 7th Fl,;West 50s;754 5th Ave 7th Fl
141;BLT Burger;470 Sixth Ave.;West Village;470 6th Ave
142;BLT Fish;21 W 17th St.;Chelsea;21 W 17th St
143;BLT Market;1430 6th Ave.;West 50s;1430 6th Ave
144;BLT Prime;111 E 22nd St.;Murray Hill;111 E 22nd St
145;BLT Steak;106 E 57th St.;East 50s;106 E 57th St
146;BLVD - Bowery Bistro;199 Bowery;East Village;199 Bowery
147;Babbo;110 Waverly Pl.;West Village;110 Waverly Pl
148;Babbo Ristorante e Enoteca;110 Waverly Pl.;Greenwich Village;110 Waverly Pl
149;BabyCakes NYC;248 Broome St.;Lower East Side;248 Broome St
150;Bacaro;136 Division St.;Lower East Side;136 Division St
151;Back Forty;190 Ave. B;East Village;190 Avenue B
152;Baldoria;249 W 49th St.;West 40s;249 W 49th St
153;Bali Nusa Indah;651 Ninth Ave.;West 40s;651 9th Ave
154;Balkh Kebab & Restaurant;789 9th Ave.;West 50s;789 9th Ave
155;Ballato;55 E Houston St.;Nolita;55 E Houston St
156;Balthazar;80 Spring St.;Soho;80 Spring St
157;Baluchi's;90 W 3rd St.;Greenwich Village;90 W 3rd St
158;Baluchi's;275 Greenwich St.;Financial District;275 Greenwich St
159;Baluchi's;240 W 56th St.;West 50s;240 W 56th St
160;Baluchi's;361 6th Ave.;West Village;361 6th Ave
161;Baluchi's;193 Spring St.;Soho;193 Spring St
162;Baluchi's;1724 Second Ave.;East 90s;1724 2nd Ave
163;Baluchi's;329 Third Ave.;Murray Hill;329 3rd Ave
164;Baluchi's;1565 2nd Ave.;East 80s;1565 2nd Ave
165;Baluchi's;111 E 29th St.;Murray Hill;111 E 29th St
166;Bambou;243 E 14th St.;East Village;243 E 14th St
167;Bamiyan;358 Third Ave.;Gramercy Park;358 3rd Ave
168;Bamn!;37 St. Marks Pl.;Soho;37 St Marks Pl
169;Banh Mi So 1;369 Broome St.;Soho;369 Broome St
170;Banjara;97 First Ave.;East Village;97 1st Avenue
171;Bann;350 W 50th St.;West 50s;350 W 50th St
172;Baoguette;61 Lexington Ave.;Flatiron;61 Lexington Ave
173;Bar Americain;152 W 52nd St.;West 50s;152 W 52nd St
174;Bar Baresco;191 Seventh Ave.;Chelsea;191 7th Ave
175;Bar Boulud;1900 Broadway;West 60s;1900 Broadway
176;Bar Breton;254 5th Ave.;Chelsea;254 5th Ave
177;Bar Masa;10 Columbus Circle;West 60s;10 Columbus Cir
178;Bar Milano;323 Third Ave.;Gramercy Park;323 3rd Ave
179;Bar Pitti;268 6th Ave.;West Village;268 6th Ave
180;Bar Q;308 Bleecker St.;West Village;308 Bleecker St
181;Bar Six;502 6th Ave.;West Village;502 6th Ave
182;Bar Stuzzichini;928 Broadway;Flatiron;928 Broadway
183;Bar Veloce;175 2nd Ave.;East Village;175 2nd Ave
184;Barbone;186 Ave. B;East Village;186 Avenue B
185;Barney Greengrass;541 Amsterdam Ave.;West 80s;541 Amsterdam Ave
186;Barrio Chino;253 Broome St,;Lower East Side;253 Broome St
187;Belcourt;84 E 4th St.;East Village;84 E 4th St
188;Bella Napoli;130 Madison Ave.;Murray Hill;130 Madison Ave
189;Bello's;130 Saint Marks Pl.;East Village;130 St Marks Pl
190;Bennie's;88 Fulton St.;Financial District;88 Fulton St
191;Benny's Burritos;93 Avenue A;East Village;93 Avenue A
192;Benoit;60 W 55th St.;West 50s;60 W 55th St
193;Beppe;45 E 22nd St.;Flatiron;45 E 22nd St
194;Bereket;187 E Houston St.;Lower East Side;187 E Houston St
195;Berry Bistro;430 E 14th St.;East Village;430 E 14th St
196;Beyoglu;1431 3rd Ave.;East 80s;1431 3rd Ave
197;Bianca;5 Bleecker St.;Greenwich Village;5 Bleecker St
198;Big Arc Chicken;233 1st Ave.;East Village;233 1st Avenue
199;Big Daddy's Diner;239 Park Ave. S;Flatiron;239 Park Ave S
200;Big Daddy's Diner;1596 Second Ave.;East 80s;1596 2nd Ave
201;Birdies;149 1st Ave.;East Village;149 1st Avenue
202;Biscuit BBQ;230 5th Ave.;West 40s;230 5th Ave
203;Bistrouge;432 E. 13th St.;East Village;432 E 13th St
204;Bite;335 Lafayette St.;Soho;335 Lafayette St
205;Bite Me Best;138 Ave. C;East Village;138 Loisaida Ave
206;Black Iron Burger;540 E 5th St.;East Village;540 E 5th St
207;Black Iron Burger Shop;540 East 5th St.;East Village;540 E 5th St
208;Blaue Gans;139 Duane St.;Tribeca;139 Duane St
209;Bleecker Street Pizza;69 7th Ave. South;West Village;69 7th Ave S
210;Blue 9 Burger;92 3rd Ave.;East Village;92 3rd Ave
211;Blue Fin;1567 Broadway;West 40s;1567 Broadway
212;Blue Hill;75 Washington Place;West Village;75 Washington Pl
213;Blue Owl;196 2nd Ave.;East Village;196 2nd Ave
214;Blue Ribbon Bakery;33 Downing St.;West Village;33 Downing St
215;Blue Ribbon Brasserie;97 Sullivan St.;Soho;97 Sullivan St
216;Blue Ribbon Sushi;119 Sullivan St.;Soho;119 Sullivan St
217;Blue Smoke;116 E 27th St.;Murray Hill;116 E 27th St
218;Blue Water Grill;31 Union Sq W;Union Square;31 Union Square W
219;Boat Basin Café;79th St.;West 70s;E 79th St
220;Bocca;39 E 19th St.;Greenwich Village;39 E 19th St
221;Boi To Go;800 Second Avenue;East 40s;800 2nd Ave
222;Boka;9 St. Mark’s Place;East Village;9 St Marks Pl
223;Bombay Talkie;189 9th Ave.;Chelsea;189 9th Ave
224;BonBon Chicken;98 Chambers St.;Financial District;98 Chambers St
225;BonChon Chicken;314 5th Ave. | 2nd Fl;Chelsea;314 5th Ave 2nd Fl
226;Bona Fides;60 2nd Ave,;East Village;60 2nd Ave
227;Bond St;6 Bond St.;Nolita;6 Bond St
228;Bond Street Restaurant;6 Bond St.;Greenwich Village;6 Bond St
229;Bondi Road;153 Rivington St.;East Village;153 Rivington St
230;Bongo;299 10th Ave.;Chelsea;299 10th Ave
231;Bonjoo;107 1st Ave.;East Village;107 1st Avenue
232;Boqueria;53 W 19th St.;Chelsea;53 W 19th St
233;Borgo Antico;22 E 13th St.;Union Square;22 E 13th St
234;Bottino;246 10th Ave.;Chelsea;246 10th Ave
235;Boucarou Lounge;64 E 1st St,;East Village;64 E 1st St
236;Bouchon Bakery;10 Columbus Circle;West 50s;10 Columbus Cir
237;Bouley Bakery & Market;130 W Broadway;Tribeca;130 W Broadway
238;Bounce Deuce;103 2nd Ave.;East Village;103 2nd Ave
239;Bourgeois Pig Cafe;122 E 7th St.;East Village;122 E 7th St
240;Bowery Wine Company;13 E 1st St.;East Village;13 E 1st St
241;Brasserie Les Halles;411 Park Avenue South;Gramercy Park;411 Park Ave S
242;Brasserie Ruhlmann;45 Rockefeller Plz.;West 40s;45 Rockefeller Plaza
243;Bread;301 Church;Tribeca;301 Church St
244;Bread Tribeca;301 Church;Tribeca;301 Church St
245;Bread and Olive;24 W 45th St.;West 40s;24 W 45th St
246;Brick Lane Curry House;306-308 E. 6th St.;East Village;306 E 6th St #308
247;Broadway East;171 E Broadway;East Village;171 E Broadway
248;Bruschetteria;92 Rivington St.;East Village;92 Rivington St
249;Bubby's;120 Hudson St.;Tribeca;120 Hudson St
250;Buddakan;75 9th Ave.;Meatpacking District;75 9th Ave
251;Buenos Aires;513 E 6th;East Village;513 E 6th St
252;Bun Soho;143 Grand St.;Soho;143 Grand St
253;Burger Creations;52 E 8th St.;East Village;52 E 8th St
254;Burger Heaven;20 E 49th St.;East 40s;20 E 49th St
255;Burger Heaven;804 Lexington Ave.;East 60s;804 Lexington Ave
256;Burger Heaven;9 E 53rd St.;East 50s;9 E 53rd St
257;Burger Heaven;291 Madison Ave.;Murray Hill;291 Madison Ave
258;Burger Heaven;536 Madison Ave.;East 50s;536 Madison Ave
259;Burger Joint;241 Third Ave.;East Village;241 3rd Ave
260;Burger Joint;118 W 56th St.;West 50s;118 W 56th St
261;Burger and Gyro Express;442 E 14th St.;East Village;442 E 14th St
262;Butcher Bay;511 E 5th St.;East Village;511 E 5th St
263;Butter Lane Cupcakes;123 E 7th St.;East Village;123 E 7th St
264;Butter Restaurant;415 Lafayette St.;Greenwich Village;415 Lafayette St
265;C & F Restaurant;171 Hester;Chinatown;171 Hester St
266;Cabrito;50 Carmine St.;Soho;50 Carmine St
267;Cacio e Pepe;182 Second Ave.;East Village;182 2nd Ave
268;Cacio e Vino;80 Second Ave.;East Village;80 2nd Ave
269;Cafe 81;81 E 7th St.;East Village;81 E 7th St
270;Cafe Addis;435 W 125th St.;Morningside Heights;435 W 125th St
271;Cafe Boulud;20 E 76th St.;East 70s;20 E 76th St
272;Cafe Brama;157 2nd Ave.;East Village;157 2nd Ave
273;Cafe Centosette;160 2nd Ave.;East Village;160 2nd Ave
274;Cafe Cortadito;210 E 3rd St.;East Village;210 E 3rd St
275;Cafe Gitane;242 Mott St.;Little Italy;242 Mott St
276;Cafe Habana;229 Elizabeth St.;Little Italy;229 Elizabeth St
277;Cafe Himalaya;78 E 1st St.;East Village;78 E 1st St
278;Cafe Katja;79 Orchard St.;East Village;79 Orchard St
279;Cafe Mocha;116 2nd Ave.;East Village;116 2nd Ave
280;Cafe Orlin;41 St. Marks Pl.;East Village;39 St Marks Inc
281;Cafe Petisco;189 E Broadway;East Village;189 E Broadway
282;Cafe Sabarsky;1048 5th Ave.;East 80s;1048 5th Ave
283;Cafe Zaiya;69 Cooper Square;East Village;69 Cooper Sq
284;Cafe Zaiya;18 E 41st St.;East 40s;18 E 41st St
285;Cafe con Leche;424 Amsterdam Ave.;West 90s;424 Amsterdam Ave
286;Cafe des Artistes;1 W67th St.;West 60s;1 W 67th St
287;Cafecito;185 Ave. C;East Village;185 Loisaida Ave
288;Cafetasia;38 E 8th St.;Greenwich Village;38 E 8th St
289;Cafeteria;119 7th Ave.;Chelsea;119 7th Ave
290;Caffe Capri;165 Church St.;Tribeca;165 Church St
291;Caffe Emilia;139 1st Ave.;East Village;139 1st Avenue
292;Caffe Falai;265 Lafayette St.;Soho;265 Lafayette St
293;Caffe Grazie;26 E. 84th St.;East 80s;26 E 84th St
294;Caffe Linda;145 E. 49th St.;East 40s;145 E 49th St
295;Caffe Novecento;343 W Broadway;Soho;343 W Broadway
296;Caffe Pepe Rosso;127 Avenue C;East Village;127 Loisaida Ave
297;Café DeVille;103 3rd Ave.;East Village;103 3rd Ave
298;Café Edison;228 W 47th St.;West 40s;228 W 47th St
299;Café Habana;229 Elizabeth St.;Greenwich Village;229 Elizabeth St
300;Café Loup;105 W 13th St.;West Village;105 W 13th St
301;Café Mogador;101 St. Marks Pl.;East Village;101 St Marks Pl
302;Café Rakka;38 Ave. B;East Village;38 Avenue B
303;Café Spice;72 University Place;Greenwich Village;72 University Pl
304;Café Spice;54 W 55th St.;West 50s;54 W 55th St
305;Café Spice Express;Grand Central Terminal;East 40s;89 E 42nd St
306;Café Zaiya;69 Cooper Square;East Village;69 Cooper Sq
307;Café con Leche;726 Amsterdam Ave.;West 90s;726 Amsterdam Ave
308;Café des Artistes;1 W67th St.;West 60s;1 W 67th St
309;Café el Portal;174 Elizabeth St.;Nolita;174 Elizabeth St
310;Calcutta;324 E 6th St.;East Village;324 E 6th St
311;Calidad Latina;132 9th Ave.;Chelsea;132 9th Ave
312;CamaJe;85 MacDougal St.;Greenwich Village;85 MacDougal St
313;Cambodian Cuisine;1664 Third Ave.;East 90s;1664 3rd Ave
314;Candela Candela;92 2nd Ave,;East Village;92 2nd Ave
315;Cannonau (fka Assenzio);205 E 4th St.;East Village;205 E 4th St
316;Cantinetta;260 6th Ave.;West Village;260 6th Ave
317;Cantoon Garden;22 Elizabeth St.;Chinatown;22 Elizabeth St
318;Captain's Café;34 East 32nd Street;Murray Hill;34 E 32nd St
319;Caracas Arepa Bar;91 E 7th St.;East Village;1/2
320;Caravan of Dreams;405 E. Sixth St.;East Village;405 E 6th St
321;Caridad;4799 Broadway;Inwood;4799 Broadway
322;Caridad La Original;588 Amsterdam Ave.;West 80s;588 Amsterdam Ave
323;Caridad Restaurant;18 E 33rd St.;Murray Hill;18 E 33rd St
324;Carl's Steaks;507 Third Ave.;Murray Hill;507 3rd Ave
325;Carmine's;200 W 44th St.;West 40s;200 W 44th St
326;Carne;2737 Broadway;West 100s;2737 Broadway
327;Carnegie Delicatessen;854 7th Ave.;West 50s;854 7th Ave
328;Carve;760 Eighth Ave.;West 40s;760 8th Ave
329;Casa Adela;66 Ave. C;East Village;66 Loisaida Ave
330;Casa Havana;190 Eighth Ave.;West Village;190 8th Ave
331;Casa La Femme;140 Charles St.;Greenwich Village;140 Charles St
332;Casa Mono;52 Irving Pl.;Flatiron;52 Irving Pl
333;Casanis;81 Ludlow St.;East Village;81 Ludlow St
334;Casimir;103-105 Ave. B;East Village;103 Avenue B
335;Celeste;502 Amsterdam Ave.;West 80s;502 Amsterdam Ave
336;Centovini;25 W Houston St.;Soho;25 W Houston St
337;Centro Español La Nacional;239 W 14th St.;Chelsea;239 W 14th St
338;Centro Vinoteca;74 Seventh Ave. S.;West Village;74 7th Ave S
339;CentroPizze;201 E 10th St,;East Village;201 E 10th St
340;Cha An Japanese Tea House;230 E 9th St.;East Village;230 E 9th St
341;Cha-An;230 E 9th St.;East Village;230 E 9th St
342;Chanoodle;79 Mulberry St.;Tribeca;79 Mulberry St
343;Charles' Southern Style Kitchen;2839 Eighth Ave.;Harlem;2839 Frederick Douglass Blvd
344;Chat 'n' Chew;10 E 16th St.;Union Square;10 E 16th St
345;Cheesy Pizza;2640 Broadway;West 100s;2640 Broadway
346;Chelsea Bistro and Bar;358 W 23rd St.;Chelsea;358 W 23rd St
347;Chelsea Thai Wholesale;75 Ninth Ave.;Chelsea;75 9th Ave
348;Chennai Garden;129 E 27th St.;Murray Hill;129 E 27th St
349;Cherin Sushi;306 E 6th St.;East Village;306 E 6th St
350;Chez Betty Cafe;256 E 3rd St.;East Village;256 E 3rd St
351;Chez Napoleon;365 W 50th St.;West 50s;365 W 50th St
352;Chickpea;210 E. 14th St.;East Village;210 E 14th St
353;Chikalicious;203 E. 10th St.;East Village;203 E 10th St
354;Chikalicious Dessert Bar;203 E 10th St.;East Village;203 E 10th St
355;Chimichurri Grill;606 Ninth Ave.;West 40s;606 9th Ave
356;China 1 Restaurant and Lounge;50 Avenue B;East Village;50 Avenue B
357;China North Dumpling;15 Essex St.;Chinatown;15 Essex St
358;China Town;250 E Houston St.;Chinatown;250 E Houston St
359;Chinese Food;25B Henry St.;Chinatown;25B Henry St
360;Chinese Mirch;120 Lexington Ave.;Murray Hill;120 Lexington Ave
361;Chipotle;19 St. Marks Pl.;East Village;19 St Marks Pl
362;Chiyono;328 East 6th St.;Greenwich Village;328 E 6th St
363;Cho Cho San;15 W. 8th St.;West Village;15 W 8th St
364;Cho Dang Gol;55 W 35th St.;Chelsea;55 W 35th St
365;Chocolate Bar;127 E 7th St.;East Village;127 E 7th St
366;Chocolate Bar at Henri Bendel;712 5th Ave.;West 50s;712 Fifth Avenue
367;Chola;232 E 58th St.;East 50s;232 E 58th St
368;Chomp;250 E 14th St.;East Village;250 E 14th St
369;Chop Suey;714 Seventh Ave.;West 40s;714 7th Ave
370;Churrascaria Plataforma;316 W 49th St.;West 40s;316 W 49th St
371;City Bakery;3 W 18th St.;Chelsea;3 W 18th St
372;City Lobster & Crab Co.;121 W. 49th St.;West 40s;121 W 49th St
373;City Winery;155 Varick St.;Tribeca;155 Varick St
374;Clinton St. Baking Company;4 Clinton St.;Lower East Side;4 Clinton St
375;Co.;230 9th Ave,;Chelsea;230 9th Ave
376;Coffee Shop;29 Union Square W;Union Square;29 Union Square W
377;Col Legno;231 E. Ninth St.;East Village;231 E 9th St
378;Colbeh;43 W 39th;Garment District;43 W 39th St
379;Cold Stone Creamery;1651 2nd Ave.;East 80s;1651 2nd Ave
380;Colors;417 Lafayette St.;East Village;417 Lafayette St
381;Comfort Diner;214 E. 45th St.;East 40s;214 E 45th St
382;Cong Ly;124 Hester St.;Lower East Side;124 Hester St
383;Congee;98 Bowery;Chinatown;98 Bowery
384;Congee Bowery;207 Bowery;Lower East Side;207 Bowery
385;Congee Village;100 Allen St.;Lower East Side;100 Allen St
386;Convivio;45 Tudor City Pl.;East 40s;45 Tudor City Pl
387;Cookout Grill;207 W 14th St.;West Village;207 W 14th St
388;Cookshop;156 10th Ave.;West Village;156 10th Ave
389;Copper Chimney;126 E 28th St.;Murray Hill;126 E 28th St
390;Coppola's East;378 3rd Ave.;Murray Hill;378 3rd Ave
391;Cornelia Street Cafe;29 Cornelia St.;West Village;29 Cornelia St
392;Corner Shop;643 Broadway;Greenwich Village;643 Broadway
393;Cosette;163 E 33rd St.;Murray Hill;163 E 33rd St
394;Cosi;257 Park Avenue S.;Flatiron;257 Park Ave S
395;Cosmic Cantina;101 Third Ave.;East Village;101 3rd Ave
396;Counter;105 First Ave.;East Village;105 1st Avenue
397;Country;90 Madison Ave.;Murray Hill;90 Madison Ave
398;Country Cafe;69 Thompson St.;Soho;69 Thompson St
399;Cozy Soup & Burger;739 Broadway;East Village;739 Broadway
400;Craft;43 E. 19th St.;Union Square;43 E 19th St
401;Craftsteak;85 10th Ave.;Chelsea;US-NYC-8510
402;Crave on 42nd;650 West 42nd St.;West 40s;650 W 42nd St
403;Crema Restaurante;111 W. 17th St.;Chelsea;111 W 17th St
404;Creole;2167 Third Ave.;East Harlem;2167 3rd Ave
405;Creperie;135 Ludlow St.;Lower East Side;135 Ludlow St
406;Crif Dogs;113 St. Marks Place;East Village;113 St Marks Pl
407;Crispo;240 W. 14th St.;Chelsea;240 W 14th St
408;Crooked Tree Creperie;110 Saint Marks Pl.;East Village;110 St Marks Pl
409;Croton Reservoir Tavern;108 w. 40th St.;Garment District;108 W 40th St
410;Cru;24 5th Ave.;West Village;24 5th Ave
411;Cuba Cafe;200 8th Ave.;Chelsea;200 8th Ave
412;Cube 63;63 Clinton;Lower East Side;63 Clinton St
413;Cucina & Co.;151 W. 34th St.;Chelsea;151 W 34th St
414;Cucina de Pesce;87 E. 4th St.;Greenwich Village;87 E 4th St
415;Cuisine of Pakistan;478 Ninth Ave.;Garment District;478 9th Ave
416;Curly's Vegetarian Lunch;328 E 14th St.;East Village;328 E 14th St
417;Curry Leaf;99 Lexington Ave.;Murray Hill;99 Lexington Ave
418;Curry in a Hurry;119 Lexington Ave.;Murray Hill;119 Lexington Ave
419;Curry-Ya;214 E 10th St.;East Village;214 E 10th St
420;D'Aiuto's Pastry Corp;873 Eighth Ave.;West 50s;873 8th Ave
421;DB Bistro Moderne;55 W 44th St.;West 40s;55 W 44th St
422;Da Andrea;557 Hudson St.;Soho;557 Hudson St
423;Da Ciro;229 Lexington Ave.;Murray Hill;229 Lexington Ave
424;Da Marino's;220 W. 49th St.;West 40s;220 W 49th St
425;Da Tommaso;903 8th Ave.;West 40s;903 8th Ave
426;Da Umberto;107 W. 17th St.;Chelsea;107 W 17th St
427;Dae Dong;17 W. 32nd St.;Chelsea;17 W 32nd St
428;Daisy May's BBQ USA;623 Eleventh Ave.;West 40s;623 11th Ave
429;Dakshin Indian Bistro;1713 1st. Ave.;East 80s;1713 1st Avenue
430;Dallas BBQ;27 W 72nd St.;West 70s;27 W 72nd St
431;Damon: Frugal Friday;47 E 19th St.;Union Square;47 E 19th St
432;Daniele's Piadina;64 West 22nd Street;Flatiron;64 W 22nd St
433;Danku;47 W 57th St.;West 50s;47 W 57th St
434;Danny Ng's Place;52 Bowery;Chinatown;52 Bowery
435;Danube;30 Hudson St.;Tribeca;Goldman Sachs Tower
436;Darbar;152 E. 46th St.;East 40s;152 E 46th St
437;Darbar East;239 First Ave.;East Village;239 1st Avenue
438;Darbar Grill;157 E55th St.;East 50s;157 E 55th St
439;Darna;600 Columbus Ave.;West 80s;600 Columbus Ave
440;Daruma;227 Mott St.;Nolita;227 Mott St
441;David Burke's Townhouse;133 East 61st St.;East 60s;133 E 61st St
442;Deborah;43 Carmine St.;Soho;43 Carmine St
443;Degustation Wine & Tasting Bar;239 E 5th St.;East Village;239 E 5th St
444;Del Frisco's Steakhouse;1221 Avenue of the Americas;West 40s;1221 6th Ave
445;Del Posto;85 10th Ave.;West Village;US-NYC-8510
446;Delegates Dining Room (United Nations 4th fl.);United Nations;East 40s;New York
447;Delicatessen;54 Prince St.;Little Italy;54 Prince St
448;Delicia;322 W 11th St.;West Village;322 W 11th St
449;Delicia Brazil;322 W. 11th St.;Soho;322 W 11th St
450;Delicia Brazil Restaurant;322 W 11th St.;West Village;322 W 11th St
451;Deluxe Food Market;79 Grand St.;Chinatown;79 Grand St
452;Demarchelier;50 E. 86th St.;East 80s;50 East 86th St
453;Demerara;;;
454;Dennis Foy;313 Church St.;Tribeca;313 Church St
455;Dervish Turkish;146 W. 47th St.;West 40s;146 W 47th St
456;Desi Junction;688 Tenth Ave.;West 40s;688 10th Ave
457;Devi;8 E 18th St.;Garment District;8 E 18th St
458;Devins Fish & Chips;747 St. Nicholas Ave.;Harlem;747 St Nicholas Ave
459;Diablo Royale;189 W 10th St.;West Village;189 W 10th St
460;Diamond Dairy Restaurant;4 W 47th St.;West 40s;4 W 47th St
461;Dibiterie Cheikh;231 W 116th St.;Harlem;231 W 116th St
462;Dieci;228 E. 10th St.;East Village;228 E 10th St
463;Dil E Punjab Deli;170 9th Ave.;Chelsea;170 9th Ave
464;Dim Sum Go Go;5 E Broadway;Financial District;5 E Broadway
465;Dimple;11 W 30th St.;Chelsea;11 W 30th St
466;Dirt Candy;430 E. 9th St.;East Village;430 E 9th St
467;Dishes;6 E. 45th St.;East 40s;6 E 45th St
468;District;130 W. 46th St.;West 40s;130 W 46th St
469;Ditch Plains;29 Bedford St.;West Village;29 Bedford St
470;Dive Bar;732 Amsterdam Ave.;West 90s;732 Amsterdam Ave
471;Divino;1556 Second Ave.;East 80s;1556 2nd Ave
472;Diwan;148 E. 48th St.;East 40s;148 E 48th St
473;Dizzy's Club Coca-Cola, Jazz at Lincoln Center, Time Warner Center;60th St. & Broadway;West 60s;Broadway & W 60th St
474;Django;480 Lexington Ave.;East 40s;480 Lexington Ave
475;Djerdan #3;221 W 38th St.;Garment District;221 W 38th St
476;DoSirak;30 E 13th St.;Greenwich Village;30 E 13th St
477;Dojo;14 W 4th St.;Greenwich Village;14 West 4th Street
478;Dojo West;14 W 14thSt;Greenwich Village;W 14th St
479;Dok Suni's;119 First Ave.;East Village;119 1st Avenue
480;Doma;17 Perry St.;West Village;17 Perry St
481;Don Pedro's;1865 Second Ave.;East Harlem;1865 2nd Ave
482;Donguri;309 E. 83rd St.;East 80s;309 E 83rd St
483;Dos Caminos;825 3rd Ave.;East 50s;825 3rd Ave
484;Dos Caminos;373 Park Ave. S;Murray Hill;373 Park Ave S
485;Dos Caminos Soho;475 West Broadway;Soho;475 W Broadway
486;Doyers Vietnamese;11-13 Doyers St., downstairs;Chinatown;11 Doyers St #13
487;Duane Park;157 Duane St.;Tribeca;157 Duane St
488;Dublin 6 Wine & Dine;575 Hudson St.;West Village;575 Hudson St
489;Dumpling House;118A Eldridge St.;Chinatown;118A Eldridge St
490;Dumpling Man;100 St. Marks Pl.;East Village;100 St Marks Pl
491;Duvet;45 W 21st St.;Flatiron;45 W 21st St
492;E-mo;2 W 32nd St.;Chelsea;2 W 32nd St
493;E.A.T.;1064 Madison Ave.;East 80s;1064 Madison Ave
494;Earthen Oven;53 W. 72nd St.;West 70s;53 W 72nd St
495;East;354 E 66th St.;East 60s;354 E 66th St
496;East;210 E 44th St.;East 40s;210 E 44th St
497;East;365 First Ave.;Flatiron;365 1st Avenue
498;East of 8th;254 W 23rd St.;Chelsea;254 W 23rd St
499;East of Eighth;254 W. 23rd St.;Chelsea;254 W 23rd St
500;Eatery;798 Ninth Ave.;West 50s;798 9th Ave
501;Ebisu;414 E 9th St.;East Village;414 E 9th St
502;Ecco;124 Chambers St.;Financial District;124 Chambers St
503;Ed's Lobster Bar;222 Lafayette St.;Nolita;222 Lafayette St
504;Edward's;136 W. Broadway;Tribeca;136 W Broadway
505;Eisenberg's Sandwich Shop;174 Fifth Ave.;Flatiron;174 5th Ave
506;El Cantinero;86 University Pl.;Greenwich Village;86 University Pl
507;El Centro;824 Ninth Ave.;West 50s;824 9th Ave
508;El Charro Espanol;4 Charles St.;West Village;4 Charles St
509;El Cocotero;228 W. 18th St.;Chelsea;228 W 18th St
510;El Conde;4139 Broadway;Washington Heights;4139 Broadway
511;El Despertar;1875 Lexington Ave.;East Harlem;1875 Lexington Ave
512;El Lina;500 W 207th St.;Inwood;500 W 207th St
513;El Malecon;4141 Broadway;Washington Heights;4141 Broadway
514;El Nuevo Amanecer Restaurant;117 Stanton St.;Lower East Side;117 Stanton St
515;El Parador Cafe;325 E. 34th St.;Murray Hill;325 E 34th St
516;El Paso;134 W. Houston St.;Greenwich Village;134 W Houston St
517;El Quijote;226 W. 23rd St.;Chelsea;226 W 23rd St
518;El Quinto Pino;401 W.24th St.;Greenwich Village;401 W 24th St
519;El Rancho Jubilee;10 Hillside Ave.;Washington Heights;10 Hillside Ave
520;El Salvadoreño;1229 St. Nicholas Ave.;Washington Heights;1229 St Nicholas Ave
521;Elephant & Castle;68 Greenwich Ave.;West Village;68 Greenwich Ave
522;Elettaria;33 W 8th St.;Chelsea;33 W 8th St
523;Eleven Madison Park;11 Madison Ave.;Murray Hill;11 Madison Ave
524;Elio's;1621 Second Ave.;East 80s;1621 2nd Ave
525;Elizabeth;265 Elizabeth St.;Soho;265 Elizabeth St
526;Ellens Stardust Diner;1650 Broadway;West 50s;1650 Broadway
527;Elsa la Reina del Chicharron;1249 St. Nicholas Ave.;Washington Heights;1249 St Nicholas Ave
528;Elvie's Turo-Turo;214 First Ave.;East Village;214 1st Avenue
529;Empanada Mama;763 Ninth Ave.;West 50s;763 9th Ave
530;Empire Diner;210 10th Ave.;Chelsea;210 10th Ave
531;Employees Only;510 Hudson St.;Soho;510 Hudson St
532;En;435 Hudson St.;West Village;435 Hudson St
533;Ennio & Michael;539 LaGuardia Pl.;Greenwich Village;539 LaGuardia Pl
534;Ennju;20 E 17th St.;Union Square;20 E 17th St
535;Enoteca I Trulli;122 E 27th St.;Murray Hill;122 E 27th St
536;Epices du Traiteur;103 W. 70th St.;West 70s;103 W 70th St
537;Erminia;250 E. 83rd St.;East 80s;250 E 83rd St
538;Esashi;32 Ave. A;East Village;32 Avenue A
539;Esca;402 W 43rd St.;West 40s;402 W 43rd St
540;Ess-a-Bagel;359 First Ave.;Gramercy Park;359 1st Avenue
541;Essex;120 Essex St.;Lower East Side;120 Essex St
542;Estancia 460;460 Greenwich St.;Tribeca;460 Greenwich St
543;Ethiopian Restaurant;1582 York Ave.;East 80s;1582 York Ave
544;Ethos;495 Third Ave.;Murray Hill;495 3rd Ave
545;Etrusca;125 W. 53rd St.;West 50s;125 W 53rd St
546;Euzkadi;108 E. 4t St.;East Village;108 E 4th St
547;Evergreen Shanghai;10 E. 38th St.;Murray Hill;10 E 38th St
548;Excellent Dumpling House;111 Lafayette St.;Chinatown;111 Lafayette St
549;Extra Virgin;259 W. 4th St.;West Village;259 West 4th Street
550;F & B;269 W 23rd St.;Chelsea;269 W 23rd St
551;F.illi Ponte;39 Desbrosses St.;Tribeca;39 Desbrosses St
552;Fabio Piccolo Fiore;230 E. 44th St.;East 40s;230 E 44th St
553;Facey Home Sales;215 W 28th St.;Chelsea;215 W 28th St
554;Fagiolini Restaurant;334 Lexington Ave.;Murray Hill;334 Lexington Ave
555;Faicco's;260 Bleecker St.;West Village;260 Bleecker St
556;Falai;68 Clinton St.;Lower East Side;68 Clinton St
557;Falai Panetteria;79 Clinton St.;Lower East Side;79 Clinton St
558;Family Noodle;19 Henry St.;Chinatown;19 Henry St
559;Farfina Coffee Shop;219B W 116th St.;Harlem;219B W 116th St
560;Fatty Crab;643 Hudson St.;West Village;643 Hudson St
561;Favela Cubana;543 Laguardia Pl.;Greenwich Village;543 LaGuardia Pl
562;Ferrara;195 Grand St.;Little Italy;195 Grand St
563;Fetch;1649 Third Ave.;East 90s;1649 3rd Ave
564;Fibe Restaurant;4055 Broadway;Washington Heights;4055 Broadway
565;Fig & Olive;420 W. 13th St.;Meatpacking District;420 W 13th St
566;Fig and Olive;808 Lexington Ave.;East 60s;808 Lexington Ave
567;Filli Ponte Ristorante;39 Debrosses Street;Little Italy;39 Desbrosses St
568;Finestra;1370 York Ave.;East 70s;1370 York Ave
569;Fino;4 E. 36th St.;Murray Hill;4 E 36th St
570;Fino;1 Wall St. Ct.;Financial District;1 Wall St
571;Fiorini;209 E. 56th St.;East 50s;209 E 56th St
572;Firenze;1594 Second Avenue;East 80s;1594 2nd Ave
573;Fireside Cocktail Cuisine;19 E. 52nd St.;East 50s;19 E 52nd St
574;Fish;280 Bleecker St.;Greenwich Village;280 Bleecker St
575;Fishtail;135 E 62nd St.;East 60s;135 E 62nd St
576;Fives;700 Fifth Ave. (Peninsula Hotel);West 50s;700 5th Ave
577;Flea Market;131 Ave. A;East Village;131 Avenue A
578;Flea Market Cafe;131 Ave. A;East Village;131 Avenue A
579;Flex Mussels;174 E 82nd St.;East 80s;174 E 82nd St
580;Flor de Mayo;2651 Broadway;West 100s;2651 Broadway
581;Flor de Sol;361 Greenwich St.;Tribeca;361 Greenwich St
582;Florence's;2099 Frederick Douglass Blvd.;Harlem;2099 Frederick Douglass Blvd
583;Food Sing 88 Corp.;2 E Broadway;Financial District;2 E Broadway
584;Forlini’s Restaurant;93 Baxter St.;Chinatown;93 Baxter St
585;Franchia;12 Park Ave.;Murray Hill;12 Park Ave
586;Frank;88 Second Ave.;East Village;88 2nd Ave
587;Freemans;Freeman Alley;Lower East Side;Freeman Alley
588;Friedman's Delicatessen;75 Ninth Ave.;Chelsea;75 9th Ave
589;Fusion Wraps;52 Cooper Square;East Village;52 Cooper Sq
590;Gahm Mi Oak Restaurant;43 W 32nd St.;Chelsea;43 W 32nd St
591;Galanga;149 W 4th St.;Greenwich Village;149 West 4th Street
592;Galicia;4083 Broadway;Washington Heights;4083 Broadway
593;Galil;1252 Lexington Ave.;East 80s;1252 Lexington Ave
594;Gam Mi Oak;43 West 32nd;Chelsea;43 W 32nd St
595;Garage Restaurant & Cafe;99 7th Ave. So;Greenwich Village;99 7th Ave S
596;Gauchas;1748 First Ave.;East 90s;1748 1st Avenue
597;Gavroche;212 W 14th St.;Flatiron;212 W 14th St
598;Gemma;335 Bowery;East Village;335 Bowery
599;George's Pizza;726 W 181st St.;Washington Heights;726 W 181st St
600;Ghenet;284 Mulberry St.;Soho;284 Mulberry St
601;Gigino Trattoria;323 Greenwich St.;Tribeca;323 Greenwich St
602;Gigino at Wagner Park;20 Battery Pl.;Financial District;20 Battery Pl
603;Ginger's;512 Seventh Ave.;Garment District;512 7th Ave
604;Giorgione;307 Spring St.;Soho;307 Spring St
605;Giorgione 508;508 Greenwich St.;Soho;508 Greenwich St
606;Go;30 St. Marks Pl.;East Village;30 St Marks Pl
607;Go!Go!Curry;273 West 38th St.;Garment District;273 W 38th St
608;Gobo;401 6th Ave.;West Village;401 6th Ave
609;Golden Crust;18 E 33rd St.;Murray Hill;18 E 33rd St
610;Golden Crust;121 W 125th St.;Harlem;121 W 125th St
611;Golden Crust;1344 Amsterdam Ave.;Harlem;1344 Amsterdam Ave
612;Golden Crust;456 Malcolm X Blvd.;Harlem;456 Malcolm X Blvd
613;Golden Crust;111 E 23rd St.;Flatiron;111 E 23rd St
614;Golden Crust;715 Broadway;Greenwich Village;715 Broadway
615;Golden Dragon;7 Eldridge St.;Chinatown;7 Eldridge St
616;Golden Gate Restaurant;92-96 Elizabeth St.;Chinatown;92 Elizabeth St #96
617;Golden Krust;80 Nassau St.;Financial District;80 Nassau St
618;Golden Unicorn;18 E Broadway;Chinatown;18 E Broadway
619;Gonzo;140 W 13th St.;West Village;140 W 13th St
620;Good Burger;800 Second Ave.;East 40s;800 2nd Ave
621;Good Enough to Eat;483 Amsterdam Ave.;West 80s;483 Amsterdam Ave
622;Good World Bar & Grill;3 Orchard St.;Chinatown;3 Orchard St
623;Gotham Bar & Grill;2 E. 12th St.;Greenwich Village;2 E 12th St
624;Gotham Bar and Grill;2 E. 12th St.;Greenwich Village;2 E 12th St
625;Gottino;52 Greenwich Ave.;West Village;52 Greenwich Ave
626;Gourmet Brick Oven Pizza 33;489 Third Ave.;Murray Hill;489 3rd Ave
627;Grand Sichuan;125 Canal St.;Lower East Side;125 Canal St
628;Grand Sichuan;19-23 St. Marks Pl.;East Village;19 St Marks Pl #23
629;Grand Sichuan International Midtown;745 Ninth Ave.;West 40s;745 9th Ave
630;Grano;21 Greenwich Ave.;West Village;21 Greenwich Ave
631;Great N.Y. Noodletown;28 Bowery;Chinatown;28 Bowery
632;Grounded;28 Jane St.;West Village;28 Jane St
633;Gyu Kaku;34 Cooper Sq;East Village;34 Cooper Sq
634;Haandi;113 Lexington Ave.;Murray Hill;113 Lexington Ave
635;Habib's Place;89 Ave. A;East Village;89 Avenue A
636;Hacienda de Argentina;339 E 75th St.;East 70s;339 E 75th St
637;Hakata Ippudo;65 Fourth Ave.;East Village;65 4th Ave
638;Hakata Tonton;61 Grove St.;West Village;61 Grove St
639;Halal Indo-Pak Restaurant;1750 First Ave.;East 90s;1750 1st Avenue
640;Hanami;525 Sixth Ave.;West Village;525 6th Ave
641;Hanci Turkish Cuisine;854 10th Ave.;West 50s;854 10th Ave
642;Harlem Wing and Waffle;2394 Adam Clayton Powell Blvd.;Harlem;2394 Adam Clayton Powell Jr Blvd
643;Haru;1 Wall St. Court;Financial District;1 Wall St
644;Hasaki;210 East 9th St.;East Village;210 E 9th St
645;Hatsuhana;17 E 48th St.;East 40s;17 E 48th St
646;Havana Central;22 E 17th St.;Union Square;22 E 17th St
647;Hea;145 E 13th St.;East Village;145 E 13th St
648;Heartland Brewery;127 W 43rd St.;West 40s;127 W 43rd St
649;Heartland Brewery;1285 Sixth Ave.;West 50s;1285 6th Ave
650;Heartland Brewery;35 Union Square West;Union Square;35 Union Square W
651;Heartland Brewery;93 South St.;Financial District;93 South St
652;Hill Country;30 W 26th St.;Chelsea;30 W 26th St
653;Hill Country Barbecue;30 W 26th St.;Chelsea;30 W 26th St
654;Hiroko’s Place;75 Thompson St.;Soho;75 Thompson St
655;Hong Kong Station;128 Hester St.;Lower East Side;128 Hester St
656;House of Seafood;2349 Eighth Ave.;Harlem;2349 Frederick Douglass Blvd
657;Hsin Wong;72 Bayard St.;Chinatown;72 Bayard St
658;Hummus Place;99 Macdougal St.;Greenwich Village;99 MacDougal St
659;Hummus Place;109 St. Marks Pl.;East Village;109 St Marks Pl
660;Hundred Acres;38 MacDougal St.;Soho;38 MacDougal St
661;I Trulli;122 E 27th St.;Murray Hill;122 E 27th St
662;Il Brigante;214 Front St.;Financial District;214 Front St
663;Il Corallo Trattoria;176 Prince St.;Soho;176 Prince St
664;Il Laboratorio del Gelato;95 Orchard St.;Lower East Side;95 Orchard St
665;Il Mulino;86 W. Third St.;Greenwich Village;86 W 23rd St
666;In Vino;215 E 4th St.;East Village;215 E 4th St
667;Inakaya;231 West 40th Street;West 40s;231 W 40th St
668;Inatteso Pizzabar Casano;28 West St.;Financial District;28 West St
669;Indian Bread Co.;194 Bleecker St.;Greenwich Village;194 Bleecker St
670;Indian Express;18 Murray St.;Financial District;18 Murray Street
671;Indus Valley;2636 Broadway;West 100s;2636 Broadway
672;Ino Cafe & Wine Bar;21 Bedford St.;West Village;21 Bedford St
673;Insieme;777 Seventh Avenue;West 50s;777 7th Ave
674;Irving Mill;116 East 16th Street;East Village;116 E 16th St
675;Isabella’s;359 Columbus Ave.;West 70s;359 Columbus Ave
676;Ishikura Sushi;67 First Ave.;East Village;67 1st Avenue
677;Ithaka;308 E 86th St.;East 80s;308 East 86th St
678;Ivo & Lulu;558 Broome St.;Soho;558 Broome St
679;Izakaya Ten;207 10th Ave.;Chelsea;207 10th Ave
680;Jack's Luxury Oyster Bar;246 E. 5th St.;East Village;246 E 5th St
681;Jacques-Imo's;366 Columbus Ave.;West 70s;366 Columbus Ave
682;Jai-Ya;396 3rd Ave.;Murray Hill;396 3rd Ave
683;Jaipur's Indian Cuisine;1007 2nd Ave.;East 50s;1007 2nd Ave
684;Jane;100 W Houston St.;Soho;100 W Houston St
685;Jarnac;328 W 12th St.;West Village;328 W 12th St
686;Jezebel;630 9th Ave.;West 40s;630 9th Ave
687;Jimmy's No. 43;43 E 7th St.;East Village;43 E 7th St
688;Jin;252 Broome St.;Lower East Side;Napoli Espresso
689;Jing Fong Restaurant;20 Elizabeth St.;Chinatown;20 Elizabeth St
690;Joe Doe;45 E 1st St.;Noho;45 E 1st St
691;Joe's Pizza;7 Carmine St.;West Village;7 Carmine St
692;JoeDoe;45 E First St.;East Village;45 E 1st St
693;John's Pizzeria;278 Bleecker St.;West Village;278 Bleecker St
694;John's Pizzeria;260 W 44th St.;West 40s;260 W 44th St
695;Joy Curry & Tandoor;148 E 46th St.;East 40s;148 E 46th St
696;Jumbo Hamburgers;274 W 145th St.;Harlem;274 W 145th St
697;Jumbo Hot Dogs;149 Canal St.;Chinatown;149 Canal St
698;Junior's Times Square;1515 Broadway;West 40s;1515 Broadway
699;Justin's;31 W 21st St.;Flatiron;31 W 21st St
700;Kabab Factory;101 Lexington Ave.;Murray Hill;101 Lexington Ave
701;Kafana;116 Ave. C;East Village;116 Loisaida Ave
702;Kai;822 Madison Ave. 2nd Fl;East 60s;822 Madison Ave 2nd Fl
703;Kaijou;21 South End Ave.;Financial District;21 South End Ave
704;Kaloum Restaurant;120 W 116th St.;Harlem;120 W 116th St
705;Kam Chueh;40 Bowery;Chinatown;40 Bowery
706;Kambi Ramen House;351 E 14th St.;East Village;351 E 14th St
707;Kampuchea Noodle Bar;78 Rivington St.;Lower East Side;78 Rivington St
708;Kang Suh;1250 Broadway;Chelsea;1250 Broadway
709;Kanoyama;175 Second Ave.;East Village;175 2nd Ave
710;Karavas Place;162 W 4th St.;West Village;162 West 4th Street
711;Karen's on Astor;1 Astor Place;East Village;1 Astor Pl
712;Kasadela;647 E 11th St.;East Village;647 E 11th St
713;Kate's Joint;58 Ave. B;East Village;58 Avenue B
714;Kati Roll Company;99 MacDougal St.;Greenwich Village;99 MacDougal St
715;Katsuhama;11 E 47th St.;East 40s;11 E 47th St
716;Katz's Deli;205 E Houston St.;Lower East Side;205 E Houston St
717;Katz's Delicatessen;205 E Houston St.;Lower East Side;205 E Houston St
718;Kebab Garden;128 First Ave.;East Village;128 1st Avenue
719;Kebab House #2;144 Orchard St.;Lower East Side;144 Orchard St
720;Keens Steakhouse;72 W 36th St.;Garment District;72 W 36th St
721;Kefi;505 Columbus Ave.;West 70s;505 Columbus Ave
722;Kellari Taverna;19 W. 44th St.;East 40s;19 W 44th St
723;Kelley & Ping;340 3rd Ave.;Flatiron;340 3rd Ave
724;Kelley & Ping;127 Greene St.;Soho;127 Greene St
725;Kenka;25 Saint Marks's Place;East Village;25 St Marks Pl
726;Keur Mame Diarra;2401 Frederick Douglass Blvd.;Harlem;2401 Frederick Douglass Blvd
727;Khushie;139 Essex St.;Lower East Side;139 Essex St
728;Khyber Pass;34 Saint Marks Pl.;East Village;34 St Marks Pl
729;Kin Khao;171 Spring St.;Soho;171 Spring St
730;King's Carriage House;251 E 82nd St.;East 80s;251 E 82nd St
731;Kingswood;121 W 10th St.;Greenwich Village;121 W 10th St
732;Kion;509 E 6th;East Village;509 E 6th St
733;Kitchen Club;30 Prince St.;Nolita;Little Cupcake Bakeshop (Meeting Place)
734;Kitchenette;1272 Amsterdam Ave.;Morningside Heights;1272 Amsterdam Ave
735;Kitchenette;156 Chambers St.;Tribeca;156 Chambers St
736;Kittichai;60 Thompson St. | Thompson Hotel;Soho;60 Thompson St
737;Klee Brasserie;200 9th Ave.;Chelsea;200 9th Ave
738;Klong;7 St. Marks Pl.;East Village;7 St Marks Pl
739;Knickerbocker Bar & Grill;33 University Pl.;Greenwich Village;33 University Pl
740;Knife & Fork;108 E. Fourth St.;East Village;108 E 4th St
741;Ko Sushi;1329 Second Ave.;East 70s;1329 2nd Ave
742;Ko Sushi;1619 York Ave.;East 80s;1619 York Ave
743;Kobe Club;68 W 58th St.;West 50s;68 W 58th St
744;Kodama;301 W 45th St.;West 40s;301 W 45th St
745;Koi;40 W 40th St. | Bryant Park Hotel;West 40s;40 W 40th St
746;Kom Tang Soot Bull House;32 W 32nd St.;Chelsea;32 W 32nd St
747;Kool Bloo;117 6th Ave.;Soho;117 6th Ave
748;Korean Temple Cuisine;81 St. Marks Pl.;East Village;81 St Marks Pl
749;Koronet Pizza;2848 Broadway;West 100s;2848 Broadway
750;Koronet Pizzeria;2848 Broadway;West 100s;2848 Broadway
751;Kosher Delight;1365 Broadway;Garment District;1365 Broadway
752;Krik Krak;844 Amsterdam Ave.;West 100s;844 Amsterdam Ave
753;Kum Gang San;49 W 32nd;Chelsea;49 W 32nd St
754;Kum Ryong;30 W 32nd St.;Chelsea;30 W 32nd St
755;Kuma Inn;113 Ludlow St. (2nd floor);Lower East Side;113 Ludlow St 2nd floor
756;Kun Jip;9 W 32nd St.;Chelsea;9 W 32nd St
757;Kunjip;9 W 32nd St.;Chelsea;9 W 32nd St
758;Kuruma Zushi;7 E 47th St.;East 40s;7 E 47th St
759;Kuta;65 Rivington St.;Lower East Side;65 Rivington St
760;Kyoto Sushi;1240 Lexington Ave.;East 80s;1240 Lexington Ave
761;Kyotofu;705 Ninth Ave.;West 40s;705 9th Ave
762;L&L Hawaiian Barbecue;64 Fulton St.;Financial District;64 Fulton St
763;L'Absinthe;227 E 67th St.;East 60s;227 E 67th St
764;L'Atelier de Joel Robuchon;57 E 57th St. | Four Seasons Hotel;East 50s;57 E 57th St
765;L'Ecole;462 Broadway;Soho;462 Broadway
766;L'Express;249 Park Ave. South;Gramercy Park;249 Park Ave S
767;L'Impero;45 Tudor City Pl.;East 40s;45 Tudor City Pl
768;L'allegria Italian Restaurant;623 Ninth Ave.;West 40s;623 9th Ave
769;L.E.S. Sushi;515 Grand St.;Lower East Side;515 Grand St
770;La Belle Vie;184 Eighth Ave.;Chelsea;184 8th Ave
771;La Bergamote;169 Ninth Ave.;Chelsea;169 9th Ave
772;La Bergamote;515 W 52nd St.;West 50s;515 W 52nd St
773;La Boite en Bois;75 W 68th St.;West 60s;75 W 68th St
774;La Bonne Soupe;48 W 55th St.;West 50s;48 W 55th St
775;La Bottega;88 Ninth Ave. | Maritime Hotel;Chelsea;363 W 16th St
776;La Cabana Salvadoreña;4384 Broadway;Washington Heights;4384 Broadway
777;La Cantina Toscana;1109 First Ave.;East 60s;1109 1st Avenue
778;La Caridad 78;2199 Broadway;West 70s;2199 Broadway
779;La Casa Del Mofongo;1447 Saint Nicholas Avenue;Washington Heights;1447 St Nicholas Ave
780;La Casa de Los Tacos;2277 First Ave.;East Harlem;2277 1st Avenue
781;La Esquina;106 Kenmare St.;Little Italy;106 Kenmare St
782;La Fenice Caffe;2014 Broadway;West 60s;2014 Broadway
783;La Giara;501 Third Ave.;Murray Hill;501 3rd Ave
784;La Gioconda;226 E 53rd St.;East 50s;226 E 53rd St
785;La Goulue;746 Madison Ave.;East 60s;746 Madison Ave
786;La Grolla;413 Amsterdam Ave.;West 70s;413 Amsterdam Ave
787;La Lunchonette;130 10th Ave.;Chelsea;130 10th Ave
788;La Masseria;235 W 48th St.;West 40s;235 W 48th St
789;La Mediterranee;947 Second Ave.;East 50s;947 2nd Ave
790;La Palapa Cocina Mexicana;359 Sixth Ave.;West Village;359 6th Ave
791;La Palapa Rockola;359 6th Ave.;West Village;359 6th Ave
792;La Palette;94 Greenwich Ave.;West Village;94 Greenwich Ave
793;La Paloma;359 W 45th St.;West 40s;359 W 45th St
794;La Pizza Fresca;31 E 20th St.;Flatiron;31 E 20th St
795;La Ripaille;605 Hudson St.;West Village;605 Hudson St
796;La Taza de Oro;1459 Eighth Ave.;Chelsea;1459 Frederick Douglass Blvd
797;Landmarc;179 W Broadway;Tribeca;179 W Broadway
798;Lansky’s Old World Deli;235 Columbus Ave.;West 70s;235 Columbus Ave
799;Las Ramblas;170 W. Fourth St.;Greenwich Village;170 West 4th Street
800;Lasani;15 W 29th St.;Chelsea;15 W 29th St
801;Lassi;28 Greenwich Ave.;West Village;28 Greenwich Ave
802;Le Jardin;25 Cleveland Pl.;Soho;25 Cleveland Pl
803;Le Madeleine;403 W 43rd St.;West 40s;403 W 43rd St
804;Le Marais;150 W 46th St.;West 40s;150 W 46th St
805;Le Miu;107 Ave. A;East Village;107 Avenue A
806;Le Monde;2885 Broadway;West 100s;2885 Broadway
807;Le Pain Quotidien;1131 Madison Ave.;East 80s;1131 Madison Ave
808;Le Pain Quotidien;38 E 19th;Flatiron;38 E 19th St
809;Le Pain Quotidien;1336 1st Ave.;East 70s;1336 1st Avenue
810;Le Pain Quotidien;100 Grand St.;Little Italy;100 Grand St
811;Le Perigord;405 E 52nd St.;East 50s;405 E 52nd St
812;Le Petit Bistro;258 W 15th St.;Chelsea;258 W 15th St
813;Le Soleil;877 10th Ave.;West 50s;877 10th Ave
814;Lechonera Sandy;2261 Second Ave.;East Harlem;2261 2nd Ave
815;Lederhosen;39 Grove St.;West Village;39 Grove St
816;Lenny's;307 Columbus Ave.;West 70s;307 Columbus Ave
817;Leon Bakery;695 Ninth Ave.;West 40s;695 9th Ave
818;Les Ambassades;161 W. 22nd St.;Chelsea;161 W 22nd St
819;Les Enfants Terribles;37 Canal St.;Lower East Side;37 Canal St
820;Les Halles;411 Park Avenue South;Murray Hill;411 Park Ave S
821;Les Halles;15 John St.;Financial District;15 John St
822;Li Hua;171 Grand St.;Soho;171 Grand St
823;Lil' Frankie's;19 1st Ave.;East Village;19 1st Avenue
824;Lil' Frankie's Pizza;19-21 First Ave.;East Village;1921 1st Avenue
825;Lili's Noodle Shop & Grill;1500 Third Ave.;East 80s;1500 3rd Ave
826;Lili's Noodle Shop & Grill;200 W 57th St.;West 50s;200 W 57th St
827;Lima's Taste;122 Christopher St.;West Village;122 Christopher St
828;Lisca;600 Amsterdam Ave.;West 90s;600 Amsterdam Ave
829;Little Giant;85 Orchard St.;Lower East Side;85 Orchard St
830;Little Owl;90 Bedford;West Village;Apartment Building from the TV Show Friends
831;Lola is Soul;15 Watts St.;Soho;15 Watts St
832;Lombardi's;32 Spring St.;Soho;32 Spring St
833;Loreley Restaurant & Biergaerten;7 Rivington St.;Lower East Side;7 Rivington St
834;Los Dados;73 Gansevoort St.;Meatpacking District;73 Gansevoort St
835;Los Dos Molinos;119 E 18th St.;Flatiron;119 E 18th St
836;Lovely Day;196 Elizabeth St.;Nolita;196 Elizabeth St
837;Lovies Place;2190 Frederick Douglass Blvd.;Harlem;2190 Frederick Douglass Blvd
838;Luca Lounge;220 Ave. B;East Village;220 Avenue B
839;Lucien;14 1st Ave.;East Village;14 1st Avenue
840;Lucky 11;11 Mott St.;Chinatown;11 Mott St
841;Lucky Strike;59 Grand St.;Soho;59 Grand St
842;Lucy;35 E 18th St. | ABC Carpet & Home;Flatiron;35 E 18th St
843;Lulu;235 Mulberry St.;Greenwich Village;235 Mulberry St
844;Lumi;963 Lexington Ave.;East 70s;963 Lexington Ave
845;Lunch Box Buffet;195 Centre St.;Chinatown;195 Centre St
846;Lunetta;920 Broadway;Flatiron;920 Broadway
847;Lupe’s East L.A. Kitchen;110 Sixth Ave.;Tribeca;110 6th Ave
848;Lure Fishbar;142 Mercer St. | downstairs;Soho;142 Mercer St
849;Lusardi's;1494 Second Ave.;East 70s;1494 2nd Ave
850;Lusso;331 W. Broadway;Soho;331 W Broadway
851;Luxee;6 Clinton St.;Noho;6 Clinton St
852;Luzia's;429 Amsterdam Ave.;West 80s;429 Amsterdam Ave
853;L‘Artusi;228 W 10th St.;Greenwich Village;228 W 10th St
854;MIracle Grill;415 Bleecker St.;West Village;415 Bleecker St
855;Macao Trading Company;311 Church St.;Tribeca;311 Church St
856;Macelleria;48 Gansevoort;Meatpacking District;48 Gansevoort St
857;Macondo;157 E. Houston;Lower East Side;157 E Houston St
858;Madaleine Mae;461 Columbus Ave.;West 80s;461 Columbus Ave
859;Madangsui;35 W 35th St.;Garment District;35 W 35th St
860;Madison & Vine;299 Madison Ave. | Library Hotel;East 40s;299 Madison Avenue Entrance on
861;Madison Bistro;238 Madison Ave.;Murray Hill;238 Madison Ave
862;Madras Café;79 2nd Ave.;East Village;79 2nd Ave
863;Madras Mahal;104 Lexington Ave.;Murray Hill;104 Lexington Ave
864;Maffei Pizza;688 6th Ave.;Flatiron;688 6th Ave
865;Malatesta;649 Washington St.;West Village;649 Washington St
866;Mama Mexico;2672 Broadway;West 100s;2672 Broadway
867;Mama's Food Shop;200 E 3rd St.;East Village;200 E 3rd St
868;Mamajuana Cafe;247 Dyckman St.;Inwood;247 Dyckman St
869;Mambi;4181 Broadway;Washington Heights;4181 Broadway
870;Mamlouk;211 E. Fourth St.;East Village;211 E 4th St
871;Mamoun's Falafel;119 MacDougal St.;Greenwich Village;119 MacDougal St
872;Mandoo Bar;2 W 32nd St.;Chelsea;2 W 32nd St
873;Mangia;22 W 23rd St.;Flatiron;22 W 23rd St
874;Mangia;50 W 57th Sts;West 50s;50 W 57th St
875;Mangia;40 Wall St. | Trump Building;Financial District;40 Wall St
876;Mangia;16 E 48th St.;East 40s;16 E 48th St
877;Manhattan Heroes;27th & 7th Ave.;Chelsea;New York
878;Mantra 986;986 Second Ave.;East 50s;986 2nd Ave
879;Maoz;38 Union Square East;Union Square;38 Union Square E
880;Mara's Homemade;342 E 6th St.;East Village;342 E 6th St
881;March;405 E 58th St.;East 50s;405 E 58th St
882;Marchi's;251 E 31st St.;Murray Hill;251 E 31st St
883;Maremma;228 W 10th St.;West Village;228 W 10th St
884;Marfa;101 E 2nd St.;East Village;101 E 2nd St
885;Mark Joseph;261 Water St.;Financial District;261 Water St
886;Market Café;496 9th Ave.;Garment District;496 9th Ave
887;Market Table;54 Carmine St.;West Village;54 Carmine St
888;Markt;676 6th Ave.;Chelsea;676 6th Ave
889;Marquet Patisserie;15 E 12th St.;East Village;15 E 12th St
890;Marseille;630 9th Ave.;West 40s;630 9th Ave
891;Mary's Fish Camp;64 Charles St.;West Village;64 Charles St
892;Matsugen;241 Church St.;Tribeca;241 Church St
893;Matsuri;396 W 16th St.;Chelsea;396 W 16th St
894;Max;1274 Amsterdam Ave.;Harlem;1274 Amsterdam Ave
895;Max;51 Ave. B;East Village;51 Avenue B
896;Max Brenner;141 Second Ave.;East Village;141 2nd Ave
897;Max Brenner;841 Broadway;Union Square;841 Broadway
898;Max SoHa;1274 Amsterdam Ave.;Harlem;1274 Amsterdam Ave
899;Maz Mezcal;316 E 86th St.;East 80s;316 East 86th St
900;Maze;151 W 54th St. | The London NYC;West 50s;151 W 54th St
901;McCormick & Schmick's;1285 Sixth Ave.;West 50s;1285 6th Ave
902;Megu;62 Thomas St.;Tribeca;62 Thomas St
903;Megu;845 United Nations Plaza;East 40s;845 United Nations Plaza
904;Menchanko-Tei;43-45 W 55th St.;West 50s;43 W 55th St
905;Menkui-Tei;63 Cooper Sq.;Noho;63 Cooper Sq
906;Mercadito;179 Ave. B;East Village;179 Avenue B
907;Mercat;45 Bond St.;Greenwich Village;45 Bond St
908;Mercer Kitchen;99 Prince St. | Mercer Hotel;Soho;99 Prince St
909;Mercury Dime;246 E 5th St.;East Village;246 E 5th St
910;Merkato 55;55 Gansevoort St.;Meatpacking District;55 Gansevoort St
911;Mermaid Inn;96 2nd Ave.;East Village;96 2nd Ave
912;Mesa Grill;102 Fifth Ave.;Flatiron;102 5th Ave
913;Meskel;199 E 3rd St.;East Village;199 E 3rd St
914;Meskerem;468 W 47th St.;West 40s;468 W 47th St
915;Metisse;230 W 105th St.;West 100s;230 W 105th St
916;Metro Marche;625 Eighth Ave.;West 40s;625 8th Ave
917;Mexican Radio;19 Cleveland Pl.;Soho;19 Cleveland Pl
918;Mexicana Mama;525 Hudson St.;West Village;525 Hudson St
919;Mexico Lindo;459 2nd Ave.;Murray Hill;459 2nd Ave
920;Mezzaluna;1295 Third Ave.;East 70s;1295 3rd Ave
921;Mi Cocina;57 Jane St.;West Village;57 Jane St
922;Mi Mexico Lindo Panaderia;2267 Second Ave.;East Harlem;2267 2nd Ave
923;Mia Dona;206 E 58th St.;East 50s;206 E 58th St
924;Minar;138 W 46th St.;West 40s;138 W 46th St
925;Minca;536 E 5th St.;East Village;536 E 5th St
926;Mint;150 E 50th St. | San Carlos Hotel;East 50s;150 E 50th St
927;Mishima;164 Lexington Ave.;Murray Hill;164 Lexington Ave
928;Miss Mamie's Spoonbread Too;366 W 110th St.;Harlem;366 W 110th St
929;Miss Maude's;547 Lenox Ave.;Harlem;547 Lenox Ave
930;Mizu Sushi;29 E 20th St.;Flatiron;29 E 20th St
931;Mo-Bay;17 W 125th St.;Harlem;17 W 125th St
932;Moco Global Dining;516A Third Ave.;Murray Hill;516a 3rd Ave
933;Momofuku Ko;163 1st Ave.;East Village;163 1st Avenue
934;Momofuku Milk Bar and Bakery;207 Second Ave.;East Village;207 2nd Ave
935;Momofuku Noodle Bar;171 1st Ave.;East Village;171 1st Avenue
936;Momofuku Ssam Bar;207 2nd Ave.;East Village;207 2nd Ave
937;Momofuku Ssäm Bar;207 Second Ave.;East Village;207 2nd Ave
938;Momoya;185 Seventh Ave.;Chelsea;185 7th Ave
939;Mon Petit Cafe;801 Lexington Ave.;East 60s;801 Lexington Ave
940;Monck's Corner;644 9th Ave.;West 40s;644 9th Ave
941;Mooncake Foods;28 Watts St.;Tribeca;28 Watts St
942;Morandi;211 Waverly Pl.;West Village;211 Waverly Pl
943;Morimoto;88 10th Ave.;Chelsea;88 10th Ave
944;Morton's, The Steakhouse;Morton's, The Steakhouse;East 40s;551 5th Ave
945;Mott Pho Bang Restaurant;157 Mott St.;Chinatown;157 Mott St
946;Mottsu;285 Mott St.;Soho;285 Mott St
947;Moustache;1621 Lexington Ave.;East Harlem;1621 Lexington Ave
948;Mr. Chow;324 E 57th St.;East 50s;324 E 57th St
949;Mr. Chow Tribeca;121 Hudson St.;Tribeca;121 Hudson St
950;Mr. Ginger;1572 2nd Ave.;East 80s;1572 2nd Ave
951;Mr. K's;570 Lexington Ave.;East 50s;General Electric Building
952;Mr. Skewer & Co.;43 W 14th St.;Chelsea;43 W 14th St
953;Mr. Tang;50 Mott St.;Chinatown;50 Mott St
954;Mughlai;320 Columbus Ave.;West 70s;320 Columbus Ave
955;Naima;513 W 27th St.;Chelsea;513 W 27th St
956;Nam;110 Reade St.;Tribeca;110 Reade St
957;Nam Zhaou Hand Made Noodle and Dumpling Place;144 E Broadway;Chinatown;144 E Broadway
958;Nanni;146 E 46th St.;East 40s;146 E 46th St
959;Nanoosh Mediterranean Hummus Bar;1273 1st Avenue;East 60s;1273 1st Avenue
960;Native;161 Lenox Ave.;Harlem;161 Lenox Ave
961;Natsumi;226 W 50th St.;West 50s;226 W 50th St
962;Neary's;358 E 57th St.;East 50s;358 E 57th St
963;Nello;696 Madison Ave.;East 60s;696 Madison Ave
964;Nelson Blue;233 Front St.;South Street Seaport;233 Front St
965;Neo Sushi;2298 Broadway;West 80s;2298 Broadway
966;Neptune Room;511 Amsterdam Ave.;West 80s;511 Amsterdam Ave
967;Nero;46 Gansevoort St.;Greenwich Village;46 Gansevoort St
968;New Bai Wei Gourmet Foods;51 Division St.;Chinatown;51 Division St
969;New Bo-Ky;82 Bayard St.;Chinatown;82 Bayard St
970;New Caporal;3772 Broadway;Washington Heights;3772 Broadway
971;New Chao Chow Restaurant;111 Mott St.;Chinatown;111 Mott St
972;New Green Bo;66 Bayard St.;Chinatown;66 Bayard St
973;New Malaysia Restaurant;46-48 Bowery;Chinatown;46 Bowery #48
974;New Naima Kada;124 Lexington Avenue;Murray Hill;124 Lexington Ave
975;New Pasteur Restaurant;85 Baxter St.;Chinatown;85 Baxter St
976;New York Burger Co.;303 Park Ave. S;Flatiron;303 Park Ave S
977;Nha Trang;148 Centre St.;Chinatown;148 Centre St
978;Nha Trang;87 Baxter St.;Chinatown;87 Baxter St
979;Nicky's Vietnamese Sandwiches;150 E 2nd St.;East Village;150 E 2nd St
980;Nicola's;146 E 84th St.;East 80s;146 E 84th St
981;Nicole's;10 E 60th St.;East 60s;10 E 60th St
982;Niko's Mediterranean Grill & Bistro;2161 Broadway;West 70s;2161 Broadway
983;Nikoniko;80 Wall St.;Financial District;80 Wall St
984;Niles Restrnt;371 7th Ave. Lbby;Garment District;371 7th Ave
985;Nina's Argentinean Pizzeria;1750 Second Ave.;East 90s;1750 2nd Ave
986;Nino's Tuscany;117 W 58th St.;West 50s;117 W 58th St
987;Nippon;155 E 52nd St.;East 50s;155 E 52nd St
988;Nirvana;218 Third Ave.;Flatiron;218 3rd Ave
989;No 1 Chinese Restaurant;825 W 181st St.;Washington Heights;825 W 181st St
990;Noah's Ark;399 Grand St.;Lower East Side;399 Grand St
991;Noble Food & Wine;7 Spring St.;Little Italy;7 Spring St
992;Nobu;105 Hudson St.;Tribeca;105 Hudson St
993;Nobu 57;40 W 57th St.;West 50s;40 W 57th St
994;Nobu Next Door;105 Hudson St.;Tribeca;105 Hudson St
995;Nocello;257 W 55th St.;West 50s;257 W 55th St
996;Noche Mexicana;852 Amsterdam Ave.;West 100s;852 Amsterdam Ave
997;Noho Star;330 Lafayette St.;Greenwich Village;330 Lafayette St
998;Nolita House;47 E Houston St.;Little Italy;47 E Houston St
999;Nomad;78 Second Ave.;East Village;78 2nd Ave
1000;Noodle Bar;26 Carmine Street;West Village;26 Carmine St
1001;Norma's;118 W 57th St. | Le Parker Meridian;West 50s;119 W 56th St
1002;Novita;102 E 22nd St.;Flatiron;102 E 22nd St
1003;Nyonya;194 Grand St.;Chinatown;194 Grand St
1004;O.G.;507 E 6th St.;East Village;507 E 6th St
1005;OK 218;218-220 Grand St.;Chinatown;218 Grand St #220
1006;Oak Room at the Plaza;768 5th Avenue;West 50s;768 5th Ave
1007;Obika;590 Madison Ave.;East 50s;590 Madison Ave
1008;Ocean Grill;384 Columbus Ave.;West 70s;384 Columbus Ave
1009;Oceana;55 E 54th St.;East 50s;55 E 54th St
1010;Odeon;145 W Broadway;Tribeca;145 W Broadway
1011;Oh! Taisho;9 St. Marks Pl.;East Village;9 St Marks Pl
1012;Old Homestead Steak House;56 9th Ave.;Chelsea;56 9th Ave
1013;Old Town Bar;45 E 18th St.;Flatiron;45 E 18th St
1014;Olympic Pita;58 W 38th St.;Garment District;58 W 38th St
1015;Omai;158 9th Ave.;Chelsea;158 9th Ave
1016;Omen;113 Thompson St.;Soho;113 Thompson St
1017;Omido;1695 Broadway;West 50s;1695 Broadway
1018;Oms/B;156 E 45th St.;East 40s;156 E 45th St
1019;Once Upon A Tart;135 Sullivan St.;Soho;135 Sullivan St
1020;Onda;229 Front St.;South Street Seaport;229 Front St
1021;One 83;1608 1st Ave.;East 80s;1608 1st Avenue
1022;One Fish, Two Fish;1399 Madison Ave.;East 90s;1399 Madison Ave
1023;One if by Land, Two if by Sea;17 Barrow St.;Greenwich Village;17 Barrow St
1024;Ono;18 Ninth Ave.;Meatpacking District;18 9th Ave
1025;Oriental Food Restaurant;103-105 Mott St.;Chinatown;103 Mott St
1026;Oriental Garden;14 Elizabeth St.;Soho;14 Elizabeth St
1027;Osaka Vibe;355 Bowery;East Village;355 Bowery
1028;Osterial Gelsi;507 9th Ave.;West 40s;507 9th Ave
1029;Osterial Laguna Restaurant;209 E 42nd St. | Grand Central Station;East 40s;209 E 42nd St. | Grand Central Station
1030;Ostia;113 7th Avenue S #15;East 50s;113 7th Ave S #15
1031;Otafuku;236 E 9th St.;East Village;236 E 9th St
1032;Otto;1 Fifth Ave.;Greenwich Village;1 5th Ave
1033;Otto Restaurant Enoteca Pizzeria;1 5th Ave.;Greenwich Village;1 5th Ave
1034;Ottomanelli New York Grill;1424 Lexington Ave.;East 90s;1424 Lexington Ave
1035;Ouest;2315 Broadway;West 80s;2315 Broadway
1036;Our Place;1444 3rd Ave.;East 80s;1444 3rd Ave
1037;Overseas Asian Restaurant;49 Canal St.;Chinatown;49 Canal St
1038;Oyster Bar;89 E 42nd St.;East 40s;89 E 42nd St
1039;PJ Bernstein;1215 3rd Ave.;East 70s;1215 3rd Ave
1040;PJ Clarke's;44 W 63rd St. | Lincoln Square;West 60s;44 W 63rd St.
1041;PJ Clarke's;915 3rd Ave.;East 50s;915 3rd Ave
1042;Pad Thai;114 8th Ave.;Chelsea;114 8th Ave
1043;Pak Punjab Deli and Grocery;50 E. 3rd St.;East Village;50 E 3rd St
1044;Pakistan Tea House;176 Church St.;Tribeca;176 Church St
1045;Pala;198 Allen St.;Lower East Side;198 Allen St
1046;Palacinka;28 Grand St.;Soho;28 Grand St
1047;Paladar;161 Ludlow St. Frnt;Lower East Side;161 Ludlow St
1048;Palm Restaurant;837 2nd Ave.;East 40s;837 2nd Ave
1049;Pam Real Thai Food;404 W 49th St.;West 40s;404 W 49th St
1050;Pampa;768 Amsterdam Ave.;West 90s;768 Amsterdam Ave
1051;Pampano;209 E 49th St.;East 40s;209 E 49th St
1052;Pampano Taqueria;805 Third Ave.;East 50s;805 3rd Ave
1053;Pancho Magico;213 Pearl St.;Financial District;213 Pearl St
1054;Panino Sportivo Roma;1231 Amsterdam Ave.;Harlem;1231 Amsterdam Ave
1055;Paola's;245 E 84th St.;East 80s;245 E 84th St
1056;Papatzul;55 Grand St.;Chinatown;55 Grand St
1057;Paradou;8 Little W 12th St.;Meatpacking District;8 Little W 12th St
1058;Parigot;155 Grand St.;Soho;155 Grand St
1059;Paris Cafe;119 South St.;Financial District;119 South St
1060;Paris Commune;99 Bank St.;West Village;99 Bank St
1061;Paris Sandwich;113 Mott St.;Soho;113 Mott St
1062;Park Avenue Winter, Spring, Summer, Autumn;100 E 63rd St.;East 60s;100 E 63rd St
1063;Park Terrace Bistro;4959 Broadway;Inwood;4959 Broadway
1064;Pars;249 West 26th St.;Chelsea;249 W 26th St
1065;Pars Grill House and Bar;249 W 26th St.;Garment District;249 W 26th St
1066;Pascalou;1308 Madison Ave.;East 80s;1308 Madison Ave
1067;Pasha Restaurant;70 W 71st St. | Frnt 1;West 70s;70 W 71st St
1068;Pasita;47 8th St.;West Village;47 8th Ave
1069;Pasta Presto 51;959 2nd Ave. Frnt;East 40s;959 2nd Ave
1070;Pasticcio Restaurant;447 3rd Ave.;Murray Hill;447 3rd Ave
1071;Pastis;9 9th Ave.;Meatpacking District;9 9th Ave
1072;Patroon;160 E 46th St.;East 40s;160 E 46th St
1073;Patsy's Pizzeria;2287-91 1st Ave.;East Harlem;2287 1st Avenue
1074;Paul's;131 2nd Ave.;East Village;131 2nd Ave
1075;Payard Patisserie & Bistro;1032 Lexington Ave.;East 70s;1032 Lexington Ave
1076;Peanut Butter & Co;221 Sullivan St.;Greenwich Village;221 Sullivan St
1077;Pearl Oyster Bar;18 Cornelia St.;West Village;18 Cornelia St
1078;Peep;177 Prince St.;Soho;LOFTS AT PRINCE (WEDDING)
1079;Pellegrino's;138 Mulberry St.;Little Italy;138 Mulberry St
1080;Penelope;159 Lexington Ave.;West 50s;159 Lexington Ave
1081;Pepe Giallo;253 10th Ave. Frnt;Chelsea;253 10th Ave
1082;Pepe Rosso;149 Sullivan St.;Soho;149 Sullivan St
1083;Pepolino;281 W Broadway;Soho;281 W Broadway
1084;Per Lei;1347 2nd Ave.;East 70s;1347 2nd Ave
1085;Perbacco;234 E 4th St.;East Village;234 E 4th St
1086;Pergola Des Artistes;252 W 46th St.;West 40s;252 W 46th St
1087;Peri Ela;1361 Lexington Ave.;East 90s;1361 Lexington Ave
1088;Perilla;9 Jones St.;West Village;9 Jones St
1089;Periyali;35 W 20th St.;Chelsea;35 W 20th St
1090;Perle;62 Pearl St.;Financial District;62 Pearl St
1091;Perry Street;176 Perry St.;West Village;176 Perry St
1092;Persepolis;1423 Second Ave.;East 70s;1423 2nd Ave
1093;Persimmon;277 E. 10th St.;East Village;277 E 10th St
1094;Persimmon Kimchi House;277 E. 10th St.;East Village;277 E 10th St
1095;Persphone;115 E. 60th St.;East 50s;115 E 60th St
1096;Pesce e Pasta;262 Bleecker St.;West Village;262 Bleecker St
1097;Pete's Tavern;129 E 18th St.;Flatiron;129 E 18th St
1098;Petite Abeille;134 W Broadway;Soho;134 W Broadway
1099;Philip Marie;569 Hudson St.;West Village;569 Hudson St
1100;Philippe;33 E 60th St.;East 60s;33 E 60th St
1101;Philly Slim's;789 9th Ave.;West 50s;789 9th Ave
1102;Pho Grand;277C Grand St.;Chinatown;277C Grand St
1103;Pho Saigon;52 Bowery;Chinatown;52 Bowery
1104;Pho Tu Do;119 Bowery;Chinatown;119 Bowery
1105;Pho Viet Huong;73 Mulberry St.;Chinatown;73 Mulberry St
1106;Phobang Restaurant;157 Mott St.;Little Italy;157 Mott St
1107;Phoenix Garden;242 E 40th St.;Murray Hill;242 E 40th St
1108;Piadina;57 W 10th St.;West Village;57 W 10th St
1109;Piano Due;151 W 51st St.;West 50s;151 W 51st St
1110;Piccolo Angolo;621 Hudson St.;West Village;621 Hudson St
1111;Pie;124 4th Ave.;East Village;124 4th Ave
1112;Pig Heaven;1540 Second Ave.;East 80s;1540 2nd Ave
1113;Pigalle;790 8th Ave.;West 40s;790 8th Ave
1114;Pinche Taqueria;227 Mott St.;Soho;227 Mott St
1115;Ping's Seafood Restaurant;22 Mott St.;Chinatown;22 Mott St
1116;Pintxos;510 Greenwich St.;Tribeca;510 Greenwich St
1117;Piola;48 E 12th;East Village;48 E 12th St
1118;Pipa;38 East 19th St.;Flatiron;38 E 19th St
1119;Pisticci;124 La Salle;Morningside Heights;124 La Salle St
1120;Pita Joe;2 W 14th St.;Chelsea;2 W 14th St
1121;Pita Pocket;21 E 12th St.;Greenwich Village;21 E 12th St
1122;Pizza Bar;48-50 9th Ave.;Chelsea;48 9th Ave
1123;Planet Thailand 212;30 W 24th St.;Chelsea;30 W 24th St
1124;Polonia;110 1st Ave.;East Village;110 1st Avenue
1125;Pomaire;371 W 46th St.;West 40s;371 W 46th St
1126;Pommes Frites;123 2nd Ave.;East Village;123 2nd Ave
1127;Pongal;110 Lexington Ave.;Murray Hill;110 Lexington Ave
1128;Pop Burger;58-60 9th Ave.;Chelsea;58 9th Ave
1129;Popover Cafe;551 Amsterdam Ave.;West 80s;551 Amsterdam Ave
1130;Porchetta;110 E 7th St.;East Village;110 E 7th St
1131;Posto;310 Second Ave.;Gramercy Park;310 2nd Ave
1132;Pranna;79 Madison Avenue;Murray Hill;79 Madison Ave
1133;Presstoast;112 MacDougal St.;Greenwich Village;112 MacDougal St
1134;Prime Burger;5 E 51st St.;East 50s;5 E 51st St
1135;Province;305 Church St.;Tribeca;305 Church St
1136;Prune;54 E 1st St.;East Village;54 E 1st St
1137;Public;210 Elizabeth St.;Little Italy;210 Elizabeth St
1138;Public House;140 E 41st St.;West 40s;140 E 41st St
1139;Puebla Mexican Food;47 1st Ave.;East Village;47 1st Avenue
1140;Puglia Ristorante;189 Hester St.;Little Italy;189 Hester St
1141;Pukk;71 1st Ave.;East Village;71 1st Avenue
1142;Punjabi Food Junction;301 Tenth Ave.;Chelsea;301 Amsterdam Ave
1143;Pure Food and Wine;54 Irving Pl.;Gramercy Park;54 Irving Pl
1144;Puttanesca Italian Restaurant;859 9th Ave.;West 50s;859 9th Ave
1145;Pylos;128 E 7th St.;East Village;128 E 7th St
1146;Pão!;322 Spring St.;Soho;322 Spring St
1147;Qasim;338 Ninth Ave.;Chelsea;338 9th Ave
1148;Quartino;11 Bleecker St.;Noho;11 Bleecker St
1149;Quatorze Bis;323 E 79th St.;East 70s;323 E 79th St
1150;Queen Sheba;317 W 141st St.;Harlem;317 W 141st St
1151;Quintessence;263 E 10th St.;East Village;263 E 10th St
1152;R.U.B.;208 W 23rd St.;Chelsea;208 W 23rd St
1153;Rack & Soul;2818 Broadway;West 100s;2818 Broadway
1154;Rai Rai Ken;214 E 10th St.;East Village;214 E 10th St
1155;Rain;100 W 82nd St.;West 80s;100 W 82nd St
1156;Ramen Setagaya;141 First Ave.;East Village;141 1st Avenue
1157;Rare;303 Lexington Ave.;Murray Hill;303 Lexington Ave
1158;Rare Bar & Grill;228 Bleecker St.;West Village;228 Bleecker St
1159;Red Bamboo;140 W 4th St.;Greenwich Village;140 West 4th Street
1160;Red Egg;202 Centre St.;Chinatown;202 Centre St
1161;Regate;198 Orchard St.;Lower East Side;198 Orchard St
1162;Republic;37 Union Square West;Union Square;37 Union Square W
1163;Restaurant Nippon;155 E 52nd St.;East 50s;155 E 52nd St
1164;Resto;111 E 29th St.;Murray Hill;111 E 29th St
1165;Ricardo Steak House;2145 Second Ave.;East Harlem;2145 2nd Ave
1166;Rice;227 Elizabeth St.;Nolita;227 Elizabeth St
1167;Rice 'N Beans;744 9th Ave.;West 50s;744 9th Ave
1168;Rice to Riches;37 Spring St.;Soho;37 Spring St
1169;Rickshaw Dumpling Bar;61 W 23rd St.;Flatiron;61 W 23rd St
1170;Riingo;205 E 45th St.;East 40s;205 E 45th St
1171;Rinconcito;307 W 39th St.;West 40s;307 W 39th St
1172;Roberto;741 Ninth Ave.;West 50s;741 9th Ave
1173;Ronnybrook Milk Bar;75 9th Ave.;Chelsea;75 9th Ave
1174;Room Service;166 8th Ave.;Chelsea;166 8th Ave
1175;Roomali;97 Lexington Ave.;Murray Hill;97 Lexington Ave
1176;Rosa Mexicano;61 Columbus Ave.;West 60s;61 Columbus Ave
1177;Roti Plus;2345 Eighth Ave.;Harlem;2345 Frederick Douglass Blvd
1178;Rouge Tomate;14 East 60th Street;East 60s;14 E 60th St
1179;Royal Siam;240 8th Ave.;Chelsea;240 8th Ave
1180;Rudy's Bar & Grill;627 9th Ave.;West 40s;627 9th Ave
1181;S'mac;345 E 12th St.;East Village;345 E 12th St
1182;Sahara East;184 1st Ave.;East Village;184 1st Avenue
1183;Sahara's Turkish Cuisine;513 Second Ave.;Murray Hill;513 2nd Ave
1184;Saigon Banh Mi Bakery;138 Mott St.;Chinatown;138 Mott St
1185;Saigon Grill;2381 Broadway;West 80s;2381 Broadway
1186;Sakae Sushi;135 W. 3rd St.;Greenwich Village;135 W 3rd St
1187;Sakagura;211 E 43rd St.;East 40s;211 E 43rd St
1188;Sal's and Carmine's;2671 Broadway;West 100s;2671 Broadway
1189;Salumeria Biellese;378 Eighth Ave.;Chelsea;378 8th Ave
1190;Salumeria Rosi Parmacotto;283 Amsterdam Ave.;West 70s;283 Amsterdam Ave
1191;Sammy's;453 6th Ave.;West Village;453 6th Ave
1192;San Francisco de Asis;1779 Lexington Ave.;East Harlem;1779 Lexington Ave
1193;San Loco;124 2nd Ave.;East Village;124 2nd Ave
1194;San Loco;111 Stanton St.;Lower East Side;111 Stanton St
1195;San Loco;151 Ave. A;East Village;151 Avenue A
1196;Sangam;190 Bleecker St.;Greenwich Village;190 Bleecker St
1197;Sanmaroo;22 W 8 St.;West Village;22 W 8th St
1198;Sapporo;152 W 49th St.;West 40s;152 W 49th St
1199;Sapporo East;245 E 10th St.;East Village;245 E 10th St
1200;Sarabeth's;423 Amsterdam Ave.;West 80s;423 Amsterdam Ave
1201;Sarabeth's;75 Ninth Ave.;Flatiron;75 9th Ave
1202;Sarabeth's;1295 Madison Ave.;East 90s;1295 Madison Ave
1203;Sarge's;548 3rd Ave.;Murray Hill;548 3rd Ave
1204;Sassy's Sliders;1530 Third Ave.;East 80s;1530 3rd Ave
1205;Savann;414 Amsterdam Ave.;West 80s;414 Amsterdam Ave
1206;Savarona;420 E 59th St.;East 50s;420 E 59th St
1207;Scarpetta;355 W. 14th St.;Meatpacking District;355 W 14th St
1208;Schiller's Liquor Bar;131 Rivington St.;Lower East Side;131 Rivington St
1209;Seasonal;132 W 58th St.;West 50s;132 W 58th St
1210;Second Avenue Deli;162 E 33rd St.;Murray Hill;162 E 33rd St
1211;Seoul Station;81 St. Marks Place;East Village;81 St Marks Pl
1212;Serafina;1022 Madison Ave.;East 70s;1022 Madison Ave
1213;Serendipity 3;225 E 60th St.;East 60s;225 E 60th St
1214;Servants of God/A Taste of Seafood;50 E 125th St.;East Harlem;50 E 125th St
1215;Shabu-Tatsu Downtown;216 E 10th St.;East Village;216 E 10th St
1216;Shake Shack;23rd & Madison Ave.;Flatiron;Madison Ave & E 23rd St
1217;Shang;187 Orchard St.;Chinatown;187 Orchard St
1218;Shanghai Café;100 Mott St.;Chinatown;100 Mott St
1219;Shanghai Cuisine;89 Bayard St.;Chinatown;89 Bayard St
1220;Sharaku;14 Stuyvesant St.;East Village;14 Stuyvesant St
1221;Sheng Wang;27 Eldridge St.;Chinatown;27 Eldridge St
1222;Shima;188 2nd Ave.;East Village;188 2nd Ave
1223;Shinbashi;7 E 48th St.;East 40s;7 E 48th St
1224;Sigiri;91 First Ave.;East Village;91 1st Avenue
1225;Silver Spurs;771 Broadway;Greenwich Village;771 Broadway
1226;Silver Spurs;494 La Guardia Place;Greenwich Village;494 LaGuardia Pl
1227;Simon Sips Cafe;72 East 1st Street;Greenwich Village;72 E 1st St
1228;Singapore Café;69 Mott St.;Chinatown;69 Mott St
1229;Singas Famous Pizza;176 Second Ave.;East Village;176 2nd Ave
1230;Sirtaj;36 W 26th St.;Flatiron;36 W 26th St
1231;Skylight Diner;402 W 34th St.;Chelsea;402 W 34th St
1232;Skyway;11 Allen St.;Lower East Side;11 Allen St
1233;Slurp;84 Stanton St.;Lower East Side;84 Stanton St
1234;Smith's;79 MacDougal Street;Greenwich Village;79 MacDougal St
1235;Smokin' Q;206 E 63rd St.;East 60s;206 E 63rd St
1236;Smorgas Chef;53 Stone St.;Financial District;53 Stone St
1237;Soba Totto;211 E. 43rd St.;East 40s;211 E 43rd St
1238;Soba-ya;229 E 9th St.;East Village;229 E 9th St
1239;Sokobolie;2529 8th Ave.;Harlem;2529 Frederick Douglass Blvd
1240;Sophie's Cuban Cuisine;96 Chambers St.;Financial District;96 Chambers St
1241;Sorella;95 Allen St.;East Village;95 Allen St
1242;Soto;357 Sixth Ave.;West Village;357 6th Ave
1243;Soul Fixins';371 W 34th St.;Chelsea;371 W 34th St
1244;Southern Hospitality;1460 Second Ave.;East 70s;1460 2nd Ave
1245;Soy;102 Suffolk St.;Lower East Side;102 Suffolk St
1246;Spain;113 W 13th St.;West Village;113 W 13th St
1247;Spice;104 2nd Ave.;East Village;104 2nd Ave
1248;Spice;60 University Place;Greenwich Village;60 University Pl
1249;Spice;199 8th Ave.;Chelsea;199 8th Ave
1250;Spice;1411 2nd Ave.;East 70s;1411 2nd Ave
1251;Spice Market;403 W 13th St.;West Village;403 W 13th St
1252;Spiga;200 West 84th St.;West 80s;200 W 84th St
1253;Spitzer's Corner;101 Rivington St.;Lower East Side;101 Rivington St
1254;Spotted Pig;314 W 11th St.;West Village;314 W 11th St
1255;Spring Street Natural Restaurant;62 Spring St.;Soho;62 Spring St
1256;St. Andrews;120 W 44th St.;West 40s;120 W 44th St
1257;St. Marks Ale House;2 St. Marks Pl.;East Village;2 St Marks Pl
1258;Stand;24 E 12th St.;East Village;24 E 12th St
1259;Steak Frites;225 Varick St.;Greenwich Village;225 Varick St
1260;Stout NYC;133 W 33rd St.;Chelsea;133 W 33rd St
1261;Strange Taste;20 Henry St.;Chinatown;20 Henry St
1262;Strip House;13 E 12th St.;East Village;13 E 12th St
1263;Suba;109 Ludlow St.;Lower East Side;109 Ludlow St
1264;Sueños;311 W 17th St.;Chelsea;311 W 17th St
1265;Sugar Sweet Sunshine Bakery;126 Rivington St.;Lower East Side;126 Rivington St
1266;Sukhadia's Gokul Indian Gourmet;17 W 45th St.;West 40s;17 W 45th St
1267;Sumile;154 W 13th St.;West Village;154 W 13th St
1268;Sun Dou;214 Grand St.;Soho;214 Grand St
1269;Sunburnt Cow;137 Ave. C;East Village;137 Loisaida Ave
1270;Sunrise Cuisine;2317 First Ave.;East Harlem;2317 1st Avenue
1271;Sunrise Mart;4 Stuyvesant St.;East Village;4 Stuyvesant St
1272;Super Taste;26 Eldridge St.;Chinatown;26 Eldridge St
1273;Supermac;348 Seventh Ave.;Chelsea;348 7th Ave
1274;Supper Restaurant;156 E. 2nd Street;East Village;156 E 2nd St
1275;Sushi A la Kawa;22 Maiden Ln.;Financial District;22 Maiden Ln
1276;Sushi Samba;245 Park Ave. South;Gramercy Park;245 Park Ave S
1277;Sushi Seki;1143 First Ave.;East 60s;1143 1st Avenue
1278;Sushi Yasuda;204 E 43rd St.;East 40s;204 E 43rd St
1279;Sushi Zen;108 W 44th St.;West 40s;108 W 44th St
1280;Sushisay;38 E 51st St.;East 50s;38 E 51st St
1281;Suteishi;24 Peck Slip;South Street Seaport;24 Peck Slip
1282;Sweetiepie;19 Greenwich Ave.;Greenwich Village;19 Greenwich Ave
1283;TOMO;2850 Broadway;West 100s;2850 Broadway
1284;Taam Tov;46 West 47th St.;West 40s;46 W 47th St
1285;Tabla Frankie Cart;11 Madison Ave.;Flatiron;11 Madison Ave
1286;Tacocina;714 Ninth Ave.;West 40s;714 9th Ave
1287;Tahini;23 3rd Ave.;East Village;23 3rd Ave
1288;Tailor;525 Broome St.;Soho;525 Broome St
1289;Taim;222 Waverly Pl.;West Village;222 Waverly Pl
1290;Takahatchi;85 Ave. A;East Village;85 Avenue A
1291;Taksim;1030 Second Ave.;East 50s;1030 2nd Ave
1292;Tamarind;41-43 E. 22nd St.;Flatiron;41 E 22nd St #43
1293;Tamil Nadu Bhavan;102 Lexington Ave.;Murray Hill;102 Lexington Ave
1294;Tang Pavilion;65 W 55th St.;West 50s;65 W 55th St
1295;Taqueria y Fonda;968 Amsterdam Ave.;West 100s;968 Amsterdam Ave
1296;Tartine;253 W 11th St.;West Village;253 W 11th St
1297;Tavern on Jane;31 8th Ave.;West Village;31 8th Ave
1298;Tavern on the Green;67 Central Park W;West 60s;67 Central Park West
1299;Tebaya;144 W 19th St.;Chelsea;144 W 19th St
1300;Telepan;72 W 69th St.;West 60s;72 W 69th St
1301;Telephone;149 2nd Ave.;East Village;149 2nd Ave
1302;Tello's Ristorante;263 W 19th St.;Chelsea;263 W 19th St
1303;Temple in the Village;74 W 3rd St.;Greenwich Village;74 W 3rd St
1304;Terry's Gourmet;575 Sixth Ave.;Chelsea;575 6th Ave
1305;Tet;83 Ave. A;East Village;83 Avenue A
1306;Texas Smokehouse BBQ;637 2nd Ave.;Murray Hill;637 2nd Ave
1307;Thai Market;960 Amsterdam Ave.;West 100s;960 Amsterdam Ave
1308;Thai So'n;89 Baxter St.;Chinatown;89 Baxter St
1309;Thalassa Restuarant;179 Franklin St.;Tribeca;179 Franklin St
1310;The Country Kebab;76 Fulton St.;Financial District;76 Fulton St
1311;The Crooked Knife;29 e. 30th St.;Murray Hill;29 E 30th St
1312;The Cupping Room Cafe, Inc.;359 W. Broadway;Soho;359 W Broadway
1313;The E.U.;235 E. Fourth St.;East Village;235 E 4th St
1314;The Elephant;58 E. First St.;East Village;58 E 1st St
1315;The Grey Dog's Coffee;33 Carmine St.;West Village;33 Carmine St
1316;The Harrison;355 Greenwich St.;Tribeca;355 Greenwich St
1317;The Irish Punt;40 Exchange Place;Financial District;40 Exchange Pl
1318;The John Dory;85 Tenth Ave, New York;Chelsea;US-NYC-8510
1319;The Mill;2895 Broadway;West 100s;2895 Broadway
1320;The Modern;11 W 53rd St.;West 50s;11 W 53rd St
1321;The New French;522 Hudson St.;West Village;522 Hudson St
1322;The Oak Room;59 W 44th St.;West 40s;59 W 44th St
1323;The Orchard;162 Orchard St.;Lower East Side;WASSAIL
1324;The Palm;837 2nd Ave.;East 40s;837 2nd Ave
1325;The Park;118 10th Ave.;Chelsea;118 10th Ave
1326;The Red Cat;227 10th Ave.;Chelsea;227 10th Ave
1327;The Silver Swan;41 E 20th St.;Flatiron;41 E 20th St
1328;The Smith;55 3rd Ave.;East Village;55 3rd Ave
1329;The Stanton Social;99 Stanton St.;Lower East Side;99 Stanton St
1330;The Tasting Room;72 E. First St.;East Village;72 E 1st St
1331;The Trailer Park Lounge;271 W 23rd St.;Chelsea;271 W 23rd St
1332;The Water Club;500 E 30th St.;Murray Hill;500 E 30th St
1333;Thor;107 Rivington St.;Lower East Side;107 Rivington St
1334;Three of Cups;83 First Ave.;East Village;83 1st Avenue
1335;Tia Pol;205 10th Ave.;Chelsea;205 10th Ave
1336;Tiffin Wallah;127 East 28th Street;Murray Hill;127 E 28th St
1337;Times Square Brewery;210 W 42nd St.;East 40s;210 W 42nd St
1338;Tiny's Giant Sandwich Shop;129 Rivington St.;Lower East Side;129 Rivington St
1339;Todai;6 E 32nd St.;Murray Hill;6 E 32nd St
1340;Tokyo La Men;90 University Pl.;Greenwich Village;90 University Pl
1341;Tokyo Lunch;10 John St.;Financial District;10 John St
1342;Toloache;251 W 50th St.;West 50s;251 W 50th St
1343;Tomoe Sushi;172 Thompson St.;Greenwich Village;172 Thompson St
1344;Totally Baked;8 W 18th St.;Chelsea;8 W 18th St
1345;Totonno's;462 Second Ave.;Murray Hill;462 2nd Ave
1346;Tout Va Bien;311 W 51st St.;West 50s;311 W 51st St
1347;Trattoria Spaghetto;232 Bleecker St.;West Village;232 Bleecker St
1348;Treichville;339 E 118th St.;East Harlem;339 E 118th St
1349;Trestle on Tenth;242 10th Ave.;Chelsea;242 10th Ave
1350;Tribeca Grill;375 Greenwich Street;Tribeca;375 Greenwich St
1351;Trigo;268 W. Broadway;Tribeca;268 W Broadway
1352;Troy;539 9th Ave.;West 40s;539 9th Ave
1353;Tu Quynh Center;230 Grand St.;Chinatown;230 Grand St
1354;Tulcingo Del Valle Grocery;665 Tenth Ave.;West 40s;665 Amsterdam Ave
1355;Turkuaz;2637 Broadway;West 100s;2637 Broadway
1356;Two Boots;201 W 11th St.;West Village;201 W 11th St
1357;Two Boots;30 Rockefeller Plz.;West 40s;30 Rockefeller Plaza
1358;Two Boots;42 Ave. A;East Village;42 Avenue A
1359;Two Boots;Grand Central Station;East 40s;89 E 42nd St
1360;Two Boots;74 Bleecker St.;Greenwich Village;74 Bleecker St
1361;Two Boots Tavern;;;
1362;Two Times Square;714 Seventh Ave.;West 40s;714 7th Ave
1363;Txikito;240 Ninth Ave.;Chelsea;240 9th Ave
1364;Udon West;150 E 46th St.;East 40s;150 E 46th St
1365;Udon West;11 St. Marks Place;East Village;11 St Marks Pl
1366;Ulysses;93 Pearl St.;Financial District;93 Pearl St
1367;Una Pizza Napoletana;349 E 12th St.;East Village;349 E 12th St
1368;Uncle Nick's;747 Ninth Ave.;West 50s;747 9th Ave
1369;Union Prime;9 E 16th St, New York;East Village;9 E 16th St
1370;Union Square Cafe;21 E 16th St.;Union Square;21 E 16th St
1371;Ureña;37 E 28th St.;Murray Hill;37 E 28th St
1372;Ushiwakamaru;136 W Houston St.;Greenwich Village;136 W Houston St
1373;Vanessa's Dumplings;220 E. 14th St.;East Village;220 E 14th St
1374;Vegetarian Dim Sum House;24 Pell St.;Chinatown;24 Pell St
1375;Vento;between W. 13th and W. 14th St.;West Village;between W. 13th and W. 14th St.
1376;Veritas;43 E 20th St.;Flatiron;43 E 20th St
1377;Veselka;144 2nd Ave.;East Village;144 2nd Ave
1378;Via Emilia;47 E 21st St.;Flatiron;47 E 21st St
1379;Viceroy;160 8th Ave.;Chelsea;160 8th Ave
1380;Viet Café;345 Greenwich St.;Tribeca;345 Greenwich St
1381;Village Mingala;21 E 7th St.;East Village;21 E 7th St
1382;Village Yokocho;8 Stuyvesant St.;East Village;8 Stuyvesant St
1383;Vintage Irving;120 E15th St.;Union Square;120 E 15th St
1384;Virage;118 Second Ave.;East Village;118 2nd Ave
1385;Virgil's Real Barbecue;152 W 44th St.;West 40s;152 W 44th St
1386;Viva Herbal;179 Second Ave.;East Village;179 2nd Ave
1387;Vynl;507 Columbus Ave.;West 80s;507 Columbus Ave
1388;Vynl;824 9th Ave.;West 40s;824 9th Ave
1389;Vynl;754 9th Ave.;West 50s;754 9th Ave
1390;Vynl;1491 2nd Ave.;West 50s;1491 2nd Ave
1391;Vynl;102 8th Ave.;Chelsea;102 8th Ave
1392;Wa Ji Pork Chip Fast Food;7 Allen St.;Chinatown;7 Allen St
1393;WaWa Canteen;289 Mercer St.;Greenwich Village;289 Mercer St
1394;Wah Fung No. 1 Fast Food;79 Chrystie St.;Chinatown;79 Chrystie St
1395;Waldy's Wood-Fired Pizza & Penne;800 6th Ave.;Chelsea;800 6th Ave
1396;Wall Street Burger Shoppe;30 Water St.;Financial District;30 Water St
1397;Waverly Inn;16 Bank St.;West Village;16 Bank St
1398;Waverly Restaurant;385 6th Ave.;West Village;385 6th Ave
1399;Westville;210 W 10th St.;West Village;210 W 10th St
1400;Westville East;173 Ave. A;East Village;173 Avenue A
1401;Wing Shoon;165 E Broadway;Lower East Side;165 E Broadway
1402;Wok to Walk;106 University Place;Union Square;106 University Pl
1403;Won Jo;23 W 32nd St.;Chelsea;23 W 32nd St
1404;Wondee Siam;813 9th Ave.;West 50s;813 9th Ave
1405;Wonton Garden;56 Mott St.;Chinatown;56 Mott St
1406;Woorijip;12 W 32nd St.;Chelsea;12 W 32nd St
1407;Wu Liang Ye;338 Lexington Ave.;Murray Hill;338 Lexington Ave
1408;XO Kitchen;148 Hester St.;Soho;148 Hester St
1409;Xai Xai;365 W. 51st St.;West 50s;365 W 51st St
1410;Xunta;174 First Ave.;East Village;174 1st Avenue
1411;Yaffa Cafe;97 St. Marks Place;East Village;97 St Marks Pl
1412;Yaffa Café;97 St. Marks Pl.;East Village;97 St Marks Pl
1413;Yakiniku West;218 E 9th St.;East Village;218 E 9th St
1414;Yakitori Taisho;5 Saint Marks Pl.;East Village;5 St Marks Pl
1415;Yakitori Totto;251 W 55th St.;West 50s;251 W 55th St
1416;Yama;122 E 17th St.;Flatiron;122 E 17th St
1417;Yama;92 W Houston St.;Greenwich Village;92 W Houston St
1418;Yama;38-40 Carmine St.;West Village;38-40 Carmine St
1419;Yeah Shanghai Deluxe;65 Bayard St.;Chinatown;65 Bayard St
1420;Yoghurt Place II;71 Sullivan St.;Soho;71 Sullivan St
1421;Yoshi;201 E Houston St.;Lower East Side;201 E Houston St
1422;Yoshinoya;255 W 42nd St.;West 40s;255 W 42nd St
1423;Young City Fish Balls;21 Eldridge St.;Chinatown;21 Eldridge St
1424;Yuca Bar & Restaurant;111 Avenue A;East Village;111 Avenue A
1425;Yum Thai;129 West 44th St.;West 40s;129 W 44th St
1426;Yushi;245 Park Avenue;East 40s;245 Park Avenue
1427;Zabar's Deli & Gourmet Foods;2245 Boradway;West 80s;2245 Broadway
1428;Zabb City;244 E. 13th St.;East Village;244 E 13th St
1429;Zaitzeff;72 Nassau St.;Financial District;72 Nassau St
1430;Zaragoza Grocery;215 Ave. A;East Village;215 Avenue A
1431;Zemi;130 Ninth Ave.;Chelsea;130 9th Ave
1432;Zen Palate;663 9th Ave.;West 40s;663 9th Ave
1433;Zen Palate;104 John St.;Financial District;104 John St
1434;Zip Burger;300 1/2 E 52nd;East 50s;300 1/2 E 52nd St
1435;Zoma;2084 Frederick Douglass Blvd.;Harlem;2084 Frederick Douglass Blvd
1436;Zorzi;1 E 35th St.;Gramercy Park;1 E 35th St
1437;Zum Schneider;107 Ave. C;East Village;107 Loisaida Ave
1438;eleven B.;174 Ave. B.;East Village;174 Avenue B
1439;etcetera etcetera;352 W. 44th St.;West 40s;352 W 44th St
1440;la Focaccia;51 Bank St.;West Village;51 Bank St
1441;wd-50;50 Clinton St.;Lower East Side;50 Clinton St
1442;Ñ;33 Crosby St.;Tribeca;33 Crosby St
