;restaurant;address;addressFix
0;1 Nocello;257 West 55th Street;257 W 55th St, New York, NY 10019, USA
1;10 Downing Food and Wine;10 Downing Street;10 Downing St, Westminster, London SW1A 2AA, United Kingdom
2;2 West;2 West Street;2 West St, New York, NY 10004, USA
3;21 Club;21 West 52nd Street;21 W 52nd St, New York, NY 10019, United States
4;212 Restaurant & Bar;133 East 65th Street;133 E 65th St, New York, NY 10065, USA
5;3 J's Pizza;1603 2nd Avenue;1603 2nd Ave, New York, NY 10028, USA
6;44 Restaurant;44 West 44th Street;44 West 44th Street
7;5 Brothers Gourmet Market;689 10th Avenue;689 10th Ave, New York, NY 10036, USA
8;5 Ninth Restaurant;5 Ninth Avenue;5 9th Ave, New York, NY 10014, USA
9;88 Noodle & Oriental House;565 Columbus Avenue;565 Columbus Ave, New York, NY 10024, USA
10;A Slice of New York;727 8th Avenue;727 8th Ave, Brackenridge, PA 15014, USA
11;A Voce;41 Madison Avenue;Jerome Mansion, 41 Madison Ave, New York, NY 10010, USA
12;A.J Maxwells - Steakhouse;57 West 48 Street;57 W 48th St, New York, NY 10036, USA
13;Abboccato Restaurant;136 West 55th Street;136 W 55th St, New York, NY 10019, USA
14;Abitino's;947 1st Avenue;947 1st Avenue, New York, NY 10022, USA
15;Above;234 West 42nd Street;234 W 42nd St, New York, NY 10036, USA
16;Accademia Di Vino;1081 Third Avenue;1081 3rd Ave, New York, NY 10065, USA
17;Acqua Pazza;36 West 52nd Street;36 West 52nd Street
18;Ada;208 East 58th Street;208 E 58th St, New York, NY 10022, USA
19;Adour Alain Ducasse;Two East 55th Street;Two E 55th St, New York, NY 10022, United States
20;Adrienne's Pizzabar;54 Stone Street;54 Stone St, New York, NY 10004, USA
21;Agata & Valentina Ristorante;1513 First Avenue;1513 1st Avenue, New York, NY 10075, USA
22;Agave;140 7th Avenue South;140 7th Ave S, St. Petersburg, FL 33701, USA
23;Ago Restaurant;377 Greenwich Street;377 Greenwich St, New York, NY 10013, USA
24;Agozar;324 Bowery;324 Bowery, New York, NY 10012, USA
25;Aix Restaurant;2398 Broadway;2398 Broadway, New York, NY 10024, USA
26;Aja;1068 First Avenue;1068 1st Avenue, New York, NY 10022, USA
27;Aja Asian Bistro and Lounge;432 6th Avenue;432 6th Ave, New York, NY 10011, USA
28;Aki Sushi;1425 York Avenue;1425 York Ave, New York, NY 10021, USA
29;Aki Sushi West;128 West 36th Street;128 W 36th St, New York, NY 10018, USA
30;Akita Sushi;1771 1st Avenue;1771 1st Avenue, New York, NY 10128, USA
31;Al Forno;1484 2nd Avenue;1484 2nd Ave, New York, NY 10075, USA
32;Alamo Restaurant;304 East 48th Street;304 E 48th St, New York, NY 10017, USA
33;Alcala;342 East 46th Street;342 E 46th St, New York, NY 10017, USA
34;Aleo Restaurant;7 West 20th Street;7 W 20th St, New York, NY 10011, USA
35;Alfama;551 Hudson Street;551 Hudson St, New York, NY 10014, USA
36;Alfredo of Rome;4 West 49th Street;4 W 49th St, New York, NY 10020, USA
37;Allegretti;46 West 22nd Street;46 W 22nd St, New York, NY 10010, USA
38;Allen and Delancey;115 Allen Street;115 Allen St, New York, NY 10002, USA
39;Alloro;307 East 77th Street;307 E 77th St, New York, NY 10075, USA
40;Alonso's Steakhouse;265 West 20th Street;265 W 20th St, New York, NY 10011, USA
41;Alto Restaurant;520 Madison Avenue;520 Madison Ave, New York, NY 10022, USA
42;Ama;48 Macdougal Street;48 MacDougal St, New York, NY 10012, USA
43;Amalia;204 West 55th Street;204 W 55th St, New York, NY 10019, USA
44;Ambassador Grill;1 United Nations Plaza;1 United Nations Plaza, New York, NY 10017, United States
45;Amber;1406 3rd Avenue;1406 3rd Ave, New York, NY 10075, USA
46;American (Show All);9 Jones Street;9 Jones St, New York, NY 10014, USA
47;American (Show All);Inside Battery Park;Inside Battery Park
48;American (Show All);116 East 16th Street;116 E 16th St, New York, NY 10003, USA
49;American (Show All);152 West 52nd Street;152 W 52nd St, New York, NY 10019, USA
50;American (Show All);885 Second Avenue;885 2nd Ave, New York, NY 10017, USA
51;American (Show All);2315 Broadway;2315 Broadway, New York, NY 10024, USA
52;American (Show All);45 East 20th Street;45 E 20th St, New York, NY 10003, USA
53;American Burger Co.;100 West 32nd Street;100 W 32nd St, New York, NY 10001, USA
54;American Gourmet Foods Deli;831 6th Avenue;831 6th Ave, New York, NY 10001, USA
55;American Spirits Grill;1744 2nd Avenue;1744 2nd Ave, New York, NY 10128, USA
56;Amma;246 East 51st Street;246 E 51st St, New York, NY 10022, USA
57;Ammos Estiatorio;52 Vanderbilt Avenue;52 Vanderbilt Ave, New York, NY 10017, USA
58;Amor Cubano;2018 Third Avenue;2018 3rd Ave, New York, NY 10029, USA
59;Amsterdam Restaurant & Tapas Lounge;1207 Amsterdam Avenue;1207 Amsterdam Ave, New York, NY 10027, USA
60;Angelo & Maxie's;233 Park Avenue;233 Park Avenue
61;Annisa Restaurant;13 Barrow Street;13 Barrow Street
62;Antonucci's;170 East 81 Street;170 E 81st St, New York, NY 10028, USA
63;Any Time Cafe;17 John Street;17 John St, New York, NY 10038, USA
64;Aoki;234 West 48th Street;234 W 48th St, New York, NY 10036, USA
65;Apiary;60 3rd Avenue;60 3rd Ave, New York, NY 10003, USA
66;Apizz;217 Elridge Street;217 Eldridge St, New York, NY 10002, USA
67;Aquavit;65 East 55th Street;65 E 55th St, New York, NY 10022, United States
68;Arabelle at the Hotel Plaza Athenee;37 East 64th Street;37 E 64th St, New York, NY 10065, USA
69;Arby's;100 West 33rd Street;100 W 33rd St, New York, NY 10001, USA
70;Archipelago SoHo;333 Hudson Street;333 Hudson St, New York, NY 10013, USA
71;Arriba Arriba! - East;1463 Third Avenue;1463 3rd Ave, New York, NY 10028, USA
72;Arte Cafe;106 West 73rd Street;106 W 73rd St, New York, NY 10023, USA
73;Artisanal;2 Park Avenue;2 Park Ave, New York, NY 10016, USA
74;Asia Grill;1239 2nd Avenue;1239 2nd Ave, New York, NY 10065, USA
75;Asia de Cuba New York;237 Madison Avenue;237 Madison Ave, New York, NY 10016, USA
76;Asiana Restaurant and Bar;120 East 34th Street;120 E 34th St, New York, NY 10016, USA
77;Asiate;80 Columbus Cir. at 60th St.;80 Columbus Cir, New York, NY 10023, United States
78;Aspen;30 West 22nd Street;30 W 22nd St, New York, NY 10010, USA
79;Aspen Social Club;157 West 47th Street;157 W 47th St, New York, NY 10036, USA
80;Astor Court;2 East 55th Street;2 E 55th St, New York, NY 10022, USA
81;Atomic Wings;528 9th Avenue;528 9th Ave, New York, NY 10018, USA
82;Atomic Wings;1644 3rd Avenue;1644 3rd Ave, New York, NY 10128, USA
83;Atomic Wings at Down the Hatch;179 West 4th Street;179 West 4th Street, New York, NY 10014, USA
84;Auntie Anne's Pretzels;664 8th Avenue;664 8th Ave, New York, NY 10036, USA
85;Aureole;34 East 61st Street;34 E 61st St, New York, NY 10065, USA
86;Aurora;510 Broome Street;510 Broome St, New York, NY 10013, USA
87;Avi and David's;1046 3rd Avenue;1046 3rd Ave, Croydon, PA 19021, USA
88;Avra Estiatorio;141 East 48th Street;141 E 48th St, New York, NY 10017, USA
89;Azafran;77 Warren Street;77 Warren St, New York, NY 10007, USA
90;Azza;137 E. 55th St. at Lexington;137 E. 55th St. at Lexington
91;B & T Supreme Pizza;132 East 86th Street;132 East 86th St, New York, NY 10028, USA
92;B. Cafe;240 East 75th Street;240 E 75th St, New York, NY 10021, USA
93;B. Smith's Restaurant Row;320 West 46th Street;320 W 46th St, New York, NY 10036, USA
94;BLT Fish Bistro Laurent Tourondel;21 West 17th Street;21 W 17th St, New York, NY 10011, USA
95;BLT Fish Bistro Laurent Tourondel;111 East 22nd Street;111 E 22nd St, New York, NY 10010, USA
96;BLT Market;1430 Avenue of the Americas;1430 6th Ave, New York, NY 10019, USA
97;BLT Steak, Bistro Laurent Tourondel;106 East 57th Street;106 E 57th St, New York, NY 10022, USA
98;Babbo;110 Waverly Place;110 Waverly Pl, New York, NY 10011, USA
99;Babouche SoHo;92 Prince Street;92 Prince St, New York, NY 10012, USA
100;Bagel & Bean;828 7th Avenue;828 7th Ave, New York, NY 10019, USA
101;Bagicha;226 West 79th Street;226 W 79th St, New York, NY 10024, USA
102;Baldoria;249 West 49th Street;249 W 49th St, New York, NY 10019, USA
103;Baluchi's West 56th Street;240 West 56th Street;240 W 56th St, New York, NY 10019, USA
104;Banana Leaf;103 Lexington Avenue;103 Lexington Ave, New York, NY 10016, USA
105;Bangkok House;360 West 360 46th Street;360 W 46th St, New York, NY 10036, USA
106;Bann;350 West 50th Street;350 W 50th St, New York, NY 10019, USA
107;Bar Americain;152 West 52nd Street;152 W 52nd St, New York, NY 10019, USA
108;Bar Blanc;142 West 10th Street;142 W 10th St, New York, NY 10014, USA
109;Bar Boulud;1900 Broadway;1900 Broadway, New York, NY 10023, USA
110;Bar Q;308-310 Bleecker Street;308 Bleecker St, New York, NY 10014, USA
111;Bar Stuzzichini;928 Broadway;928 Broadway, New York, NY 10010, USA
112;Baraonda;1439 Second Avenue;1439 2nd Ave, New York, NY 10021, USA
113;Barbetta;321 West 46th Street;321 W 46th St, New York, NY 10036, USA
114;Barbounia;250 Park Avenue South;250 Park Avenue South
115;Barbuto Restaurant;775 Washington Avenue;775 Washington Ave, Muskegon, MI 49441, USA
116;Barking Dog;1453 York Avenue;1453 York Ave, New York, NY 10075, USA
117;Barna;365 Park Avenue South;365 Park Ave S, New York, NY 10016, USA
118;Barocco Kitchen;42 Union Square East;42 Union Square E, New York, NY 10003, USA
119;Baton Rouge Restaurant & Lounge;458 West 145th Street;458 W 145th St, New York, NY 10031, USA
120;Battery Gardens Restaurant;Inside Battery Park;Inside Battery Park
121;Beacon Restaurant;25 West 56th Street;25 W 56th St, New York, NY 10019, USA
122;Becco;355 West 46 Street;355 W 46th St, New York, NY 10036, USA
123;Beijing Wok Restaurant;1324 2nd Avenue;1324 2nd Ave, New York, NY 10021, USA
124;Bella Blu;967 Lexington Avenue;967 Lexington Ave, New York, NY 10021, USA
125;Bella Luna;584 Columbus Avenue;584 Columbus Avenue
126;Bellavitae;24 Minetta Lane;24 Minetta Ln, New York, NY 10012, USA
127;Bellini;208 East 52nd Street;208 East 52nd Street
128;Bello Sguardo;410 Amsterdam Avenue;410 Amsterdam Ave, New York, NY 10024, USA
129;Belluno;340 Lexington Avenue;340 Lexington Ave, New York, NY 10016, USA
130;Ben & Jerry's;Grand Central Terminal;89 E 42nd St, New York, NY 10017, United States
131;Ben & Jerry's;680 8th Avenue;680 8th Ave, New York, NY 10036, USA
132;Ben Benson's;123 West 52 Street;123 W 52nd St, New York, NY 10019, USA
133;Ben's Kosher Delicatessen;2099 West 38 Street;2099 W 38th St, Norfolk, VA 23508, USA
134;Benihana Japanese Steak House;47 West 56th Street;47 W 56th St, New York, NY 10019, USA
135;Benjamin Steakhouse;Manhattan · 52 East 41 Street;52 E 41st St, New York, NY 10017, USA
136;Bergdorf Goodman;2 West 58th Street;Bergdorf Goodman, 2 W 58th St, New York, NY 10019, USA
137;Berger's Delicatessen;44 West 47 Street;44 W 47th St, New York, NY 10036, USA
138;Best Pizza;1038 1st Avenue;1038 1st Avenue, New York, NY 10022, USA
139;Big Nick;2175 Broadway;2175 Broadway, New York, NY 10024, USA
140;Big Nick's Burger Joint and Pizza Joint;2175 Broadway;2175 Broadway, New York, NY 10024, USA
141;Bistecca Fiorentina;317 West 46th Street;317 W 46th St, New York, NY 10036, USA
142;Bistro Chat Noir;22 East 66th Street;22 E 66th St, New York, NY 10065, USA
143;Bistro Desaret;227 East 56th Street;227 E 56th St, New York, NY 10022, USA
144;Bistro Les Amis;180 Spring Street;180 Spring Street
145;Bistro Milano;1350 Avenue of the Americas;1350 6th Ave, New York, NY 10019, USA
146;Bivio Restaurant;637 Hudson Street;637 Hudson St, New York, NY 10014, USA
147;Blair Perrone Steak House;885 Second Avenue;885 2nd Ave, New York, NY 10017, USA
148;Blockhead's Burritos;499 3rd Avenue;499 3rd Ave, New York, NY 10016, USA
149;Blue Hill;75 Washington Place;75 Washington Pl, New York, NY 10011, USA
150;Blue Smoke;116 East 27th Street;116 E 27th St, New York, NY 10016, USA
151;Bobby Van's Steakhouse;25 Broad Street;25 Broad St, New York, NY 10004, United States
152;Bobby Van's Steakhouse;131 East 54th Street;131 E 54th St, New York, NY 10022, USA
153;Bobby Van's Steakhouse;230 Park Ave. at 46th St.;230 Park Ave. at 46th St.
154;Bocca Restaurant;39 East 19th Street;39 E 19th St, New York, NY 10003, USA
155;Bocca di Bacco;828 Nineth Avenue;828 9th Ave, New York, NY 10019, USA
156;Body Restaurant and Lounge Harlem;701 West 135th Street;701 W 135th St, New York, NY 10031, USA
157;Bolo Restaurant & Bar;23 East 22nd Street;23 E 22nd St, New York, NY 10010, USA
158;Bond Street;6 Bond Street;6 Bond St, New York, NY 10012, USA
159;Boom Restaurant;152 Spring Street;152 Spring St, Charleston, SC 29403, USA
160;Borgo Antico;22 East 13th Street;22 E 13th St, New York, NY 10003, USA
161;Bottega Del Vino;7 East 59th Street;7 E 59th St, New York, NY 10022, USA
162;Bottino Restaurant;246 10th Avenue;246 10th Ave, New York, NY 10001, USA
163;Bouley Bakery Restaurant;120 West Broadway;120 W Broadway, Louisville, KY 40202, USA
164;Braai;329 West 51st Street;329 W 51st St, New York, NY 10019, USA
165;Braeburn Restaurant;117 Perry Street;117 Perry St, New York, NY 10014, USA
166;Brasserie 52;772 9th Avenue;772 9th Ave, New York, NY 10019, USA
167;Brasserie Cognac;1740 Broadway;1740 Broadway, New York, NY 10019, USA
168;Brasserie Julien;1422 Third Avenue;1422 3rd Ave, New York, NY 10028, USA
169;Brasserie Ruhlmann;45 Rockefeller Plaza;45 Rockefeller Plaza, New York, NY 10111, United States
170;Brazil Brazil;330 West 46th Street;330 W 46th St, New York, NY 10036, USA
171;Brazil Grill;787 8th Avenue;787 8th Ave, New York, NY 10036, USA
172;Brian Deli;153 Amsterdam Avenue;153 Amsterdam Ave, New York, NY 10023, USA
173;Brick Lane Curry House;306-308 East 6th Street;306 E 6th St #308, New York, NY 10003, USA
174;Broadway Joe Steakhouse;315 West 46 Street;315 W 46th St, New York, NY 10036, USA
175;Brother Jimmy's;181 Lexington Avenue;181 Lexington Ave, New York, NY 10016, USA
176;Brother Jimmy's;1644 3rd Avenue;1644 3rd Ave, New York, NY 10128, USA
177;Bryant Park Grill;25 West 40th Street;25 W 40th St, New York, NY 10018, USA
178;Bubble Lounge;228 West Broadway;228 W Broadway, New York, NY 10013, USA
179;Buddha Bar;25 Little West 12th Street;25 Little W 12th St, New York, NY 10014, USA
180;Bull Run;52 William Street;52 William St, New York, NY 10005, USA
181;Burger King;130 West 125th Street;130 W 125th St, New York, NY 10027, USA
182;Burger King;226 East 86th Street;226 East 86th St, New York, NY 10028, USA
183;Burger King;485 5th Avenue;485 5th Ave, New York, NY 10017, United States
184;Burger King;129 East 47th Street;129 E 47th St, New York, NY 10017, USA
185;Burger King;182 Broadway;182 Broadway, Dobbs Ferry, NY 10522, USA
186;Burger King;146 Delancey Street;146 Delancey St, New York, NY 10002, USA
187;Burritoville;1487 2nd Avenue;1487 2nd Ave, New York, NY 10075, USA
188;Butai;115 East 18th Street;115 E 18th St, New York, NY 10003, USA
189;Butter;415 Lafayette Street;415 Lafayette St, New York, NY 10003, USA
190;Buzina Pop;1022A Lexington Avenue;1022A Lexington Ave, New York, NY 10021, USA
191;Cabana Carioca;123 West 45th Street;123 W 45th St, New York, NY 10036, USA
192;Cafe 82;2282 Broadway;2282 Broadway, New York, NY 10024, USA
193;Cafe Cluny;284 West 12th Street;284 W 12th St, New York, NY 10014, USA
194;Cafe D' Alsace;1695 2nd Avenue;1695 2nd Ave, New York, NY 10128, USA
195;Cafe Du Soleil;2723 Broadway Avenue;2723 Broadway Ave, Pittsburgh, PA 15216, USA
196;Cafe Espanol;172 Bleecker Street;172 Bleecker St, New York, NY 10012, USA
197;Cafe Frida;368 Columbus Avenue;368 Columbus Ave, New York, NY 10024, USA
198;Cafe Gray;10 Columbus Circle;10 Columbus Cir, New York, NY 10019, USA
199;Cafe Lalo;201 West 83 Street;201 W 83rd St, New York, NY 10024, USA
200;Cafe Luxembourg;200 West 70th;200 W 70th St, New York, NY 10023, USA
201;Cafe On Broadway;2350 Broadway;2350 Broadway, New York, NY 10024, USA
202;Cafe Pierre;5th Avenue at 61 Street;5th Ave & E 61st St, New York, NY 10019, USA
203;Cafe Socialista;505 West Street;505 West Street
204;Cafe St. Bart's;109 East 50th Street;109 E 50th St, New York, NY 10022, USA
205;Cafetasia;38 East 8th Street;38 East 8th Street
206;Caffe Grazie;26 East 84th Street;26 E 84th St, New York, NY 10028, USA
207;Caffe Palermo;148 Mulberry Street;148 Mulberry St, New York, NY 10013, USA
208;Calico Jack's Cantina;800 Second Avenue;800 2nd Ave, New York, NY 10017, USA
209;Calle Ocho;446 Columbus Avenue;446 Columbus Ave, New York, NY 10024, USA
210;Candela;116 East 16th Street;116 E 16th St, New York, NY 10003, USA
211;Candle 79;154 East 79th Street;154 E 79th St, New York, NY 10075, USA
212;Cannonau;205 East 4th Street;205 E 4th St, New York, NY 10009, USA
213;Canyon Road;1470 1st Avenue;1470 1st Avenue, New York, NY 10075, USA
214;Capital Grille New York City;155 East 42nd Street;155 E 42nd St, New York, NY 10017, USA
215;Cara Mia;654 9th Avenue;654 9th Ave, New York, NY 10036, USA
216;Carmine's;2450 Broadway;2450 Broadway, New York, NY 10024, USA
217;Carne Vale;46 Avenue B;46 Avenue B, New York, NY 10009, USA
218;Caroline's Comedy Nation Restaurant;1626 Broadway;1626 Broadway, New York, NY 10019, USA
219;Carve Unique Sandwiches;760 8th Avenue;760 8th Ave, New York, NY 10036, USA
220;Casa Brasil;316 East 53 Street;316 E 53rd St, New York, NY 10022, USA
221;Casaville;633 Second Avenue;633 2nd Ave, New York, NY 10016, USA
222;Cascina Ristorante;647 Ninth Avenue;647 9th Ave, New York, NY 10036, USA
223;Caviar & Banana Brasserio;12 East 22nd Street;12 E 22nd St, New York, NY 10010, USA
224;Center Cut;44 West 63rd Street;44 W 63rd St., New York, NY 10023, USA
225;Centovini;25 West Houston Street;25 West Houston Street
226;Central Park BoatHouse;E. 72nd St. and Park Dr. N.;E. 72nd St. and Park Dr. N.
227;Centrico;211 West Broadway;211 W Broadway, New York, NY 10013, USA
228;Centro Vinoteca;74 Seventh Avenue;74 Seventh Avenue
229;Cesca Restaurant;164 West 75th Street;164 W 75th St, New York, NY 10023, USA
230;Chanterelle;2 Harrison Street;2 Harrison St, San Francisco, CA 94105, USA
231;Chanto;133 Seventh Avenue South;133 7th Ave S, New York, NY 10014, USA
232;Charley's Grilled Subs;100 West 33rd Street;100 W 33rd St, New York, NY 10001, USA
233;Charlie Palmer's Metrazur;404 Grand Central Terminal, 42nd St.;New York, NY, United States
234;Chef Roland's;1354 Amsterdam Avenue;1354 Amsterdam Ave, New York, NY 10027, USA
235;Chez Jacqueline;72 MacDougal Street;72 MacDougal St, New York, NY 10012, USA
236;Chin Chin;216 East 49th Street;216 E 49th St, New York, NY 10017, USA
237;China 1 Restaurant & Lounge;50 Avenue B;50 Avenue B, New York, NY 10009, USA
238;China Evian;144 West 46 Street;144 W 46th St, New York, NY 10036, USA
239;China Grill New York;60 West 53rd Street;60 W 53rd St, New York, NY 10019, USA
240;China Moon;7 East 47 Street;7 East 47 Street
241;China Place;3141 Broadway At W. 123rd St.;3141 Broadway At W. 123rd St.
242;China Regency;850 Seventh Avenue;850 7th Ave, New York, NY 10019, USA
243;Chinatown Brasserie;380 Lafayette Street;380 Lafayette St, New York, NY 10003, USA
244;Chinese Mirch;120 Lexington Avenue;120 Lexington Ave, New York, NY 10016, USA
245;Chipotle Mexican Grill;55 East 8th Street;55 E 8th St, New York, NY 10003, USA
246;Chipotle Mexican Grill;129 West 48th Street;129 W 48th St, New York, NY 10036, USA
247;Chop Suey;714 Seventh Avenue;714 7th Ave, New York, NY 10036, USA
248;Chubo Restaurant;6 Clinton Street;6 Clinton St, New York, NY 10002, USA
249;Chumley's;86 Bedford Street;86 Bedford St, New York, NY 10014, USA
250;Churrascaria Plataforma;316 West 49 Street;316 W 49th St, New York, NY 10019, USA
251;Ciaobella Ristorante Lounge;1640 2nd Avenue;1640 2nd Ave, New York, NY 10028, USA
252;Cibo;767 Second Avenue;767 2nd Ave, New York, NY 10017, USA
253;Cinco De Mayo;1711 2nd Avenue;1711 2nd Ave, New York, NY 10128, USA
254;Cinnabon;901 Avenue Of The Americas;901 6th Ave, New York, NY 10001, USA
255;Ciro Trattoria;813 8th Avenue;813 8th Ave, Brooklyn, NY 11215, USA
256;Cite;120 West 51st Street;120 W 51st St, New York, NY 10019, USA
257;Citrus Bar & Grill;320 Amsterdam Avenue;320 Amsterdam Ave, New York, NY 10023, USA
258;City Crab & Seafood Company;235 Park Avenue South;235 Park Ave S, New York, NY 10003, USA
259;City Hall;131 Duane Street;131 Duane St, New York, NY 10013, USA
260;City Lobster & Crab Company;121 West 49th Street;121 W 49th St, New York, NY 10020, USA
261;City Winery;155 Varick Street;155 Varick St, New York, NY 10013, USA
262;Claudio Pizzeria;598 10th Avenue;598 10th Ave, New York, NY 10036, USA
263;Coffee & Desserts (Show All);195 Grand Street;195 Grand St, New York, NY 10013, USA
264;Cold Stone Creamery;1651 Second Avenue;1651 2nd Ave, Walnut Creek, CA 94597, USA
265;Colors;417 Lafayette Street;417 Lafayette St, New York, NY 10003, USA
266;Columbus Bakery;474 Columbus Avenue;474 Columbus Ave, New York, NY 10024, USA
267;Columbus Cafe;556 Columbus Avenue;556 Columbus Ave, Boston, MA 02118, USA
268;Compass Restaurant New York;208 West 70th Street;208 W 70th St, New York, NY 10023, USA
269;Concord Garden Chinese & Thai Cuisine;990 Amsterdam Avenue;990 Amsterdam Ave, New York, NY 10025, USA
270;Conservatory;15 Central Park West;15 Central Park West, 15 Central Park West, New York, NY 10023, USA
271;Cookshop;156 10th Avenue;156 10th Ave, New York, NY 10011, USA
272;Cooper's Tavern;481 Eighth Avenue;481 8th Ave, New York, NY 10001, USA
273;Core One Nine One;191 Orchard Street;191 Orchard Street
274;Cornelia Street Cafe;29 Cornelia Street;29 Cornelia St, New York, NY 10014, USA
275;Cosi;54 Pine Street;54 Pine St, New York, NY 10005, USA
276;Cosi;2160 Broadway;2160 Broadway, New York, NY 10024, USA
277;Cosi;61 West 48th Street;61 W 48th St, New York, NY 10020, USA
278;Cosi;700 6th Avenue;700 6th Ave, New York, NY 10010, USA
279;Cosi;257 Park Avenue;257 Park Ave, New York, NY 10167, USA
280;Cost Legend (Average Price/Person):;"""Inexpensive"" = Generally < $15";"""Inexpensive"" = Generally < $15"
281;Counter;105 First Avenue;105 1st Avenue, New York, NY 10003, USA
282;Country;90 Madison Avenue;90 Madison Ave, New York, NY 10016, USA
283;Craft Restaurant;43 East 19th Street;43 E 19th St, New York, NY 10003, USA
284;Craftbar;900 Broadway;900 Broadway
285;Craftsteak;85 Tenth Avenue;85 10th Ave, New York, NY 10011, United States
286;Crema Restaurante;111 West 17th Street;111 W 17th St, New York, NY 10011, USA
287;Crispo;240 West 14th Street;240 W 14th St, New York, NY 10011, USA
288;Croton Reservoir Tavern;108 West 40th Street;108 W 40th St, New York, NY 10018, USA
289;Cru Restaurant;24 5th Avenue;24 5th Ave, New York, NY 10011, USA
290;Cub Room;131 Sullivan Street;131 Sullivan St, New York, NY 10012, USA
291;Cuba;222 Thompson Street;222 Thompson St, New York, NY 10012, USA
292;Cuba Cafe;200 8th Avenue;200 8th Ave, New York, NY 10011, USA
293;D and S Pizza;691 10th Avenue;691 10th Ave, New York, NY 10036, USA
294;DB Bistro Moderne;55 West 44th Street;55 W 44th St, New York, NY 10036, USA
295;Da Marino;220 West 49th Street;220 W 49th St, New York, NY 10019, USA
296;Da Nico Ristorante;164 Mulberry Street;164 Mulberry St, New York, NY 10013, USA
297;Dalga Seafood Grill;401 East 62nd Street;401 E 62nd St, New York, NY 10065, USA
298;Daniel;60 East 65th Street;60 E 65th St, New York, NY 10065, USA
299;Danny's Grand Sea Palace;346 West 46th Street;346 W 46th St, New York, NY 10036, USA
300;Danube;30 Hudson Street;30 Hudson Street
301;Davidburke & Donatella;133 East 61st Street;133 E 61st St, New York, NY 10065, USA
302;Decade;1117 1st Avenue;1117 1st Avenue
303;Del Frisco's of New York;1221 Avenue of the Americas;1221 Avenue of the Americas, New York, NY 10020, USA
304;Del Posto Ristorante;85 10th Avenue;US-NYC-8510, 85 10th Ave, New York, NY 10011, USA
305;Delicatessen;54 Prince Street;54 Prince St, New York, NY 10012, USA
306;Delmonico's;56 Beaver Street;56 Beaver St, New York, NY 10004, USA
307;Destino;891 1st Avenue;891 1st Avenue, New York, NY 10022, USA
308;Dinosaur Bar B Que;646 West 131st Street;646 W 131st St, New York, NY 10027, USA
309;Dip Cafe;416 Third Avenue;416 3rd Ave, New York, NY 10016, USA
310;Dirt Candy;430 East 9th Street;430 E 9th St, New York, NY 10009, USA
311;District;130 West 46th Street;130 W 46th St, New York, NY 10036, USA
312;Divalicious Chocolate! Cafe;365 Broome Street;365 Broome St, New York, NY 10013, USA
313;Divertimento Bistro;432 East 13th Street;432 E 13th St, New York, NY 10009, USA
314;Domenico's;120 East 40th Street;120 E 40th St, New York, NY 10016, USA
315;Domino's Pizza;943 1st Avenue;943 1st Avenue, New York, NY 10022, USA
316;Domino's Pizza;799 East 13th Street;799 East 13th Street
317;Donguri;309 East 83rd Street;309 E 83rd St, New York, NY 10028, USA
318;Dovetail;103 West 77th Street;103 W 77th St, New York, NY 10024, USA
319;Duke's;560 Third Avenue;560 3rd Ave, New York, NY 10016, USA
320;Dunkin Doughnuts;132 Nassau Street;132 Nassau St, New York, NY 10038, USA
321;Dunkin' Donuts;105 West 125th Street;105 W 125th St, New York, NY 10027, USA
322;Dunkin' Donuts;1391 Madison Avenue;1391 Madison Ave, New York, NY 10029, USA
323;Dunkin' Donuts;1630 Madison Avenue;1630 Madison Ave, New York, NY 10029, USA
324;Dunkin' Donuts;15 Penn Plaza;401 7th Ave, New York, NY 10001, United States
325;Dunkin' Donuts;1024 1st Avenue;1024 1st Avenue
326;Dylan Prime;62 Laight Street;62 Laight St, New York, NY 10013, USA
327;EN Japanese Brasserie;435 Hudson Street;435 Hudson St, New York, NY 10014, USA
328;Earl's Restaurant Bar;560 3rd Avenue;560 3rd Ave, New York, NY 10016, USA
329;Earth;116A 10th Avenue;116A 10th Avenue
330;East Bay;491 1st Avenue;491 1st Avenue, New York, NY 10016, USA
331;East River Cafe;1111 First Avenue;1111 1st Avenue, New York, NY 10065, USA
332;Eighty One;45 West 81st Street;45 W 81st St, New York, NY 10024, USA
333;El Azteca;783 Ninth Avenue;783 9th Ave, New York, NY 10019, USA
334;El Parador;325 East 34th Street;325 E 34th St, New York, NY 10016, USA
335;El Puerto Seafood & Fish Market;511 West 125th Street;511 W 125th St, New York, NY 10027, USA
336;El Rio Grande;160 East 38th Street;160 East 38th Street, New York, NY 10016, USA
337;El Tina #2;511 West 125th Street;511 W 125th St, New York, NY 10027, USA
338;Emack & Bolio's;81st Street and First Avenue;81st Street and First Avenue
339;Emperor Japanese Tapas Shabu;96 Bowery;96 Bowery, New York, NY 10013, USA
340;English Is Italian;622 3rd Avenue;622 3rd Ave, New York, NY 10017, USA
341;Epoque;401 West 50th Street;401 W 50th St, New York, NY 10019, USA
342;Erminia Ristorante;250 East 83rd Street;250 E 83rd St, New York, NY 10028, USA
343;Esca;402 West 43 Street;402 W 43rd St, New York, NY 10036, USA
344;Estiatorio Milos Restaurant;125 West 55th Street;125 West 55th Street
345;Etats-Unis;242 East 81st Street;242 East 81st Street
346;Etrusca Restaurant;125 West 53rd Street;125 W 53rd St, New York, NY 10019, USA
347;Euro Diner;738 8th Avenue;738 8th Ave, New York, NY 10036, USA
348;Euzkadi Restaurant;108 East Fourth Street;108 E 4th St, New York, NY 10003, USA
349;Expensive;1633 2nd Avenue;1633 2nd Ave, New York, NY 10028, United States
350;Expensive;1600 Broadway;1600 Broadway, New York, NY 10019, USA
351;Extra Virgin;259 West 4th Street;259 West 4th Street, New York, NY 10014, USA
352;Famiglia;686 8th Avenue;686 8th Ave, New York, NY 10036, USA
353;Fantino;112 Central Park South;112 Central Park S, New York, NY 10019, USA
354;Fast Food & Chains (Show All);221 7th Avenue;221 7th Avenue
355;Fatty Crab;Manhattan · 643 Hudson Street;643 Hudson St, New York, NY 10014, USA
356;Felidia;243 East 58th Street;243 E 58th St, New York, NY 10022, USA
357;Ferrara's Cafe Italiano;195 Grand Street;195 Grand St, New York, NY 10013, USA
358;Film Center Cafe;635 Ninth Avenue;635 9th Ave, New York, NY 10036, USA
359;Financier Patisserie;35 Cedar Street;35 Cedar Street
360;Fiorini;209 East 56th Street;209 E 56th St, New York, NY 10022, USA
361;Firebird Russian Restaurant;365 West 46th Street;365 W 46th St, New York, NY 10036, USA
362;Firenze Restaurant;1594 2nd Avenue;1594 2nd Ave, New York, NY 10028, USA
363;Five Napkin Burger;630 9th Avenue;630 9th Ave, New York, NY 10036, USA
364;Fives;700 Fifth Avenue;700 5th Ave, New York, NY 10019, USA
365;Fleur de Sel;5 East 20th Street;5 E 20th St, New York, NY 10003, USA
366;Flor de Sol Restaurant;361 Greenwich Street;361 Greenwich St, New York, NY 10013, USA
367;Floridita Restaurant;3219 Broadway;3219 Broadway, New York, NY 10027, USA
368;Foley's Fish House;714 Seventh Avenue;714 7th Ave, New York, NY 10036, USA
369;Frank's;410 West 12th Street;410 W 12th Ave, Vancouver, BC V5Y 4A4, Canada
370;Frankie & Johnnie's Steakhouse;32 West 37th Street;32 W 37th St, New York, NY 10018, USA
371;Frederick's Madison;768 Madison Avenue;768 Madison Ave, New York, NY 10065, USA
372;Frere Jacques;13 East 37th Street;13 E 37th St, New York, NY 10016, USA
373;Fresco by Scotto;34 East 52nd Street;34 E 52nd St, New York, NY 10022, USA
374;Fresh Restaurant;105 Reade Street;105 Reade St, New York, NY 10013, USA
375;Fresh Tortillas;1739 2nd Avenue;1739 2nd Ave, New York, NY 10128, USA
376;Fulton;205 East 75th Street;205 E 75th St, New York, NY 10021, USA
377;Funky Nassau;127 East 7th Street;127 E 7th St, New York, NY 10009, USA
378;Gabriela's;688 Columbus Avenue;688 Columbus Ave, New York, NY 10025, USA
379;Gaby Restaurant;44 West 45th Street;44 W 45th St, New York, NY 10036, USA
380;Garage Restaurant and Cafe;99 Seventh Avenue South;99 7th Ave S, New York, NY 10014, USA
381;Garden Of Ono;18 Ninth Avenue;18 Ninth Ave, Railway Estate QLD 4810, Australia
382;Gari;370 Columbus Avenue;370 Columbus Ave, New York, NY 10024, USA
383;Geisha Restaurant;33 East 61st Street;33 E 61st St, New York, NY 10065, USA
384;Genki Sushi;9 East 46 Street;9 East 46 Street
385;Gente;153 East 45th Street;153 East 45th Street
386;Geronimo;1600 3rd Avenue;1600 3rd Avenue
387;Gizzi's Coffee;16 West 8th Street;16 W 8th St, New York, NY 10011, USA
388;Gobo Upper East Side;1426 3rd Avenue;1426 3rd Ave, New York, NY 10028, USA
389;Good Friend Restaurant;3210 Broadway;3210 Broadway, New York, NY 10027, USA
390;Gordon Ramsay;151 West 54th Street;151 W 54th St, New York, NY 10019, USA
391;Gotham Bar and Grill;12 East 12 Street;12 East 12 Street
392;Gramercy 24;323 3rd Avenue;323 3rd Avenue
393;Gramercy Tavern;42 East 20th Street;42 E 20th St, New York, NY 10003, USA
394;Grand Central Oyster Bar;89 East 42nd Street;89 E 42nd St, New York, NY 10017, USA
395;Grand Tier Restaurant;150 West 65th Street;150 W 65th St, New York, NY 10023, USA
396;Grays Papaya;539 8th Avenue;539 8th Ave, New York, NY 10018, USA
397;Grayz;13-15 West 54th Street;13 W 54th St, New York, NY 10019, USA
398;Great China Chinese Restaurant;1461 Amsterdam Avenue;1461 Amsterdam Ave, New York, NY 10027, USA
399;Grill 21;346 East 21st Street;346 E 21st St, New York, NY 10010, USA
400;Guantanamera;939 Eighth Avenue;939 8th Ave, New York, NY 10001, USA
401;Gusto Ristorante e Bar Americano;60 Greenwich Avenue;60 Greenwich Ave, New York, NY 10011, USA
402;Gyu-Kaku;34 Cooper Square;34 Cooper Sq, New York, NY 10003, USA
403;Gyu-Kaku;805 3rd Avenue;805 3rd Ave, New York, NY 10022, USA
404;HQ New York Bistro;90 Thompson Street;90 Thompson St, New York, NY 10012, USA
405;Hakata Grill;230 West 48th Street;230 W 48th St, New York, NY 10036, USA
406;Hale & Hearty Soups;Grand Central Terminal;89 E 42nd St, New York, NY 10017, United States
407;Happy Taco;1167 2nd Avenue;1167 2nd Ave, New York, NY 10065, USA
408;Harlem Tea Room;1793A Madison Avenue;1793A Madison Ave, New York, NY 10035, USA
409;Havana;27 West 38th Street;27 W 38th St, New York, NY 10018, USA
410;Havana Alma de Cuba;94 Christopher Street;94 Christopher St, New York, NY 10014, USA
411;Havana Central;151 West 46th Street;151 W 46th St, New York, NY 10036, USA
412;Havana Central;22 East 17th Street;22 E 17th St, New York, NY 10003, USA
413;Havana Central at The West End;2911 Broadway;2911 Broadway, New York, NY 10025, USA
414;Hawaiian Tropic Zone;729 Seventh Avenue;729 7th Ave, New York, NY 10019, USA
415;Heartland Brewery and Chophouse;127 W. 43rd St. at Times Square;127 W 43rd St, New York, NY 10036, USA
416;Hell's Kitchen;691 10th Avenue;691 10th Ave, New York, NY 10036, USA
417;Hill Country;30 West 26th Street;30 W 26th St, New York, NY 10010, USA
418;Houlihan's;2 Penn Plaza;2 Pennsylvania Plaza, New York, NY 10121, USA
419;Hudson River Cafe;697 West 133rd Street;697 W 133rd St, New York, NY 10027, USA
420;Hurapan Kitchen;29 7th Avenue South;29 7th Avenue South
421;Hurley's;232 West 48th Street;232 West 48th Street
422;Hurricane Island;1303 Third Avenue;1303 3rd Ave, New York, NY 10021, USA
423;I Trulli;122 East 27th Street;122 E 27th St, New York, NY 10016, USA
424;II Mulino;86 West 3 Street;86 W 3rd St, New York, NY 10012, USA
425;Ida Mae Kitchen -n- Lounge;111 West 38th Street;111 W 38th St, Indianapolis, IN 46208, USA
426;Iguana;240 West 54th Street;240 W 54th St, New York, NY 10019, USA
427;Il Bastardo;191 7th Avenue;191 7th Ave, New York, NY 10011, USA
428;Il Buco Restaurant;47 Bond Street;47 Bond St, New York, NY 10012, USA
429;Il Campanello Ristorante;136 West 31 Street;136 W 31st St, Bayonne, NJ 07002, USA
430;Il Cantinori;32 East 10th Street;32 E 10th St, New York, NY 10003, USA
431;Il Melograno;501 West 51st Street;501 W 51st St, New York, NY 10019, USA
432;Il Valentino;330 East 56th Street;330 E 56th St, New York, NY 10022, USA
433;Imperial Dragon;45 West 55th Street;45 W 55th St, New York, NY 10019, USA
434;In Vino Wine Bar and Restaurant;215 East Fourth Street;215 E 4th St, New York, NY 10009, USA
435;Inagiku;111 East 49 Street;111 E 49th St, New York, NY 10017, USA
436;Incredi Fusion;363 Third Avenue;363 3rd Ave, New York, NY 10016, USA
437;Indian Taj;181 Bleecker Street;181 Bleecker St, New York, NY 10012, USA
438;Indochine;430 Lafayette Street;430 Lafayette St, New York, NY 10003, USA
439;Inexpensive;3 East 37th Street;3 E 37th St, Hamilton, ON L8V 4A7, Canada
440;Inexpensive;738 8th Avenue;738 8th Ave, New York, NY 10036, USA
441;Insomnia Cookies;148 West 4th Street;148 West 4th Street, New York, NY 10012, USA
442;International (Show All);45 Tudor City Place;45 Tudor City Pl, New York, NY 10017, USA
443;International (Show All);537 9th Avenue;537 9th Ave, New York, NY 10018, USA
444;International (Show All);19 West 44th Street;19 W 44th St, New York, NY 10036, USA
445;International (Show All);2315 Broadway;2315 Broadway, New York, NY 10024, USA
446;International (Show All);45 East 20th Street;45 E 20th St, New York, NY 10003, USA
447;International (Show All);105 Hudson Street;105 Hudson St, New York, NY 10013, USA
448;International (Show All);430 Lafayette Street;430 Lafayette St, New York, NY 10003, USA
449;International (Show All);768 Madison Avenue;768 Madison Ave, New York, NY 10065, USA
450;Italian (Show All);191 7th Avenue;191 7th Ave, New York, NY 10011, USA
451;Italian (Show All);355 West 46 Street;355 W 46th St, New York, NY 10036, USA
452;Italian (Show All);85 10th Avenue;US-NYC-8510, 85 10th Ave, New York, NY 10011, USA
453;Italian (Show All);45 Tudor City Place;45 Tudor City Pl, New York, NY 10017, USA
454;Italian (Show All);135 East 62nd Street;135 E 62nd St, New York, NY 10065, USA
455;Italian (Show All);501 West 51st Street;501 W 51st St, New York, NY 10019, USA
456;Italian (Show All);2315 Broadway;2315 Broadway, New York, NY 10024, USA
457;Jack's Luxury Oyster Bar;101 Second Avenue;101 2nd Ave, New York, NY 10003, USA
458;Jamba Juice;1026 Third Avenue;1026 3rd Ave, New York, NY 10065, USA
459;Jamba Juice;2341 Broadway;2341 Broadway, New York, NY 10024, USA
460;Jean Georges;1 Central Park West;1 Central Park West, New York, NY 10023, USA
461;Jewel Bako;239 East 5th Street;239 E 5th St, New York, NY 10003, USA
462;Jewel of India;15 West 44th Street;15 W 44th St, New York, NY 10036, USA
463;Jimmy Sung's;219 East 44th Street;219 E 44th St, New York, NY 10017, USA
464;JoJo;160 East 64th Street;160 E 64th St, New York, NY 10065, USA
465;Joe The Art of Coffee;141 Waverly Place;141 Waverly Pl, New York, NY 10014, USA
466;John's Pizzeria;260 West 44th Street;260 W 44th St, New York, NY 10036, USA
467;Jojo;160 East 64th Street;160 E 64th St, New York, NY 10065, USA
468;Josie's Restaurant;565 3rd Avenue;565 3rd Ave, San Bruno, CA 94066, USA
469;Josie's West;300 Amsterdam Avenue;300 Amsterdam Ave, New York, NY 10023, USA
470;Jovia;135 East 62nd Street;135 E 62nd St, New York, NY 10065, USA
471;KFC;301 West 125th Street;301 W 125th St, New York, NY 10027, USA
472;KFC;One Penn Plaza;1 Pennsylvania Plaza, New York, NY 10119, United States
473;KFC;1402 Second Avenue;1402 2nd Ave, New York, NY 10021, USA
474;Kai;22 Madison Avenue;22 Madison Ave, Toronto, ON M5R 2S1, Canada
475;Keens Steakhouse;72 West 36th Street;72 W 36th St, New York, NY 10018, USA
476;Kellari Taverna;19 West 44th Street;19 W 44th St, New York, NY 10036, USA
477;Kion;509 East 6th Street;509 E 6th St, New York, NY 10009, USA
478;Kobe Club;68 West 58th Street;68 W 58th St, New York, NY 10019, USA
479;Koi;40 West 40th Street;40 West 40th Street
480;Kouzan;685 Amsterdam Avenue;685 Amsterdam Ave NE, Atlanta, GA 30306, USA
481;Krispy Kreme;141 West 72nd Street;141 W 72nd St, New York, NY 10023, USA
482;Kurve;87 2nd Avenue;87 2nd Avenue
483;L'Impero Restaurant;45 Tudor City Place;45 Tudor City Pl, New York, NY 10017, USA
484;La Belle Vie;184 8th Avenue;184 8th Ave, New York, NY 10011, USA
485;La Carne Grill;340 Lexington Avenue;340 Lexington Ave, New York, NY 10016, USA
486;La Giara;501 3rd Avenue;501 3rd Ave, New York, NY 10016, USA
487;La Goulue Restaurant;746 Madison Avenue;746 Madison Ave, New York, NY 10065, USA
488;La Grenouille;3 East 52 Street;3 E 52nd St, New York, NY 10022, USA
489;La Grolla Ristorante;413 Amsterdam Avenue;413 Amsterdam Ave, New York, NY 10024, USA
490;La Mediterranee;947 Second Avenue;947 2nd Ave, New York, NY 10022, USA
491;La Rivista;313 West 46th Street;313 W 46th St, New York, NY 10036, USA
492;La Rosita;2809 Broadway;2809 Broadway St, San Antonio, TX 78209, USA
493;La Zarza;166 First Avenue;166 1st Avenue, New York, NY 10009, USA
494;Lasaro's;29 East 30th Street;29 E 30th St, New York, NY 10016, USA
495;Latin, Cuban, Spanish (Show All);1022A Lexington Avenue;1022A Lexington Ave, New York, NY 10021, USA
496;Latin, Cuban, Spanish (Show All);324 Bowery;324 Bowery, New York, NY 10012, USA
497;Le Bernardin;155 West 51st Street;155 W 51st St, New York, NY 10019, USA
498;Le Cirque;151 East 58th Street;151 E 58th St, New York, NY 10022, USA
499;Le Figaro Cafe;184 Bleecker Street;184 Bleecker St, New York, NY 10012, USA
500;Le Perigord;405 East 52nd Street;405 E 52nd St, New York, NY 10022, USA
501;Le Rivage;340 West 46th Street;340 W 46th St, New York, NY 10036, USA
502;Le Souk;47 Avenue B;47 Avenue B, New York, NY 10009, USA
503;Lenny's Sub Shop;60 West 48th Street;60 W 48th St, New York, NY 10036, USA
504;Lenox Room;1278 3rd Avenue;1278 3rd Ave, New York, NY 10021, USA
505;Little Saigon;374 West 46 Street;374 W 46th St, New York, NY 10036, USA
506;Lobby Lounge;80 Columbus Circle;80 Columbus Cir, New York, NY 10023, USA
507;Lomito;300 Spring Street;300 Spring St, New York, NY 10013, USA
508;Los Dados;73 Gansevoort Street;73 Gansevoort St, New York, NY 10014, USA
509;Lotus;409 West 14th Street;409 West 14th Street
510;Lou's Cafe;1301 Sixth Avenue;1301 6th Ave, New York, NY 10019, USA
511;Lucky Cheng's;24 First Avenue;24 1st Avenue, New York, NY 10009, USA
512;Lucy Latin Kitchen;35 East 18th Street;35 E 18th St, New York, NY 10003, USA
513;Lunetta;920 Broadway;920 Broadway, New York, NY 10010, USA
514;Lupa;170 Thompson Street;170 Thompson St, New York, NY 10012, USA
515;MR CHOW;324 East 57th Street;324 East 57th Street
516;Macao Trading Company;311 Church Street;311 Church St, New York, NY 10013, USA
517;Maggie Moo's;1437 2nd Avenue;1437 2nd Ave, New York, NY 10021, USA
518;Maison;1700 Broadway;1700 Broadway, New York, NY 10019, USA
519;Malaga;406 East 73rd Street;406 E 73rd St, New York, NY 10021, USA
520;Maloney and Porcelli;37 East 50th Street;37 E 50th St, New York, NY 10022, USA
521;Manhattan Sky;Park Avenue at Grand Central;89 E 42nd St, New York, NY 10017, United States
522;Mara's Homemade;342 East 6th Street;342 E 6th St, New York, NY 10003, USA
523;Maria Pia Restaurant;319 West 51st Street;319 W 51st St, New York, NY 10019, USA
524;Marichu Restaurant & Tapas Bar;342 East 46 Street;342 E 46th St, New York, NY 10017, USA
525;Marseille Restaurant;630 Ninth Avenue;630 9th Ave, New York, NY 10036, USA
526;Mary Ann's;1503 2nd Avenue;1503 2nd Ave, New York, NY 10075, USA
527;Mary's Fish Camp;64 Charles Street;Via Charles Gounod, 20092 Cinisello Balsamo MI, Italy
528;Matador;57 Greenwich Avenue;57 Greenwich Ave, New York, NY 10014, USA
529;Matsugen;241 Church Street;241 Church St, Toronto, ON M5B 1Z4, Canada
530;Maya New York;1191 First Avenue;1191 1st Avenue, New York, NY 10065, USA
531;McCormick & Schmick's;1285 Avenue of the Americas;1285 6th Ave, New York, NY 10019, USA
532;McDonald's;Lower Level;Lower Level
533;McDonald's;2271 Broadway;2271 Broadway, New York, NY 10024, USA
534;McDonald's;39 Union Square West;39 Union Square W, New York, NY 10003, USA
535;McDonald's;969 1st Avenue;969 1st Avenue, New York, NY 10022, USA
536;McDonald's;215 West 125th Street;215 W 125th St, New York, NY 10027, USA
537;McDonald's;136 West 3rd Street;136 W 3rd St, New York, NY 10012, USA
538;McDonald's;638 Columbus Avenue;638 Columbus Ave, New York, NY 10024, United States
539;McDonald's;354 West 125th Street;354 W 125th St, New York, NY 10027, USA
540;McDonald's;444 Lenox Avenue @ 132Nd;444 Malcolm X Blvd #132Nd, New York, NY 10037, USA
541;McDonald's;600 West 125th;600 W 125th St, New York, NY 10027, USA
542;McDonald's;688 8th Avenue;688 8th Ave, New York, NY 10036, USA
543;McDonald's;79 West 125th Street;79 W 125th St, New York, NY 10027, USA
544;Mcnulty's Tea & Coffee Company;109 Christopher Street;109 Christopher St, New York, NY 10014, USA
545;Megu;845 UN Plaza;845 United Nations Plaza, New York, NY 10017, USA
546;Mercer Kitchen;99 Prince Street;99 Prince St, New York, NY 10012, USA
547;Merkato 55;55 Gansevoort Street;55 Gansevoort Street
548;Mesa Grill Restaurant;102 Fifth Avenue;102 5th Ave, New York, NY 10011, USA
549;Meson Sevilla Restaurant;344 West 46th Street;344 W 46th St, New York, NY 10036, USA
550;Mezzaluna;1295 3rd Avenue;1295 3rd Ave, New York, NY 10021, USA
551;Mia Dona;206 East 58th Street;206 E 58th St, New York, NY 10022, USA
552;Michael Jordan's The Steakhouse N.Y.C.;23 Vanderbilt Avenue;23 Vanderbilt Avenue
553;Michael's;24 West 55th Street;24 W 55th St, New York, NY 10019, USA
554;Mickey Mantle's Restaurant;42 Central Park South;42 Central Park S, New York, NY 10019, USA
555;Mima's CubanFusion;2056 Second Avenue;2056 2nd Ave, New York, NY 10029, USA
556;Mindy's Restaurant;212 East 42nd Street;212 E 42nd St, New York, NY 10017, USA
557;Molyvos;871 7th Avenue;871 7th Ave, New York, NY 10019, USA
558;Mondello;3 East 37th Street;3 E 37th St, Hamilton, ON L8V 4A7, Canada
559;Monica's Gourmet Deli;1603 2nd Avenue;1603 2nd Ave, New York, NY 10028, USA
560;Morton's, the Steakhouse;551 5th Avenue;551 5th Avenue
561;Mr. Broadway Kosher Deli;1372 Broadway;1372 Broadway, New York, NY 10018, USA
562;Murals on 54;65 West 54th Street;65 W 54th St, New York, NY 10019, USA
563;Mustang Grill;1633 2nd Avenue;1633 2nd Ave, New York, NY 10028, United States
564;Nacho Mama's Burritos;2867 Broadway;2867 Broadway, New York, NY 10025, USA
565;Nathan's Famous;100 West 33rd Street;100 W 33rd St, New York, NY 10001, USA
566;Nathan's Famous;705 8th Avenue;705 8th Ave, New York, NY 10036, USA
567;Natsumi Restaurant;226 West 50th Street;226 W 50th St, New York, NY 10019, USA
568;Neo Sushi;2298 Broadway;2298 Broadway, New York, NY 10024, USA
569;Nespresso Boutique Bar;761 Madison Avenue;761 Madison Avenue
570;Nicole's Restaurant;10 East 60th Street;10 E 60th St, New York, NY 10022, USA
571;Nippon;155 East 52nd Street;155 E 52nd St, New York, NY 10022, USA
572;Nirvana;30 Central Park South;30 Central Park S, New York, NY 10019, USA
573;Nobu;105 Hudson Street;105 Hudson St, New York, NY 10013, USA
574;Nolia;158 Avenue C;158 Loisaida Ave, New York, NY 10009, USA
575;North West Restaurant;392 Columbus Avenue;392 Columbus Ave, New York, NY 10024, USA
576;Novecento;343 West Broadway;343 W Broadway, New York, NY 10013, USA
577;ONE c.p.s.;One Central Park South;One Central Park South
578;Oceana;55 East 54th Street;55 E 54th St, New York, NY 10022, USA
579;Old Homestead Steak House;56 9th Avenue;56 9th Ave, New York, NY 10011, USA
580;Ole Restaurant;434 2nd Avenue;434 2nd Ave, Deptford Township, NJ 08096, USA
581;One If by Land Two If by Sea;17 Barrow Street;17 Barrow St, New York, NY 10014, USA
582;Osteria Gelsi;507-509 9th Ave. at 38th St.;507-509 9th Ave. at 38th St.
583;Ouest;2315 Broadway;2315 Broadway, New York, NY 10024, USA
584;Pala;198 Allen Street;198 Allen St, New York, NY 10002, USA
585;Pampano Restaurant;209 East 49th Street;209 E 49th St, New York, NY 10017, USA
586;Paola's Restaurant;245 East 84th Street;245 E 84th St, New York, NY 10028, USA
587;Papa John's;765 8th Avenue;765 8th Ave, New York, NY 10036, USA
588;Papillon Bistro and Bar;22 East 54th Street;22 E 54th St, New York, NY 10022, USA
589;Paris Match;29 East 65th Street;29 E 65th St, New York, NY 10065, USA
590;Park Avenue Cafe;100 East 63rd Street;100 E 63rd St, New York, NY 10065, USA
591;Park East Grill;1564 2nd Avenue;1564 2nd Ave, New York, NY 10028, USA
592;Payard Patisserie & Bistro;1032 Lexington Avenue;1032 Lexington Ave, New York, NY 10021, USA
593;Peacock Alley;301 Park Avenue;301 Park Ave, New York, NY 10016, USA
594;Pearl Oyster Bar;18 Cornelia Street;18 Cornelia St, New York, NY 10014, USA
595;Per Se;10 Columbus Circle;10 Columbus Cir, New York, NY 10019, USA
596;Perilla Restaurant;9 Jones Street;9 Jones St, New York, NY 10014, USA
597;Petrossian;182 West 58th Street;182 W 58th St, New York, NY 10019, USA
598;Philippe;35 East 60th Street;35 E 60th St, New York, NY 10022, USA
599;Picasso;303 East 56th Street;303 E 56th St, New York, NY 10022, USA
600;Piccolino;8 East 36 Street;8 East 36 Street
601;Picholine;35 West 64th Street;35 W 64th St, New York, NY 10023, USA
602;Pier 2110;2110 Adam Clayton Powell Jr. Blvd.;2110 Adam Clayton Powell Jr Blvd, New York, NY 10027, USA
603;Pipa;38 East 19th Street;38 E 19th St, New York, NY 10003, USA
604;Plantain;20 West 38th Street;20 W 38th St, New York, NY 10018, USA
605;Pomaire;371 West 46th Street;371 W 46th St, New York, NY 10036, USA
606;Pongsri Thai Restaurant;244 West 48 Street;244 W 48th St, New York, NY 10036, USA
607;Popeyes Chicken & Biscuits;1558 3rd Avenue;1558 3rd Ave, New York, NY 10128, USA
608;Primitivo Osteria;202 West 14th Street;202 W 14th St, New York, NY 10011, USA
609;Public House;140 East 41st Street;140 E 41st St, New York, NY 10017, USA
610;Pure Food and Wine;54 Irving Place;54 Irving Place
611;R & G Deli;348 West 36th Street;348 W 36th St, New York, NY 10018, USA
612;Rain West;100 West 82nd Street;100 W 82nd St, New York, NY 10024, USA
613;Rainbow Room Grill;30 Rockefeller Plaza;Rockefeller Plaza, New York, NY 10111, USA
614;Red Lobster;5 Times Square;Five Times Square, New York, NY 10036, USA
615;Regional;2607 Broadway;2607 Broadway, New York, NY 10025, USA
616;Rene Pujol Restaurant;321 West 51st Street;321 W 51st St, New York, NY 10019, USA
617;Restaurant Carlyle;35 East 76th Street;35 E 76th St, New York, NY 10021, USA
618;Restaurant Charlotte;145 West 44th Street;145 W 44th St, New York, NY 10036, USA
619;Rock Center Cafe;20 West 50th Street;20 W 50th St, New York, NY 10020, USA
620;Rosa Mexicano;1063 1st Avenue;1063 1st Avenue, New York, NY 10022, USA
621;Rosa Mexicano Lincoln Center;61 Columbus Avenue;61 Columbus Ave, New York, NY 10023, USA
622;Rosanjin;141 Duane Street;141 Duane St, New York, NY 10013, USA
623;Rosie O'Grady's;149 West 46th Street;149 West 46th Street
624;Roth's Westside Steakhouse;680 Columbus Avenue;680 Columbus Ave, New York, NY 10025, USA
625;Roy's New York;Manhattan · 130 Washington St.;130 Washington St, New York, NY 10006, USA
626;Ruby Foo's;1626 Broadway;1626 Broadway, New York, NY 10019, USA
627;Ruth's Chris Steak House;148 West 51st Street;148 W 51st St, New York, NY 10019, USA
628;Sable's;1489 2nd Avenue;1489 2nd Ave, New York, NY 10075, USA
629;Sabora Mexico;1744 1st Avenue;1744 1st Avenue, New York, NY 10128, USA
630;Sakagura Restaurant;211 East 43rd Street;211 E 43rd St, New York, NY 10017, USA
631;Salmon River;3 East 40th Street;3 E 40th St, New York, NY 10016, USA
632;San Domenico;240 Central Park South;240 Central Park S, New York, NY 10019, USA
633;San Luigi's;311 Amsterdam Avenue;311 Amsterdam Ave, New York, NY 10023, USA
634;San Martin Restaurant;143 East 49th Street;143 E 49th St, New York, NY 10017, USA
635;Sangria 46;338 West 46th Street;338 W 46th St, New York, NY 10036, USA
636;Sapa;43 West 24th Street;43 W 24th St, New York, NY 10010, USA
637;Sapphire Restaurant;1845 Broadway;1845 Broadway, New York, NY 10023, USA
638;Sardi's;234 West 44th Street;234 W 44th St, New York, NY 10036, USA
639;Saurin Parke Cafe;301 West 110th Street;301 W 110th St, New York, NY 10026, USA
640;Scaletta Restaurant;50 West 77th Street;50 W 77th St, New York, NY 10024, USA
641;Sea Grill;19 West 49th Street;19 W 49th St, New York, NY 10020, USA
642;Seppi's;123 West 56th Street;123 W 56th St, New York, NY 10019, USA
643;Serafina's;210 West 55th Street;210 W 55th St, New York, NY 10019, USA
644;Shinbashi;7 East 48th Street;7 E 48th St, New York, NY 10017, USA
645;Shrimp Box;62 West 125th Street;62 W 125th St, New York, NY 10027, USA
646;Shula's Steak House;270 W. 43rd St. at 8th Ave.;270 W 43rd St, New York, NY 10036, USA
647;Shun Lee Cafe;43 West 65th Street;43 W 65th St, New York, NY 10023, USA
648;Shun Lee Palace;155 East 55th Street;157 E 55th St, New York, NY 10022, United States
649;Shun Lee West;43 West 65th Street;43 W 65th St, New York, NY 10023, USA
650;Siam Inn Too;854 Eighth Avenue;854 8th Ave, New York, NY 10019, USA
651;Silverleaf Tavern;43 East 38th Street;43 East 38th Street
652;Smith & Wollensky;797 Third Avenue;797 3rd Ave, New York, NY 10022, USA
653;Smoke Jazz Club;2751 Broadway;2751 Broadway, New York, NY 10025, USA
654;Solera;216 East 53rd Street;216 E 53rd St, New York, NY 10022, USA
655;Solo Restaurant;550 Madison Avenue;550 Madison Ave, New York, NY 10022, United States
656;Sombrero;303 West 48th Street;303 W 48th St, New York, NY 10036, USA
657;Sombrero Mexican;303 West 48th Street;303 W 48th St, New York, NY 10036, USA
658;Son Cubano Restaurant;405 West 14th Street;405 W 14th St, New York, NY 10014, USA
659;Sosa Borella;832 8th Avenue;832 8th Ave, New York, NY 10019, USA
660;Southern Hospitality BBQ;1460 Second Avenue;1460 2nd Ave, New York, NY 10075, USA
661;Spice Market;403 West 13th Street;403 W 13th St, New York, NY 10014, USA
662;St. Andrews Restaurant;120 West 44th Street;120 W 44th St, New York, NY 10036, USA
663;Stage Delicatessen;834 7th Avenue;834 7th Avenue
664;Star Diner;839 Seventh Avenue;839 7th Ave, Longview, WA 98632, USA
665;Starbucks;152-154 Columbus Avenue;152-154 Columbus Ave, New York, NY 10023, USA
666;Starbucks;1460 Broadway;1460 Broadway, New York, NY 10036, USA
667;Starbucks Coffee;875 Sixth Avenue;875 6th Ave, New York, NY 10001, USA
668;Starbucks Coffee;21 East 8th Street;21 E 8th St, Hinsdale, IL 60521, USA
669;Starbucks Coffee;195 Broadway;195 Broadway #2, New York, NY 10007, United States
670;Starbucks Coffee;1128 Third Avenue;1128 3rd Ave, New York, NY 10065, USA
671;Starbucks Coffee;10 Union Square East;10 Union Square E, New York, NY 10003, USA
672;Starbucks Coffee;One Penn Plaza;1 Pennsylvania Plaza, New York, NY 10119, United States
673;Starbucks Coffee;3 Park Avenue;3 Park Avenue, New York, NY 10016, USA
674;Starbucks Coffee;540 Columbus Avenue;540 Columbus Ave, New York, NY 10024, USA
675;Starbucks Coffee;455 Main Street;455 Main St, New York, NY 10044, USA
676;Starbucks Coffee;233 Broadway;233 Broadway, Dobbs Ferry, NY 10522, USA
677;Starbucks Coffee;76 9th Avenue;76 9th Ave, New York, NY 10011, USA
678;Starbucks Coffee;750 6th Avenue;750 6th Ave, New York, NY 10010, USA
679;Starbucks Coffee;2929 Broadway;2929 Broadway, New York, NY 10025, USA
680;Starbucks Coffee;79 Washington Square;79 Washington Square E, New York, NY 10003, USA
681;Starbucks Coffee;72 Grove Street;72 Grove St, New York, NY 10014, USA
682;Starbucks Coffee;2 Broadway;2 Broadway
683;Starbucks Coffee;725 5th Avenue;725 5th Ave, New York, NY 10022, USA
684;Starbucks Coffee;2252 Broadway;2252 Broadway, New York, NY 10024, USA
685;Starbucks Coffee;77-83 West 125th Street;77 W 125th St, New York, NY 10027, USA
686;Starbucks Coffee;280 Park Avenue;280 Park Ave, New York, NY 10020, USA
687;Starbucks Coffee;230 Park Avenue;The Helmsley Building, New York, NY 10017, USA
688;Starbucks Coffee;125 Park Avenue;125 Park Ave, New York, NY 10017, USA
689;Starbucks Coffee;30 Rockefeller Plaza;Rockefeller Plaza, New York, NY 10111, USA
690;Starbucks Coffee;545 Fifth Avenue;545 5th Ave, New York, NY 10017, USA
691;Starbucks Coffee;565 Fifth Avenue;565 5th Ave, New York, NY 10017, USA
692;Starbucks Coffee;1021 Third Avenue;1021 3rd Ave, New York, NY 10065, USA
693;Starbucks Coffee;41 Union Square West;41 Union Square W, New York, NY 10003, USA
694;Starbucks Coffee;1378 Madison Avenue;1378 Madison Ave, New York, NY 10128, USA
695;Starbucks Coffee;1642 Third Avenue;1642 3rd Ave, New York, NY 10128, USA
696;Starbucks Coffee;120 East 87th Street;120 E 87th St, New York, NY 10128, USA
697;Starbucks Coffee;1515 York Avenue;1515 York Ave, New York, NY 10028, USA
698;Starbucks Coffee;1449 Second Avenue;1449 2nd Ave, New York, NY 10021, USA
699;Starbucks Coffee;444 Columbus Avenue;444 Columbus Ave, San Francisco, CA 94133, USA
700;Starbucks Coffee;1559 2nd Avenue;1559 2nd Ave, New York, NY 10028, USA
701;Starbucks Coffee;684 Eighth Avenue;684 8th Ave, New York, NY 10036, USA
702;Starwich;525 West 42nd Street;525 W 42nd St, New York, NY 10036, USA
703;Steak & Seafood (Show All);Inside Battery Park;Inside Battery Park
704;Steak & Seafood (Show All);885 Second Avenue;885 2nd Ave, New York, NY 10017, USA
705;Steak & Seafood (Show All);147 West 43rd Street;147 W 43rd St, New York, NY 10036, USA
706;Steak Frites;9 East 16th Street;9 E 16th St, New York, NY 10003, USA
707;Steak Frites;225 Varick Street;225 Varick St, New York, NY 10014, USA
708;Stone Rose;10 Columbus Circle;10 Columbus Cir, New York, NY 10019, USA
709;Stout NYC;133 West 33rd Street;133 W 33rd St, New York, NY 10001, USA
710;Strada 57 Ristorante;315 West 57th Street;315 W 57th St, New York, NY 10019, USA
711;Strip House - New York;13 East 12th Street;13 E 12th St, New York, NY 10003, USA
712;Subway;112 John Street;112 John St, New York, NY 10038, USA
713;Subway;475 Columbus Avenue;475 Columbus Ave, New York, NY 10024, USA
714;Subway;2458 Broadway;Broadway, New York, USA
715;Subway;124 West 72nd Street;124 W 72nd St, New York, NY 10023, USA
716;Subway;48 West 125th Street;48 W 125th St, New York, NY 10027, USA
717;Subway;578 West 125th Street;578 W 125th St, New York, NY 10027, USA
718;Subway;30 Rockefeller Plaza;Rockefeller Plaza, New York, NY 10111, USA
719;Subway;1585 3rd Avenue;1585 3rd Ave, New York, NY 10128, USA
720;Subway;901 Avenue Of The Americas;901 6th Ave, New York, NY 10001, USA
721;Subway;8 East 41st Street;8 E 41st St, New York, NY 10017, USA
722;Subway;1411 2nd Avenue;1411 2nd Ave, New York, NY 10021, USA
723;Subway;237 Park Avenue;237 Park Ave, New York, NY 10017, USA
724;Subway;900 Main Street;900 Main St, New York, NY 10044, USA
725;Subway;29 East 8th Street;29 East 8th Street
726;Subway;401 8th Avenue;401 8th Avenue
727;Subway;221 7th Avenue;221 7th Avenue
728;Subway;765 8th Avenue;765 8th Ave, New York, NY 10036, USA
729;Subway;106 Greenwich Street;106 Greenwich St, New York, NY 10006, USA
730;Subway;139 East 47th Street;139 E 47th St, New York, NY 10017, USA
731;Subway;89 Worth Street;89 Worth St, New York, NY 10013, USA
732;Subway;705 8th Avenue;705 8th Ave, New York, NY 10036, USA
733;Subway;165 Church Street;165 Church St, New York, NY 10007, USA
734;Subway;561 Tenth Avenue;561 Amsterdam Ave, New York, NY 10024, USA
735;Subway;1776 2nd Avenue;1776 2nd Ave, New York, NY 10128, USA
736;Subway;1171 2nd Avenue;1171 2nd Ave, New York, NY 10065, USA
737;Subway;1613 2nd Avenue;1613 2nd Ave, New York, NY 10075, USA
738;Subway;113 Lafayette Street;113 Lafayette St, New York, NY 10013, USA
739;Sukhothai West;411 West 42 Street;411 W 42nd St, New York, NY 10036, USA
740;Sushi Zen;57 West 46 Street;57 W 46th St, New York, NY 10036, USA
741;Sushisamba Park;245 Park Avenue South;245 Park Ave S, New York, NY 10003, USA
742;Tagine Dining Gallery;537 9th Avenue;537 9th Ave, New York, NY 10018, USA
743;Tal Bagels;977 1st Avenue;977 1st Avenue, New York, NY 10022, USA
744;Talay Restaurant;701 West 135th Street;701 W 135th St, New York, NY 10031, USA
745;Talia's Steakhouse & Bar;668 Amsterdam Avenue;668 Amsterdam Ave, New York, NY 10025, USA
746;Tao;42 East 58th Street;42 E 58th St, New York, NY 10022, USA
747;Taqueria California;3151 Broadway;3151 Broadway, New York, NY 10027, USA
748;Taste D-lite;146 West 72nd Street;146 W 72nd St, New York, NY 10023, USA
749;Tavern on the Green;1 West 67th Street;1 W 67th St, New York, NY 10023, USA
750;Terrace 5;11 West 53 Street;11 W 53rd St, New York, NY 10019, USA
751;Texas Texas;1600 Broadway;1600 Broadway, New York, NY 10019, USA
752;Thalassa;179 Franklin Street;179 Franklin St, New York, NY 10013, USA
753;The Cafe Carlyle;35 East 76th Street;35 E 76th St, New York, NY 10021, USA
754;The Center Room;W. 64th St. and Columbus Ave.;20 W 64th St, New York, NY 10023, United States
755;The Gamut Bistro & Lounge;102 East 25th Street;102 E 25th St, New York, NY 10010, USA
756;The Mermaid Inn;96 2nd Avenue;96 2nd Ave, New York, NY 10003, USA
757;The Modern;11 West 53 Street;11 W 53rd St, New York, NY 10019, USA
758;The Modern Dining Room;9 West 53rd Street;9 W 53rd St, New York, NY 10019, USA
759;The Neptune Room;511 Amsterdam Avenue;511 Amsterdam Ave, New York, NY 10024, USA
760;The Parlour;250 W. 86th Street;250 W 86th St, New York, NY 10024, USA
761;The Post House;28 East 63rd Street;28 E 63rd St, New York, NY 10065, USA
762;The Pump Energy Food;113 East 31st Street;113 E 31st St, New York, NY 10016, USA
763;The Rainbow Room;30 Rockefeller Plaza;Rockefeller Plaza, New York, NY 10111, USA
764;The Sea Grill Restaurant;19 West 49th Street;19 W 49th St, New York, NY 10020, USA
765;The Stanton Social;99 Stanton Street;99 Stanton St, New York, NY 10002, USA
766;The Steakhouse at Monkey Bar;60 East 54th Street;60 E 54th St, New York, NY 10022, USA
767;The Sugar Bar;254 West 72nd Street;254 W 72nd St, New York, NY 10023, USA
768;The Tasting Room;264 Elizabeth Street;264 Elizabeth St, New York, NY 10012, USA
769;The Terrace In The Sky;400 West 119th Street;Butler Hall, 400 W 119th St, New York, NY 10027, USA
770;The View Restaurant;1535 Broadway;1535 Broadway, New York, NY 10036, USA
771;The Water Club;The E. River at 30th St.;The E. River at 30th St.
772;Think Coffee;248 Mercer Street;248 Mercer St, New York, NY 10012, USA
773;Tocqueville;1 East 15th Street;1 E 15th St, New York, NY 10003, USA
774;Toloache;251 West 50th Street;251 W 50th St, New York, NY 10019, USA
775;Tony's Burger;34 East 32nd Street;34 E 32nd St, New York, NY 10016, USA
776;Tony's Di Napoli;1606 2nd Avenue;1606 2nd Ave, New York, NY 10028, USA
777;Tony's Di Napoli Midtown;147 West 43rd Street;147 W 43rd St, New York, NY 10036, USA
778;Town;15 West 56th Street;15 W 56th St, New York, NY 10019, USA
779;Trata Estiatorio;1331 2nd Avenue;1331 2nd Avenue
780;Trattoria Dopo Teatro;125 West 44th Street;125 W 44th St, New York, NY 10036, USA
781;Trattoria Pesce Pasta;536 Ninth Avenue;536 9th Ave, New York, NY 10018, USA
782;Trattoria Sambuca;20 West 72nd Street;20 W 72nd St, New York, NY 10023, USA
783;Tribeca Grill;375 Greenwich Street;375 Greenwich St, New York, NY 10013, USA
784;Uncle Jack's Steakhouse;440 9th Avenue;440 9th Ave, New York, NY 10001, USA
785;Uncle Nick's;747 9th Avenue;747 9th Ave, New York, NY 10019, USA
786;Uncle Nick's West Village;569 Hudson Street;569 Hudson St, New York, NY 10014, USA
787;Urena;37 East 28th Street;37 E 28th St, New York, NY 10016, USA
788;Utsav Festive India;1185 Ave. of the Americas / 6th Avenue;1185 Ave. of the Americas / 6th Avenue
789;Vela;55 West 21st Street;55 W 21st St, New York, NY 10010, USA
790;Veritas;45 East 20th Street;45 E 20th St, New York, NY 10003, USA
791;Via Brasil;34 West 46 Street;34 W 46th St, New York, NY 10036, USA
792;Victor's Cafe;236 West 52nd Street;236 W 52nd St, New York, NY 10019, USA
793;Vince and Eddie's;212-580-8700 · Expensive;212-580-8700 · Expensive
794;Vintage Irving;118 East 15th Street;118 E 15th St, New York, NY 10003, USA
795;Virgil's Real BBQ;152 West 44th Street;152 W 44th St, New York, NY 10036, USA
796;Viva Pancho;156 West 44th Street;156 W 44th St, New York, NY 10036, USA
797;Vong;200 East 54th Street;200 E 54th St, New York, NY 10022, USA
798;Waikiki Wally's;101 East 2nd Street;101 E 2nd St, New York, NY 10009, USA
799;Wakiya;Two Lexingtron Avenue;Two Lexingtron Avenue
800;Wave Sushi At Caviar Russe;538 Madison Avenue;538 Madison Ave, New York, NY 10022, USA
801;Wendy's;85 Nassau Street;85 Nassau St, New York, NY 10038, USA
802;White Castle;2092-2094 7th Avenue;2092 7th Ave, New York, NY 10036, USA
803;Windfall Lounge and Grill;23 West 39th Street;23 W 39th St, New York, NY 10018, USA
804;Windows Over Harlem;163 West 125th Street;Adam Clayton Powell Jr. State Office Building, 163 W 125th St, New York, NY 10027, USA
805;Wok N' Roll;705 8th Avenue At 44 Street;705 8th Ave, New York, NY 10036, USA
806;Wu Liang Ye;36 West 48th Street;36 W 48th St, New York, NY 10036, USA
807;Zarela;953 Second Avenue;953 2nd Ave, New York, NY 10022, USA
808;Ze Nitln;311 West 48th Street;311 W 48th St, New York, NY 10019, USA
809;Zen Palate;34 Union Square East;34 Union Square E, New York, NY 10003, USA
810;Zerza;304 East 6th Street;304 E 6th St, New York, NY 10003, USA
811;Zocalo at Grand Central;109 East 42nd Street;109 E 42nd St, New York, NY 10017, USA
812;Zona Rosa;40 West 56th Street;40 W 56th St, New York, NY 10019, USA
813;Zorzi;One East 35th Street;One East 35th Street
