1;2_x
'Cesca;Upper West Side
'sNice;West Village
(Le) Poisson Rouge;nan
1 Dominick;Soho
10 Downing Food & Wine;West Village
10 Hudson Square;nan
107 West;Wash Hts/Inwood
107 West;Upper West Side
123 Burger Shot Beer;nan
1492 Food;Lower East Side
15 East;Union Square
17 Bleecker;East Village
2 Bros. Pizza;East Village
2 West;Battery Park City
202;Chelsea
212 Restaurant and Bar;Upper East Side
24 Prince;Nolita
26 Seats;East Village
2Eat@Saks;Midtown East
2nd Avenue Deli;Murray Hill/Kips Bay
38th Street Restaurant & Bakery;Midtown West
40 Carrots;Upper East Side
41 Greenwich Avenue;West Village
44 & X Hell's Kitchen;Hell's Kitchen
5 Ninth;Meatpacking District
508;nan
71 Irving Place Coffee & Tea Bar;Gramercy
77493;Times Square
7A;East Village
809 Sangria Bar & Grill;Wash Hts/Inwood
88 Orchard;Lower East Side
88 Palace;Lower East Side
99 miles to philly;West Village
99¢ Fresh Pizza;Midtown East
A;nan
A Casa Fox;Lower East Side
A La Turka;Upper East Side
A Salt & Battery;West Village
A Voce;Flatiron
A.O.C. Bedford;West Village
A.O.C., (l’Ail ou la Cuisse);West Village
ACME Bar & Grill;East Village
AJ Maxwell's;Midtown West
AQ Café;Murray Hill/Kips Bay
AQ Kafé;Upper West Side
Abboccato;Midtown West
Abbondanza's;West Village
Above;Times Square
Abraço;East Village
Aburiya Kinnosuke;Midtown East
Acappella;Tribeca
Accademia di Vino;Upper East Side
Aceluck;Hell's Kitchen
Acqua;Upper West Side
Adour Alain Ducasse;Midtown East
Adriatic;nan
Adrienne's Pizza Bar;Financial/Battery Pk
Adä;Midtown East
Afghan Kebab House II;nan
Africa Kine Restaurant;Harlem
Agave;West Village
Ago;Tribeca
Agozar!;East Village
Ah! Chihuahua's;Midtown East
Aja Asian Bistro & Lounge;Midtown East
Aji Sushi;Murray Hill/Kips Bay
Ajisen Noodle;Chinatown
Akane;nan
Akdeniz Turkish Cuisine;Midtown West
Aki;West Village
Aki Sushi;Upper East Side
Al Baraka;Upper East Side
Al Bustan;Midtown East
Al Forno Pizzeria;Upper East Side
Alan's Falafel;Financial/Battery Pk
Alcala;Midtown East
Aldea;nan
Aleo;Flatiron
Alexandra;West Village
Alfama;West Village
Alfanoose;Financial/Battery Pk
Alfredo of Rome;Midtown West
Alias Restaurant;Lower East Side
Alibaba;Upper West Side
Alidoro;Soho
All Natural Hot Mini Cakes;Lower East Side
Allegretti;Flatiron
Allen & Delancey;Lower East Side
Alloro;Upper East Side
Aloe;East Village
Alonso's Steakhouse;Chelsea
Alouette;Upper West Side
Alta;West Village
Alto;Midtown East
Ama;Soho
Amalia;Midtown East
Amaranth;Upper East Side
Amarone Ristorante;Hell's Kitchen
Amazing 66;Chinatown
Ambassador Grill;Midtown East
Amber;Upper West Side
Amelia's Diner;Soho
American Grill;East Village
Amir's Falafel;nan
Amma;Midtown East
Ammos Estiatorio;Midtown East
Amsterdam Restaurant and Tapas Lounge;Morningside Hts
Amy Ruth's Home-Style Southern Cuisine;Harlem
An American Place;Murray Hill/Kips Bay
Ancora;nan
Andreas' Brick Oven Ristorante;Gramercy
Angelica Kitchen;East Village
Angelo & Maxie's Steakhouse;Gramercy
Angelo of Mulberry St.;Little Italy
Angelo's Coal Oven Pizza;Midtown East
Angelo's Coal Oven Pizza;Midtown West
Angelo's Pizzeria;Midtown West
Angon on the Sixth;East Village
Angus McIndoe;Times Square
Annisa;West Village
Anthos;Midtown West
Antica Venezia Ristorante;Chelsea
Antique Garage;Soho
Antonucci;Upper East Side
Aperitivo;nan
Apiary;East Village
Appetito Ristorante;Midtown West
Apple Restaurant;West Village
Aquagrill;Soho
Aquamarine;nan
Aquavit;Midtown East
Arabelle Restaurant;Upper East Side
Ariana Afghan Kebab House;Hell's Kitchen
Arium;Meatpacking District
Ariyoshi;Midtown East
Arno Ristorante;Midtown West
Aroma;East Village
Arqua;Tribeca
Arriba Arriba;Hell's Kitchen
Arte Café;Upper West Side
Artepasta;West Village
Artichoke Basille's Pizza & Brewery;East Village
Artie's Delicatessen;Upper West Side
Artisanal;Murray Hill/Kips Bay
Arturo's;West Village
Arté;West Village
Ashkara;Lower East Side
Asia Kan;nan
Asia Roma;Chinatown
Asia de Cuba;Murray Hill/Kips Bay
Asiana;nan
Asiate;Upper West Side
Aspen;Flatiron
Astor Court;Midtown East
Astra;Midtown East
At Vermilion;Midtown East
Atlantic Grill;Upper East Side
Atlas Café;East Village
Atrium Cafe;Midtown East
Au Mandarin;Financial/Battery Pk
August;West Village
Aura;Hell's Kitchen
Aureole;Upper East Side
Aurora Soho;Soho
Avenue A Sushi;East Village
Avon Bistro;Midtown East
Avra Estiatorio;Midtown East
Awash;Upper West Side
Awash;East Village
Azalea;Times Square
Azuki Sushi;Gramercy
Azul;Lower East Side
Azuri Cafe;Hell's Kitchen
Azza;Midtown East
B&H;East Village
B-Bap Fusion Rice Bar;nan
B. Café;Upper East Side
B. Smith's;Hell's Kitchen
B.B. King Blues Club & Grill;Times Square
BB Sandwich Bar;West Village
BBQ Chicken;East Village
BG;Midtown East
BLT Burger;West Village
BLT Fish;Union Square
BLT Market;Midtown West
BLT Prime;Gramercy
BLT Steak;Midtown East
BONDST;East Village
BXL Cafe;Times Square
Babbo;West Village
Baby Buddha;West Village
Bacaro;Lower East Side
Back Forty;East Village
Bagel Bob's;West Village
Bagel Buffet;West Village
Bagicha;nan
Baldoria;Times Square
Bali Nusa Indah;Hell's Kitchen
Ballato;East Village
Balthazar;Soho
Bamboleo;West Village
Bamboo 52;Hell's Kitchen
Bamiyan;Gramercy
Bamn!;East Village
Banc Café;Murray Hill/Kips Bay
Banjara;East Village
Bann;Hell's Kitchen
Bao Noodles;Gramercy
Baoguette;Gramercy
Bar 515;Murray Hill/Kips Bay
Bar 6;West Village
Bar 89;Soho
Bar Americain;Times Square
Bar Bao;nan
Bar Blanc;West Village
Bar Boulud;Upper West Side
Bar Breton;Murray Hill/Kips Bay
Bar Centrale;Hell's Kitchen
Bar Jamón;Gramercy
Bar Martignetti;Little Italy
Bar Masa;Upper West Side
Bar Milano;Gramercy
Bar Pitti;West Village
Bar Stuzzichini;Flatiron
Bar Veloce;East Village
Bar Veloce;Chelsea
Bar-K;West Village
BarBossa;Nolita
Baraonda;Upper East Side
Barbarini Alimentari;Financial/Battery Pk
Barbetta;Hell's Kitchen
Barbounia;Flatiron
Barbuto;West Village
Barbès;Murray Hill/Kips Bay
Barking Dog;Upper East Side
Barking Dog;Murray Hill/Kips Bay
Barna;Gramercy
Barney Greengrass;Upper West Side
Barolo;Soho
Basera;Hell's Kitchen
Basta Pasta;Union Square
Bateaux New York;Chelsea
Battery Gardens;Financial/Battery Pk
Bay Leaf;Midtown West
Bayan Café;Midtown East
Beach Street Eatery;Tribeca
Beacon;Midtown West
Becco;Hell's Kitchen
Beer Bar;Midtown East
Belcourt;East Village
Bella Blu;Upper East Side
Bella Luna;Upper West Side
Bellavitae;West Village
Bello;Hell's Kitchen
Bello Giardino;Upper West Side
Bello Sguardo;Upper West Side
Ben & Jack's Steak House;Midtown East
Ben Benson's Steak House;Times Square
Ben's Kosher Delicatessen Restaurant;Midtown West
Ben's Pizza;nan
Bengal Cafe;Morningside Hts
Benihana;Midtown West
Benjamin Steak House;Midtown East
Benny's Burritos;East Village
Benny's Burritos (West);West Village
Benoit;Midtown West
Beppe;Flatiron
Bereket;Lower East Side
Berger's On The Go;Murray Hill/Kips Bay
Berrywild;Murray Hill/Kips Bay
Bette;Chelsea
Better Burger;Chelsea
Better Burger;Murray Hill/Kips Bay
Bettola;Upper West Side
Beyoglu;Upper East Side
BiCE;Midtown East
Bianca;East Village
Big Daddy's Diner;Gramercy
Big Enchilada;West Village
Big Nick's Burger and Pizza Joint;Upper West Side
Big Wong King;Chinatown
Bin 71;Upper West Side
Biricchino;W. 20s
Bis.Co.Latte;Hell's Kitchen
Bistecca Fiorentina;Hell's Kitchen
Bistro 60;Upper East Side
Bistro Bagatelle;Meatpacking District
Bistro Desaret;Midtown East
Bistro Le Steak;Upper East Side
Bistro Les Amis;Soho
Bistro Ten 18;Morningside Hts
Bistro du Nord;Upper East Side
Bistrouge;East Village
Black Pearl;East Village
BlackFinn Bar & Restaurant;Midtown East
Blake & Todd;Midtown West
Blaue Gans;Tribeca
Bleecker Street Pizza;West Village
Bloomingdale Road;Upper West Side
Bloom’s Delicatessen;Murray Hill/Kips Bay
Blossom;Chelsea
Blue 9 Burger;East Village
Blue Fin;Times Square
Blue Hill;West Village
Blue Note;West Village
Blue Ribbon Bakery;West Village
Blue Ribbon Bakery Market;West Village
Blue Ribbon Bar;West Village
Blue Ribbon Brasserie;Soho
Blue Ribbon Sushi;Soho
Blue Ribbon Sushi Bar & Grill;Hell's Kitchen
Blue Smoke;Gramercy
Blue Water Grill;Union Square
Bo Ky;Chinatown
Bobo;West Village
Boca Chica;East Village
Bocca;Flatiron
Bocca di Bacco;Hell's Kitchen
Bodrum;Upper West Side
Bodum Cafe;Chelsea
Bombay Grill;Murray Hill/Kips Bay
Bombay Palace;Midtown West
Bombay Talkie;Chelsea
Bon Chon Chicken;Murray Hill/Kips Bay
Bond 45;Times Square
Bondi Road;Lower East Side
Bone Lick Park;West Village
Bongo;Chelsea
Bonjoo Restaurant;East Village
Bonobo's Vegetarian;Flatiron
Bonsignour;West Village
Boom;Soho
Boqueria;Soho
Boqueria;Flatiron
Borgo Antico;West Village
Bottega del Vino;Upper East Side
Bottino;Chelsea
Boucarou;East Village
Bouchon Bakery;Upper West Side
Bouley;Tribeca
Bourbon Street Bar and Grill;Hell's Kitchen
Bourbon Street Southern Gourmet Pantry;West Village
Boyd Thai;West Village
Brasserie;Midtown East
Brasserie 360;Upper East Side
Brasserie 44;Midtown West
Brasserie 52;Hell's Kitchen
Brasserie 8 1/2;Midtown West
Brasserie Julien;Upper East Side
Brasserie Les Halles;Murray Hill/Kips Bay
Brasserie Les Halles Downtown;Financial/Battery Pk
Brasserie Maison;Midtown West
Brasserie Ruhlmann;Midtown West
Bravo Gianni;Upper East Side
Bread;Nolita
Bread & Pastry Café;West Village
Bread Bar;Flatiron
Bread Market Cafe;Midtown West
Bread Tribeca;Tribeca
Bricco;Hell's Kitchen
Brick Lane Curry House;East Village
Bridge Café;Financial/Battery Pk
Brio;Upper East Side
Broadway East;Lower East Side
Broadway's Jerusalem II;Midtown West
Brooklyn Diner U.S.A.;Midtown West
Brooklyn Diner U.S.A.;Times Square
Brother Jimmy's BBQ;Midtown West
Bruno Jamais Restaurant Club;Upper East Side
Bruschetteria;Lower East Side
BrushStroke;nan
Bryant Park Grill;Midtown West
Bubba Gump Shrimp Co.;Times Square
Bubby's;nan
Bubby’s;Tribeca
Buddakan;Chelsea
Buddha BBeeQ;Upper East Side
Buenos Aires;East Village
Bukhara Grill;Midtown East
Bull & Bear;Midtown East
Bull Run;Financial/Battery Pk
Bully's;West Village
Bun;Soho
Bunchberries;Midtown East
Buona Sera Restaurant;West Village
Burger Joint;Midtown West
Burger Shoppe;Financial/Battery Pk
Burgers & Cupcakes;Hell's Kitchen
Burrito Loco;West Village
Bus Stop Cafe;West Village
Butai;Gramercy
Butcher Bay;nan
Butter;East Village
Buzina Pop;Upper East Side
Byblos;Murray Hill/Kips Bay
Bánh Mì Saigon Bakery;Little Italy
Bôi;Midtown East
Bôi to Go;Midtown East
Cabana;Upper East Side
Cabo Rojo;Chelsea
Cabrito;nan
Cacio e Pepe;East Village
Cacio e Vino;East Village
Cafe Amore's;nan
Cafe Asean;West Village
Cafe Bari;Soho
Cafe Brama;East Village
Cafe Centro;Midtown East
Cafe Cluny;West Village
Cafe Colonial;Nolita
Cafe Edison;Times Square
Cafe Gitane;Nolita
Cafe Himalaya;East Village
Cafe Lalo;Upper West Side
Cafe Luka;Upper East Side
Cafe Mogador;East Village
Cafe Rakka;East Village
Cafe Ronda;Upper West Side
Cafe Socialista;West Village
Cafe Viva;Upper West Side
Cafe el Portal;Nolita
Cafecito;East Village
Cafetasia;West Village
Cafeteria;Chelsea
Caffe Buon Gusto;Upper East Side
Caffe Cielo;Hell's Kitchen
Caffe Dante;West Village
Caffe Falai;Nolita
Caffe Grazie;Upper East Side
Caffe Reggio;West Village
Caffe Swish;Morningside Hts
Caffe Torino;West Village
Caffè Emilia;East Village
Caffè Pane e Cioccolato;West Village
Caffè del Mare;West Village
Caffé Linda;Midtown East
Café 2;Midtown West
Café Andalucia;Hell's Kitchen
Café Angelique;nan
Café Boulud;Upper East Side
Café Café;Soho
Café Cello;Midtown West
Café Centosette;East Village
Café Condesa;West Village
Café Cortadito;East Village
Café Deville;East Village
Café Español;West Village
Café Evergreen;Upper East Side
Café Fiorello;Upper West Side
Café Frida;Upper West Side
Café Greco;Upper East Side
Café Grumpy;Chelsea
Café Habana;Nolita
Café Henri;West Village
Café Joul;Midtown East
Café K;Midtown East
Café Katja;Lower East Side
Café Largo;Harlem
Café Loup;West Village
Café Luxembourg;Upper West Side
Café Mingala;Upper East Side
Café Noir;Soho
Café Orlin;East Village
Café Pick Me Up;East Village
Café Pierre;Upper East Side
Café Sabarsky;Upper East Side
Café Select;Soho
Café Spice;West Village
Café Spice;Midtown East
Café Un Deux Trois;Times Square
Café con Leche;Upper West Side
Café d'Alsace;Upper East Side
Café de Bruxelles;West Village
Café des Artistes;Upper West Side
Café du Soleil;Upper West Side
Calcutta;East Village
Calexico;Soho
Caliente Cab Co.;Murray Hill/Kips Bay
Caliente Cab Co.;West Village
California Pizza Deli Falafel;West Village
California Pizza Kitchen;Upper East Side
California Pizza Kitchen;Murray Hill/Kips Bay
Calle Ocho;Upper West Side
Camaje Bistro and Lounge;West Village
Camaradas El Barrio;Spanish Harlem
Campagnola;Upper East Side
Campo;Morningside Hts
Campus Eatery;West Village
Canaletto;Upper East Side
Candle 79;Upper East Side
Candle Café;Upper East Side
Cannonau;East Village
Canyon Road;Upper East Side
Capri Caffé;Tribeca
Capsouto Frères;Tribeca
Capucine's Restaurant;Gramercy
Cara Mia;Hell's Kitchen
Caracas Arepa Bar;East Village
Caravan of Dreams;East Village
Carl's Steaks;Tribeca
Carl's Steaks;Murray Hill/Kips Bay
Carlyle Restaurant;Upper East Side
Carmine's;Times Square
Carmine's;Upper West Side
Carmine's;Financial/Battery Pk
Carnegie Deli;Midtown West
Carnegie John's;Midtown West
Carve Unique Sandwiches;Times Square
Casa;West Village
Casa Adela;East Village
Casa Havana;Chelsea
Casa Mono;Gramercy
Casanis;Lower East Side
Casaville;Murray Hill/Kips Bay
Cascina;Hell's Kitchen
Casellula Cheese & Wine Café;Hell's Kitchen
Casimir;East Village
Catch de Fish;Gramercy
Caviar Russe;Midtown East
Celeste;Upper West Side
Cendrillon;Soho
Center Stage Café;Times Square
Centolire;Upper East Side
Centovini;Soho
Central Park Boathouse;Upper East Side
Centrico;Tribeca
Centro Vinoteca;West Village
Cercle Rouge;Tribeca
Chanoodle Express;Chinatown
Chanpen Thai;Hell's Kitchen
Chanterelle;Tribeca
Chanto;West Village
Charles St. Food;West Village
Charles' Southern Style Kitchen;nan
Charley O's;Times Square
Charley O's;Hell's Kitchen
Charlie Mom;West Village
Charlys;Financial/Battery Pk
Charm Thai;Upper West Side
Chat 'n Chew;Union Square
Chatham Square Restaurant;Chinatown
Chelsea Ristorante;Chelsea
Chelsea Square Restaurant;Chelsea
Chennai Garden;Gramercy
Cherin Sushi;East Village
Chez Brigitte;West Village
Chez Jacqueline;West Village
Chez Josephine;Hell's Kitchen
Chez Le Chef;Murray Hill/Kips Bay
Chez Napoléon;Hell's Kitchen
Chiam;Midtown East
Chicken Bar Pizza;West Village
Chickie Pig's;Lower East Side
Chickpea;East Village
ChikaLicious;East Village
Chimichurri Grill;Hell's Kitchen
Chin Chin;Midtown East
China 1;East Village
China Fun;Upper East Side
China Fun;Upper West Side
China Grill;Midtown West
China Regency;Midtown West
Chinatown Brasserie;East Village
Chinese Mirch;Murray Hill/Kips Bay
Chino’s;Gramercy
Chipotle;Union Square
Chipotle;Times Square
Chipotle;Murray Hill/Kips Bay
Chiyono;East Village
Cho Cho San Japanese Restaurant;West Village
Cho Dang Gol;Midtown West
Chocolate Bar;Midtown East
Choga;West Village
Chola;Midtown East
Choshi Japanese Restaurant;Gramercy
Chow Bar;West Village
Christopher Norman Chocolates;Financial/Battery Pk
Churrascaria Plataforma;Hell's Kitchen
Churrascaria Tribeca;Tribeca
Ciao Bella;Upper East Side
Ciao For Now;East Village
Cibo;Midtown East
Cilantro;Upper East Side
Cinema Café;Upper East Side
Cipriani Dolci;Midtown East
Cipriani Le Specialita;Midtown East
Cipriani Wall Street;Financial/Battery Pk
Circus;Upper East Side
Citrus;Upper West Side
City Crab & Seafood Company;Gramercy
City Diner;Upper West Side
City Girl Café;Soho
City Hall Restaurant;Tribeca
City Lobster & Crab Company;Times Square
Classic Coffee Shop;Lower East Side
Clinton St. Baking Co. & Restaurant;Lower East Side
Co.;nan
Cocktail Terrace;Midtown East
Coco Pazzo;Upper East Side
Col Legno;East Village
Colors;East Village
Columbia Cottage;Morningside Hts
Comfort Diner;Flatiron
Comfort Diner;Midtown East
Commerce;West Village
Community Food & Juice;Morningside Hts
Compass;Upper West Side
Concrete Tapas Bar & Lounge;nan
Cones;West Village
Cong Ly;Lower East Side
Congee;Lower East Side
Congee Village Restaurant & Bar;Lower East Side
Convivio;Midtown East
Coogan's Restaurant;Wash Hts/Inwood
Cookshop;Chelsea
Cooper's Tavern;Hell's Kitchen
Copper Chimney;Gramercy
Coppola's;Upper West Side
Coppola's East;Gramercy
Corio;Soho
Cornelia Street Café;West Village
Corner Shop Cafe;East Village
Cortina;Upper East Side
Corton;Tribeca
Cosette;Murray Hill/Kips Bay
Cosmic Cantina;East Village
Cosmic Diner;Times Square
Cosmopolitan Café;Tribeca
Cosmos Diner;Gramercy
Counter;East Village
Country;Murray Hill/Kips Bay
Country Café;Soho
Cowgirl;West Village
Cozy Soup 'n Burger;West Village
Craft;Flatiron
Craftbar;Flatiron
Craftsteak;Chelsea
Crave Ceviche Bar;Midtown East
Crema Restaurante;Chelsea
Crepe Creations;West Village
Crif Dogs;East Village
Crispo;West Village
Croton Reservoir Tavern;Midtown West
Cru;West Village
Crumbs;West Village
Crêpe Mania;Murray Hill/Kips Bay
Cuba;West Village
Cubana Café;0
Cube 63;Lower East Side
Cucina & Co.;Midtown East
Cucina Stagionale;West Village
Cucina di Pesce;East Village
Cup & Saucer;Lower East Side
Cupping Room Cafe;Soho
Curly's Vegetarian Lunch;East Village
Curry Leaf;Gramercy
Curry in a Hurry;Murray Hill/Kips Bay
Curry-Ya;nan
DB Bistro Moderne;Midtown West
Da Andrea;West Village
Da Antonio Ristorante;Midtown East
Da Ciro;Murray Hill/Kips Bay
Da Filippo;Upper East Side
Da Nico;Little Italy
Da Rosina;Hell's Kitchen
Da Silvano;West Village
Da Silvano Cantinetta;West Village
Da Umberto;Chelsea
Daisy May's BBQ USA;Hell's Kitchen
Dalga Seafood Grill;Upper East Side
Dallas Jones Bar-B-Q;West Village
Dan Japanese Restaurant;Upper West Side
Danal;East Village
Daniel;Upper East Side
Danku;Midtown West
Darbar;Midtown East
Darbar Grill;nan
Dave & Buster's;nan
David Burke Townhouse;nan
David Burke at Bloomingdale’s;Upper East Side
Dawat;Midtown East
Daydream;nan
De Santos;West Village
Dean's Family Style Restaurant and Pizzeria;Upper West Side
Dean's Family Style Restaurant and Pizzeria;Midtown East
Dean's Family Style Restaurant and Pizzeria;Tribeca
Deborah—Life Love Food;West Village
Defonte's;nan
Degustation Wine & Tasting Bar;East Village
Del Frisco's Double Eagle Steak House;Times Square
Del Posto;Chelsea
Delectica;Murray Hill/Kips Bay
Delicatessen;Nolita
Delicia Brazil;West Village
Delmonico Gourmet;Midtown East
Delmonico Gourmet;Upper East Side
Delmonico's;Financial/Battery Pk
Demarchelier;Upper East Side
Dennis Foy;Tribeca
Dessert Delivery;Midtown East
Destino;Midtown East
DiFiore Marquet;West Village
Diablo Royale;West Village
Diamond Dairy;Midtown West
Dieci;East Village
Dil-e Punjab;Chelsea
Dim Sum Go Go;Lower East Side
Dinosaur Bar-B-Que;Harlem
Dirt Candy;East Village
Dirty Bird To-Go;West Village
Dishes;Midtown East
District;Times Square
Ditch Plains;West Village
Diwan;Midtown East
Dizzy's Club Coca-Cola;Midtown West
Django;Midtown East
Djerdan;Midtown West
Do Hwa;West Village
DoSirak;West Village
Docks Oyster Bar & Seafood Grill;Midtown East
Docks Oyster Bar & Seafood Grill;Upper West Side
Dogmatic Dogs;nan
Dojo;West Village
Dok Suni's;East Village
Dolcino;Murray Hill/Kips Bay
Doma;West Village
Domenico's;Midtown East
Don Giovanni Ristorante;Hell's Kitchen
Don Giovanni Ristorante;Chelsea
Donald Sacks;Battery Park City
Donburiya;Midtown East
Donguri;Upper East Side
Donut Pub;Chelsea
Doo Zo;West Village
Double Crown;East Village
Dovetail;Upper West Side
Downtown Cipriani;Soho
Doyers Vietnamese Restaurant;Chinatown
Druids;Hell's Kitchen
Duane Park;Tribeca
Dublin 6;West Village
Due;Upper East Side
Due Amici;West Village
Duke's;Murray Hill/Kips Bay
Dumpling House;Lower East Side
Dumpling Man;East Village
Dylan Prime;Tribeca
Dylan's Candy Bar;Upper East Side
Dévi;Union Square
EJ's Luncheonette;Upper East Side
EJ's Luncheonette;Upper West Side
EN Japanese Brasserie;West Village
ETATS-UNIS;Upper East Side
East Ocean Seafood Restaurant;Chinatown
East Village Thai Restaurant;East Village
East of Eighth;Chelsea
Eat Here Now;Upper East Side
Eat-pisode;Lower East Side
Eatery;Hell's Kitchen
Ecco!;Tribeca
Ed's Lobster Bar;Soho
Edgar's Cafe;Upper West Side
Edward's;Tribeca
Egg Custard King Two Cafe;Chinatown
Eight Mile Creek;Nolita
Eighty One;Upper West Side
Eisenberg's Sandwich Shop;Flatiron
El Castillo de Jagua Restaurant;Lower East Side
El Centro;Hell's Kitchen
El Charro Español;West Village
El Cid;Chelsea
El Cocotero;Chelsea
El Faro;West Village
El Maguey y La Tuna;Lower East Side
El Malecón Restaurant;Upper West Side
El Parador Café;Murray Hill/Kips Bay
El Paso;West Village
El Paso Taqueria;Spanish Harlem
El Pote Español;Murray Hill/Kips Bay
El Presidente;Wash Hts/Inwood
El Quijote;Chelsea
El Quinto Pino;Chelsea
El Rey Del Sol;West Village
El Rinconcito;East Village
El Rincón del Sabor;Midtown West
El Sombrero (The Hat);Lower East Side
Elaine’s;Upper East Side
Elephant & Castle;West Village
Elettaria;West Village
Eleven Madison Park;Flatiron
Eli's Vinegar Factory;Upper East Side
Elio's;Upper East Side
Elixir;West Village
Ellen's Stardust Diner;Times Square
Elvie's Turo-Turo;East Village
Empanada Mama;Hell's Kitchen
Empire Diner;Chelsea
Empire Szechuan Village;West Village
Employees Only;West Village
Emporium Brasil;Midtown West
Ennio & Michael;West Village
Epicerie Café Charbon;Lower East Side
Epices du Traiteur;Upper West Side
Erminia;Upper East Side
Esca;Hell's Kitchen
Esperanto;East Village
Esperanto Cafe;West Village
Essex;Lower East Side
Estancia 460;Tribeca
Estiatorio Milos;Midtown West
Etcetera Etcetera;Hell's Kitchen
Ethos;Murray Hill/Kips Bay
Etrusca;Midtown West
Euro Corner Restaurant;Harlem
Eva's;West Village
Evergreen Shanghai;Murray Hill/Kips Bay
Excellent Dumpling House;Chinatown
Excellent Pork Chop House;Chinatown
Express Cafe;West Village
Extra Virgin;West Village
F&B güdtfood;Chelsea
F. Illi Ponte Ristorante;Tribeca
FR.OG;Soho
Falai;Lower East Side
Falai Panetteria;Lower East Side
Famiglia;West Village
Famous Ben’s Pizza;Soho
Famous Ray’s of Greenwich Village;West Village
Famous Seafood;Harlem
Farinella;nan
Fat Annie's Truck Stop;East Village
Fatty Crab;West Village
Fatty Crab;Upper West Side
Fedora Restaurant;West Village
Felice Wine Bar;Upper East Side
Felidia;Midtown East
Felix;Soho
Ferro's;Midtown East
Festival Mexicano Restaurant;Lower East Side
Fiddlesticks Pub & Grill;West Village
Fig & Olive;Meatpacking District
Fig & Olive;Upper East Side
Fig & Olive;Midtown East
Figaro;Midtown West
Fika;Midtown West
Film Center Cafe;Hell's Kitchen
Fino;Murray Hill/Kips Bay
Fino Wall Street;Financial/Battery Pk
Fiorini;Midtown East
FireBird Russian Restaurant;Hell's Kitchen
Firenze Ristorante;Upper East Side
Fireside;Midtown East
First Hungarian Literary Society;Upper East Side
Fish;West Village
Fishers of Men;Harlem
Fishtail by David Burke;Midtown West
Five Luck Restaurant;Upper East Side
Five Napkin Burger;nan
Five Points;East Village
Fives;Midtown East
Flea Market Café;East Village
Fleur de Sel;Flatiron
Flex Mussels;Upper East Side
Flor de Sol;Tribeca
Flordita Tapas;Harlem
Florencia 13;West Village
Flowers Cafe;Lower East Side
Focacceria;West Village
Focolare;Little Italy
Food Merchants Cafe & Market;Midtown East
Food Merchants Cafe & Market;Times Square
Food Merchants Cafe & Market;Murray Hill/Kips Bay
Food Merchants Market & Cafe;Times Square
Food Sing 88 Corp.;Chinatown
Franchia;Murray Hill/Kips Bay
Francisco's Centro Vasco;Chelsea
Frank;East Village
Frankie & Johnnie's Steakhouse;Midtown West
Frankie & Johnnie's Steakhouse;Times Square
Frankies Spuntino 17 Clinton Street;Lower East Side
Fraunces Tavern;Financial/Battery Pk
Fred's;Upper West Side
Fred's at Barneys New York;Upper East Side
Frederick's Downtown;West Village
Frederick's Madison;Upper East Side
FreeFoods NYC;Midtown West
Freemans;Lower East Side
French Roast;Upper West Side
French Roast;West Village
Fresco;Midtown East
Fresco on the Go;Midtown East
Fresh Basil's Trattoria;Midtown East
Fresh Tortilla Express;Soho
FreshCo Burrito Taco;West Village
Fried Dumpling;Lower East Side
Friend House;East Village
Friend House 2;Gramercy
Friend of a Farmer;Gramercy
Friend's Cafe & Deli;West Village
Fuleen Seafood Restaurant;Lower East Side
Funayama;West Village
Gaam;Midtown West
Gabriel's Bar & Restaurant;Upper West Side
Gabriela's Restaurante y Tequila Bar;Upper West Side
Gaetana's;West Village
Gahm Mi Oak;Midtown West
Galanga;West Village
Gallagher's Steak House;Times Square
Gallo Nero Wine Bar & Grill;Hell's Kitchen
Gama;East Village
Gandhi;East Village
Garage Restaurant & Café;West Village
Garden Court Café;Upper East Side
Gari;Upper West Side
Gascogne;Chelsea
Gate House;Battery Park City
Gauchas Empanadas;Upper East Side
Gavroche;West Village
Geisha;Upper East Side
Gemini Diner;Murray Hill/Kips Bay
Gemma;East Village
Gena's Grill;East Village
Gene's;West Village
Genesis;Wash Hts/Inwood
Gennaro;Upper West Side
George's;Financial/Battery Pk
Georgia's Eastside BBQ;Lower East Side
Georgio's Country Grill;Hell's Kitchen
Ghandi Cafe;West Village
Ghenet;Nolita
Giambelli 50th Restaurant;Midtown East
Giano;East Village
Gigino Trattoria;Tribeca
Gigino at Wagner Park;Financial/Battery Pk
Gilt;Midtown East
Ginger;East Village
Gino;Upper East Side
Giorgio's;Upper East Side
Giorgio's of Gramercy;Flatiron
Giorgione;Soho
Giovanni;Midtown West
Giovanni Venti Cinque;Upper East Side
Girasole;Upper East Side
Gnocco Cucina & Tradizione;East Village
Go!Go! Curry;Midtown West
Gobo;Upper East Side
Gobo;West Village
Gold St.;Financial/Battery Pk
Golden Krust Caribbean Bakery & Grill;Midtown West
Golden Unicorn Restaurant;Lower East Side
Golden Woks;West Village
Gonzalez y Gonzalez;East Village
Gonzo;West Village
Good;West Village
Good Burger;Midtown East
Good Enough to Eat;Upper West Side
Good Health;Upper East Side
Good Portions;Murray Hill/Kips Bay
Gordon Ramsay at the London;Midtown West
Gotham Bar and Grill;West Village
Gottino;West Village
Grace;Tribeca
Grace's Trattoria;Upper East Side
Gradisca;West Village
Graffiti;East Village
Gramercy Tavern;Flatiron
Grand Bar & Lounge;Soho
Grand Central Oyster Bar & Restaurant;Midtown East
Grand Harmony Restaurant;Little Italy
Grand Sichuan;West Village
Grand Sichuan International;Chelsea
Grand Sichuan International;East Village
Grand Sichuan NY;Murray Hill/Kips Bay
Grano Trattoria;West Village
Grape and Grain;East Village
Great Burrito;Flatiron
Great Jones Cafe;East Village
Great N.Y. Noodletown;Lower East Side
Green Tea Café;Chinatown
Greenwich Grill;Tribeca
Greenwich Steak & Burger;Tribeca
Grey Dog Coffee;West Village
Grifone;Midtown East
Grill 21;Gramercy
Grill 44;Midtown East
Grom;Upper West Side
Grom;West Village
Grotta Azzurra;Little Italy
Grotto;Lower East Side
Guantanamera;Midtown West
Guastavino's;Upper East Side
Gus's Place;West Village
Gusto Organics;West Village
Gusto Ristorante e Bar Americano;West Village
Gyu-Kaku;Midtown East
Gyu-Kaku;East Village
HK;Hell's Kitchen
HSF;Chinatown
Hacienda de Argentina;Upper East Side
Hakata Grill;Times Square
Haku Sushi;Upper West Side
Hakubai;Murray Hill/Kips Bay
Halal Chicken and Gyro;Midtown West
Hallo Berlin;Midtown West
Hallo Berlin;Hell's Kitchen
Hampton Chutney Co.;Soho
Hampton Chutney Co.;Upper West Side
Han Bat;Midtown West
HanGawi;Murray Hill/Kips Bay
Hanami;West Village
Hane Sushi;Murray Hill/Kips Bay
Harbour Lights;Financial/Battery Pk
Hard Rock Café;Times Square
Harriet's Kitchen;Upper West Side
Harry Cipriani;Midtown West
Harry's Steak;Financial/Battery Pk
Haru;Financial/Battery Pk
Hasaki Restaurant;East Village
Hatsuhana;Midtown East
Havana Alma de Cuba;West Village
Havana Central;Times Square
Havana Central;Union Square
Haveli;East Village
Hawaiian Tropic Zone;Times Square
Heartbeat;Midtown East
Hearth;East Village
Hector's Cafe;Meatpacking District
Heidelberg Restaurant;Upper East Side
Hell's Kitchen;Hell's Kitchen
Henry's;Upper West Side
Hi-Life Bar and Grill;0
Hi-Life Restaurant & Lounge;Upper East Side
Highline;Meatpacking District
Hill Country;Flatiron
Hiro;East Village
Hiroko's Place;Soho
Hispaniola;Wash Hts/Inwood
Hoi An;Tribeca
Hokkaido Sushi;Upper East Side
Hollywood Diner;Union Square
Holy Basil;East Village
Home Restaurant;West Village
Hong Kong Station;Lower East Side
Hong Kong Station;Chinatown
Hookah Cafe;Upper East Side
Hoomoos Asli;Nolita
Hop Kee;Chinatown
Horus Café;East Village
House of Vegetarian;Chinatown
Houston's;Flatiron
Houston's;Midtown East
Huan Ji Rice Noodles;Lower East Side
Hudson Cafeteria;Hell's Kitchen
Hudson Diner;West Village
Hudson Falafel;West Village
Hudson Place;Murray Hill/Kips Bay
Hudson River Café;Harlem
Hudson Yards Cafe;Hell's Kitchen
Hummus Place;West Village
Hummus Place;East Village
Hunan Park;Upper West Side
Hundred Acres;Soho
Hurley’s;Midtown West
I Coppi;East Village
I Sodi;West Village
I Tre Merli;Soho
I Tre Merli Bistro;West Village
ING Direct Café;Midtown East
Icon;Murray Hill/Kips Bay
Ideya;Soho
Ikeno Hana;Upper East Side
Il Bagatto;East Village
Il Bastardo;Chelsea
Il Brigante;Financial/Battery Pk
Il Buco;East Village
Il Cantinori;West Village
Il Corallo Trattoria;Soho
Il Cortile;Little Italy
Il Fornaio;Little Italy
Il Gattopardo;Midtown West
Il Giglio;Financial/Battery Pk
Il Mattone;Tribeca
Il Melograno;Hell's Kitchen
Il Menestrello;Midtown East
Il Mulino;West Village
Il Nido;Midtown East
Il Palazzo;Little Italy
Il Postino;Midtown East
Il Riccio;Upper East Side
Il Tinello Ristorante;Midtown West
Il Vagabondo;Upper East Side
Il Valentino;Midtown East
In Vino;East Village
Inagiku;Midtown East
Indian Bread Co.;West Village
Indian Curry Mahal;East Village
Indian Taj;West Village
Indian Tandoor Oven Restaurant;Upper East Side
Indigo Indian Bistro;Midtown East
Indo Munch;Murray Hill/Kips Bay
Indochine;East Village
Indus Valley;Upper West Side
Industria Argentina;Tribeca
Inside Park at St. Bart's;Midtown East
Insieme;Times Square
Intermezzo;Chelsea
Ippudo NY;East Village
Irving Mill;Union Square
Isabella's;Upper West Side
Ise Japanese Restaurant;Financial/Battery Pk
Ishikura Restaurant;East Village
Island;Upper East Side
Island Burgers and Shakes;Hell's Kitchen
Isle of Capri;Upper East Side
Islero;Midtown East
Istana;Midtown East
Istanbul Grill;West Village
Italianissimo Ristorante;Upper East Side
Ithaka;Upper East Side
Itzocan Bistro;Spanish Harlem
Itzocan Cafe;East Village
Ivo & Lulu;Soho
Ivy's Bistro;Tribeca
Izakaya Ten;Chelsea
J.M. Family Noodle;Chinatown
JG Melon;Upper East Side
Jack Bistro;West Village
Jack's Stir Brew Coffee;West Village
Jack’s Luxury Oyster Bar;East Village
Jacques;Nolita
Jacques Brasserie;Upper East Side
Jacques Torres Chocolate Haven;Soho
Jaiya;Murray Hill/Kips Bay
Jane;West Village
Japonais;Gramercy
Japonica;West Village
Jarnac;West Village
Jasmine Thai;Upper East Side
Java Girl;Upper East Side
Jazzy's;Soho
Je'Bon Noodle House;East Village
Jean Claude;Soho
Jean Georges;Upper West Side
Jeeb Thai Tapas;Lower East Side
Jeollado;East Village
Jesse's Place;Wash Hts/Inwood
Jewel Bako;East Village
Jewel of India;Midtown West
Jiannetto's Pizza & Catering;Midtown East
Jimmy's No. 43;East Village
Jin;Lower East Side
Jing Fong;Chinatown
JoJo;Upper East Side
Joanna's Restaurant;Upper East Side
Joe;West Village
Joe Allen Restaurant;Hell's Kitchen
Joe Jr. Restaurant;West Village
Joe's Dairy;Soho
Joe's Ginger;Chinatown
Joe's Pizza;West Village
John's of 12th Street;East Village
Johnny Utah's;Midtown West
Josie's Restaurant;Murray Hill/Kips Bay
Josie's West;Upper West Side
Juan Valdez Café;Midtown East
Jubilee;Midtown East
Jules;East Village
Junior's;Midtown East
Just Salad;Midtown East
KUTA;Lower East Side
Kai;Upper East Side
Kaleidoscope;East Village
Kam Cheuh;Chinatown
Kami Sushi;Midtown East
Kampuchea Restaurant;Lower East Side
Kang Suh;Midtown West
Kanoyama;East Village
Kao Sushi;Upper East Side
Karahi;West Village
Karavas Pizza 'n' Pita;West Village
Karavas Place;West Village
Kasadela;East Village
Kate's Joint;East Village
Kati Roll Company;Times Square
Kati Roll Company;West Village
Katsu-Hama;Midtown East
Katz's Delicatessen;Lower East Side
Kawa Sushi;West Village
Kebab Garden;East Village
Keens Steakhouse;Midtown West
Kefi;Upper West Side
Kellari Taverna;Midtown West
Kellari’s Parea;Flatiron
Kelley & Ping;Soho
Kenka;East Village
Kennedy's;Hell's Kitchen
Key West Diner;Upper West Side
Khushie Indian Kitchen;Lower East Side
Khyber Pass;East Village
Kim's Aunt;Midtown West
King Food;West Village
King Wok;West Village
Kings' Carriage House;Upper East Side
Kingswood;West Village
Kismat Indian Restaurant;Wash Hts/Inwood
Kitchen Club;Nolita
Kitchenette;Tribeca
Kitchenette Uptown;Morningside Hts
Kittichai;Soho
Kiva Café;Soho
Kión;East Village
Klatch Coffee Bar;Financial/Battery Pk
Klee Brasserie;Chelsea
Klong;East Village
Knickerbocker Bar & Grill;West Village
Knife + Fork;East Village
Ko Sushi;Upper East Side
Kobe Club;Midtown West
Kobma Thai;West Village
Koi;Midtown West
Kool Bloo;Soho
Korea Palace;Midtown East
Korean Temple Cuisine;East Village
Kori;Tribeca
Koryodang;Midtown West
Krik Krak;Upper West Side
Krunch Pizza Bar;Midtown East
Kum Gang San;Midtown West
Kuma Inn;Lower East Side
Kunjip;Midtown West
Kurio;Upper East Side
Kuruma Zushi;Midtown East
Kurve;East Village
KushiQ;Midtown East
Kwik Meal #1;Times Square
Kyo Ya;East Village
Kyotofu;Hell's Kitchen
L and L Hawaiian Barbecue;Financial/Battery Pk
L'Absinthe;Upper East Side
L'Annam;West Village
L'Arte Del Gelato;West Village
L'Arte Del Gelato;Chelsea
L'Atelier de Joël Robuchon;Midtown East
L'Ecole at The French Culinary Institute;Soho
L'Express;Gramercy
L'Orange Bleue;Soho
L'asso;Nolita
La Barra;nan
La Belle Vie;Chelsea
La Bonbonniere;West Village
La Bonne Soupe;Midtown West
La Bottega;Chelsea
La Boîte en Bois;Upper West Side
La Caridad 78;Upper West Side
La Carne Grill;Murray Hill/Kips Bay
La Casa Del Mofongo;Wash Hts/Inwood
La Colombe Torrefaction;Tribeca
La Dinastia;Upper West Side
La Esquina;Little Italy
La Focaccia;West Village
La Fonda Boricua;Spanish Harlem
La Fonda del Sol;nan
La Giara;Murray Hill/Kips Bay
La Gioconda;Midtown East
La Goulue;Upper East Side
La Grenouille;Midtown East
La Grolla Ristorante;Upper West Side
La Hacienda;Spanish Harlem
La Houppa;Upper East Side
La Lanterna di Vittorio;West Village
La Lunchonette;Chelsea
La Mangeoire;Midtown East
La Masseria;Times Square
La Mediterranée;Midtown East
La Mirabelle;Upper West Side
La Nacional;Chelsea
La Nueva Conquista;Soho
La Paella;East Village
La Palapa;East Village
La Palapa West;West Village
La Palette Bar & Restaurant;West Village
La Petite Auberge;Gramercy
La Pizza Fresca Ristorante;Flatiron
La Ripaille;West Village
La Rivista;Hell's Kitchen
La Rural;Upper West Side
La Taza de Oro;Chelsea
La Tina’s Comida Latina;Gramercy
La Vela;Upper West Side
La Vineria;Hell's Kitchen
La Zarza;East Village
Lady Mendl's;Gramercy
Lahore Deli;Soho
Lamarca;Gramercy
Lan Cafe;East Village
Land Thai Kitchen;Upper West Side
Landmarc;Tribeca
Landmarc;Upper West Side
Landmark Tavern;Hell's Kitchen
Lantern;Gramercy
Lanza Restaurant;East Village
Las Ramblas;West Village
Lasagna Ristorante;Midtown East
Lassi;West Village
Lattanzi;Hell's Kitchen
Lavagna;East Village
Lazzara's Pizza Café;Midtown West
Le Bateau Ivre;Midtown East
Le Bernardin;Times Square
Le Bilboquet;Upper East Side
Le Boeuf a la Mode;Upper East Side
Le Caire Lounge;East Village
Le Cirque;Midtown East
Le Colonial;Midtown East
Le Gigot;West Village
Le Jardin Bistro;Nolita
Le Lupanar;Lower East Side
Le Marais;Times Square
Le Miu;East Village
Le Monde;Morningside Hts
Le Petit Belge;West Village
Le Père Pinard;Lower East Side
Le Périgord;Midtown East
Le Refuge;Upper East Side
Le Rivage;Hell's Kitchen
Le Singe Vert;Chelsea
Le Souk;East Village
Le Train Bleu;Upper East Side
Le Veau d'Or;Upper East Side
Le Zie;Chelsea
Lenox Lounge;Harlem
Leo's Bagels;nan
Leonardo da Vinci Ristorante & Wine Bar;Upper East Side
Les Ambassades Boulangerie-Patisserie-Cafe;Harlem
Les Enfants Terribles;Lower East Side
Levana;Upper West Side
Lever House Restaurant;Midtown East
Lexington Candy Shop;Upper East Side
Li Hua;Little Italy
Liberty View;Battery Park City
Life Cafe;East Village
Likitsakos Market;Upper East Side
Lil' Frankie's Big Cheech;East Village
Lil' Frankie's Pizza;East Village
Lili's Noodle Shop & Grill;Battery Park City
Lily's Bar;Midtown East
Lips;West Village
Little Atlas Café;West Village
Little Giant;Lower East Side
Little Havana Restaurant;West Village
Little Italy Pizza;Financial/Battery Pk
Little Italy Pizza;Midtown West
Little Poland;East Village
Live Bait;Flatiron
Lobby Lounge;Upper West Side
Loft;Upper West Side
Lola;Soho
Lombardi's;Nolita
Londel's Supper Club;Harlem
Loreley Restaurant & Biergarten;Lower East Side
Los Dados;West Village
Los Dos Molinos;Gramercy
Lotus;Chelsea
Lovely Day;Nolita
Lucien;East Village
Lucky Cheng's;East Village
Lucky Strike;Soho
Lucy of Gramercy;Flatiron
Lugo Caffè;Midtown West
Luke's Bar & Grill;Upper East Side
Lulu;Nolita
Lumi;Upper East Side
Luna Piena Ristorante Italiano;Midtown East
Lunetta;Flatiron
Lupa Osteria Romana;West Village
Lupe's East L.A. Kitchen;Soho
Lure Fishbar;Soho
Lusardi's;Upper East Side
Luxor Lounge;West Village
Luzia's;Upper West Side
Luzzo's;East Village
L’Artusi;West Village
M. Rohrs' House of Fine Teas & Coffees;Upper East Side
Ma Ma Buddha;West Village
Macao Trading Co.;Tribeca
Macchiato Espresso Bar;Midtown East
Macelleria;West Village
Macondo;nan
Mad Dog & Beans Mexican Cantina;Financial/Battery Pk
Madison & Vine;Midtown East
Madison Bistro;Murray Hill/Kips Bay
Madras Mahal;Gramercy
Mae Mae Cafe;Soho
Mai House;Tribeca
Make My Cake;Harlem
Malatesta Trattoria;West Village
Malecon;Wash Hts/Inwood
Maloney & Porcelli;Midtown East
Mama's Food Shop;East Village
Mama's Mudsliders;West Village
Mamajuana Cafe;Wash Hts/Inwood
Mambi Lounge;Midtown East
Mamlouk;East Village
Mamoun's;West Village
Mamá Mexico;Upper West Side
Mamá Mexico;Midtown East
Manatus Restaurant;West Village
Mancora;East Village
Mandarin Court;Chinatown
Mandler's: The Original Sausage Co.;Union Square
Mandler's: The Original Sausage Co.;Hell's Kitchen
Mandoo Bar;Murray Hill/Kips Bay
Manganaro's Hero Boy;Hell's Kitchen
Mangez Avec Moi;Financial/Battery Pk
Mangia e Bevi;Hell's Kitchen
Mangiami;Lower East Side
Manhattan Bistro;Soho
Manhattan Brick Oven & Grill;Upper East Side
Manhattan Chili Co.;Midtown East
Manhattan Chinatown Cart;Lower East Side
Manhattan Sky;Midtown East
Manna's Soul Food Restaurant;Harlem
Maoz Vegetarian;Union Square
Mapi;West Village
Maracas Bar and Grill;West Village
Mara’s Homemade;East Village
Marc Forgione;Tribeca
Marchi's;Murray Hill/Kips Bay
Mardigras Pizza;Financial/Battery Pk
Maremma;West Village
Margon;Times Square
Maria Pia;Hell's Kitchen
Marinella;West Village
Marion's Continental Restaurant and Lounge;East Village
MarkJoseph Steakhouse;Financial/Battery Pk
Market Cafe;Hell's Kitchen
Market Table;West Village
Markt;Chelsea
Marseille;Hell's Kitchen
Maru;Midtown West
Marumi Japanese Restaurant;West Village
Maruzzella Ristorante;Upper East Side
Mary's Fish Camp;West Village
Mas (farmhouse);West Village
Masa;Upper West Side
Masala Bollywood;Gramercy
Masamoto;West Village
Massawa;Morningside Hts
Matador;West Village
Matilda;East Village
Matsugen;Tribeca
Matsuri;Chelsea
Maurizio Trattoria;West Village
Max;East Village
Max;Tribeca
Max Brenner: Chocolate by the Bald Man;East Village
Max Caffé;Morningside Hts
Max SoHa;Morningside Hts
Maxie;Murray Hill/Kips Bay
Maya;Upper East Side
Maz Mezcal;Upper East Side
Maze;Midtown West
McCormick & Schmick’s Seafood Restaurant;Times Square
Meade's;Financial/Battery Pk
Medina;W. 20s
Medina Restaurant;East Village
Mediterraneo;Upper East Side
Mee Noodle Shop and Grill;Midtown East
Megu;Tribeca
Megu Midtown;Midtown East
Mei Lei Wah Coffee House;Chinatown
Mekong;Soho
Melba’s;Harlem
Meli Melo;Murray Hill/Kips Bay
Menchanko-Tei;Midtown East
Menchanko-Tei 55;Midtown West
Mendy's;Murray Hill/Kips Bay
Menkui Tei;East Village
Mercadito;West Village
Mercadito;East Village
Mercat;East Village
Merkato 55;West Village
Mesa Grill;Union Square
Meskel;East Village
Meskel Ethiopian Restaurant;nan
Meskerem Ethiopian Restaurant;West Village
Meskerem Ethiopian Restaurant;Hell's Kitchen
Metro Diner;Upper West Side
Metro Grill;Midtown West
Metro Marché;Hell's Kitchen
MetroCafé & Wine Bar;Flatiron
Mexican Radio;Nolita
Mexicana Mama;West Village
Mezzaluna;Upper East Side
Mezzanine Restaurant;Times Square
Mezzogiorno;Soho
Mi Cocina;West Village
Mia Dona;Midtown East
Michael Jordan's The Steak House N.Y.C.;Midtown East
Michael's;Midtown West
Milk 'N Honey;Midtown West
Milon Restaurant;East Village
Minca Ramen Factory;East Village
Minetta Tavern;nan
Mint;Midtown East
Miracle Grill;West Village
Mishima;Murray Hill/Kips Bay
Miss Mamie's Spoonbread Too;Upper West Side
Miss Maude's Spoonbread Too;Harlem
Mitali East;East Village
Miyabi;West Village
Miyagi;West Village
Mizu Sushi;Flatiron
Mo Ra Kote Siam;nan
MoBay;Harlem
Moco Global Dining;Murray Hill/Kips Bay
Moda Outdoors;Times Square
Moda Restaurant and Lounge;Times Square
Moksha;Financial/Battery Pk
Molyvos;Midtown West
Momofuku Bakery & Milk Bar;East Village
Momofuku Ko;East Village
Momofuku Noodle Bar;East Village
Momofuku Ssäm Bar;East Village
Momoya;Chelsea
Monster Sushi;Midtown West
Monster Sushi;Chelsea
Mont Blanc;Hell's Kitchen
Monte's;West Village
Montebello;Midtown East
Montien;East Village
Montparnasse;Midtown East
Mooncake Foods;Soho
Moonstruck Diner;Chelsea
Moonstruck East;Murray Hill/Kips Bay
Morakate Siam;West Village
Moran's Chelsea;Chelsea
Morandi;West Village
Morimoto;Chelsea
Morrell Wine Bar & Cafe;Midtown West
Morton's The Steakhouse;Midtown East
Mosco Pizza;Chinatown
Mottsu;Nolita
Moustache;West Village
Moustache;East Village
Mo’s Caribbean Bar and Mexican Grill;Upper East Side
Mr. Chow;Midtown East
Mr. Chow Tribeca;Tribeca
Mr. Jones;Gramercy
Mr. K's;nan
Mudspot;East Village
Mudville 9;Tribeca
Mughlai;Upper West Side
Mumbles;Gramercy
Mumtaz Indian Restaurant;Upper East Side
Murals on 54;Midtown West
Mustang Grill;Upper East Side
Mustang Harry's;Midtown West
Mustang Sally's;W. 20s
Muzzarella Pizza;East Village
My Most Favorite Food Company;Times Square
Métisse French Bistro;Upper West Side
Métrazur;Midtown East
Móle;Lower East Side
N.Y. Dosas;West Village
N28;nan
NY Noodle Town Inc.;Chinatown
NYC ICY Company;Hell's Kitchen
Naima;Chelsea
Naka Naka;Chelsea
Nam;Tribeca
Nanni's Restaurant;Midtown East
Nanoosh Mediterranean Hummus Bar;Upper West Side
Naples 45 Ristorante e Pizzeria;Midtown East
Naruto;Upper East Side
Native;Harlem
Natori;East Village
Natsumi;Times Square
Naya Mezze & Grill;Midtown East
Negril;Chelsea
Negril Village;West Village
Nello;Upper East Side
Nelson Blue;Financial/Battery Pk
Neo Sushi;Upper West Side
Nero;West Village
Nespresso Boutique Bar;Upper East Side
New Bo Ky Restaurant;Chinatown
New Chao Chow;Little Italy
New Green Bo;Chinatown
New Leaf Café;Wash Hts/Inwood
New Pasteur;Chinatown
New Yeah Shanghai Deluxe;Chinatown
New York Burger Co.;Flatiron
New York Burger Co.;Midtown East
New York Kom Tang Kal Bi House;Midtown West
Nha Trang Centre;Chinatown
Nica Trattoria;Upper East Side
Nice Matin;Upper West Side
Nick & Toni's Café;Upper West Side
Nick + Stef's Steakhouse & Bar;Midtown West
Nick's Pizza;Upper East Side
Nicky's Vietnamese Sandwiches;East Village
Nicola's;Upper East Side
Nicole's;Upper East Side
Niko's Mediterranean Grill and Bistro;Upper West Side
Nina's Argentinian Pizzeria;Upper East Side
Ninja New York;Tribeca
Nino's;Upper East Side
Nino's Bellissima Pizza;nan
Nino's Positano;Midtown East
Nino's Tuscany;Midtown West
Nino’s Pizzeria;East Village
Ninth Street Espresso;East Village
Nippon;Midtown East
Nisos;Chelsea
Nizza;Hell's Kitchen
Noah's Ark;Lower East Side
Noble Food & Wine;Nolita
Nobu;Tribeca
Nobu 57;Midtown West
Nobu Next Door;Tribeca
Noche Mexicana;Upper West Side
Noho Star;East Village
Nolita House;Nolita
Nomad;East Village
Nonna;Upper West Side
Nooch;Chelsea
Noodle Bar;West Village
Noodle Village;Chinatown
Nori;East Village
Norma's;Midtown West
North Square Restaurant;West Village
North West;Upper West Side
Notaro;Murray Hill/Kips Bay
Nougatine;Upper West Side
Novecento;Soho
Novitá;Gramercy
Num Pang;nan
Nussbaum & Wu;Morningside Hts
Nyonya;Little Italy
O'Hara's Restaurant;Financial/Battery Pk
O'Neals;Upper West Side
O-I-Shi-I Sushi at Ivy's Café;Upper West Side
OTTO Enoteca Pizzeria;West Village
Obiká;Midtown East
Ocean Grill;Upper West Side
Oceana;Midtown East
Oklahoma Smoke BBQ;Harlem
Olana;Flatiron
Old Homestead Steakhouse;Chelsea
Old San Juan;Hell's Kitchen
Oliva;Lower East Side
Olive Garden;Times Square
Olive Tree Cafe;West Village
Olive's;Soho
Ollie's Noodle Shop;Morningside Hts
Ollie's Noodle Shop;Upper West Side
Ollie's Noodle Shop;Times Square
Olympic Diner;Hell's Kitchen
Olympic Pita;Midtown West
Olé Restaurant;Gramercy
Omai;Chelsea
Omen;Soho
Omido;Midtown West
Oms/b;Midtown East
One If by Land, Two If by Sea;West Village
One Little West 12;Meatpacking District
One83;Upper East Side
Ono;Meatpacking District
Ooki Sushi;Upper East Side
Open the Sesame;nan
Opia;Midtown East
Opus;nan
Orbit East Harlem;Spanish Harlem
Orchid Caribbean/Soul Cuisine;Hell's Kitchen
Oriental Garden;Chinatown
Oro Bakery and Bar;Little Italy
Orsay;Upper East Side
Orso;Hell's Kitchen
Oscar's American Brasserie;Midtown East
Osso Buco;West Village
Osso Buco;Upper East Side
Osteria Gelsi;Hell's Kitchen
Osteria Laguna;Midtown East
Osteria Serafina;Midtown East
Osteria al Doge;Times Square
Osteria del Circo;Midtown West
Ostia;West Village
Otafuku;East Village
Ottimo;Flatiron
Ouest;Upper West Side
Our Place Cuisines of China;Upper East Side
Our Place Shanghai Tea Garden;Midtown East
Out of the Kitchen;West Village
Ozu;Upper West Side
P*ONG;West Village
P.J. Moran’s Irish Pub and Restaurant;Midtown East
Pacific Grill;Financial/Battery Pk
Pad Thai;Chelsea
Padre Figlio;Midtown East
Paladar;Lower East Side
Palm Court;Midtown East
Palm Too;Midtown East
Palma;West Village
Palà;Lower East Side
Pam Real Thai Food;Hell's Kitchen
Pampano;Midtown East
Pampano Taqueria;Midtown East
Pamplona;Murray Hill/Kips Bay
Pan Latin Cafe;Battery Park City
Panca;West Village
Panchito's Mexican Restaurant y Cantina;West Village
Pane e Cioccolato;West Village
Panino Sportivo Roma;Morningside Hts
Panna II;East Village
Paola's;Upper East Side
Papatzul;Soho
Papaya King;West Village
Papaya King;Upper East Side
Papillon Bistro & Bar;Midtown East
Pappardella;Upper West Side
Paprika;East Village
Paquitos;East Village
Paradis to Go;East Village
Paradou;Meatpacking District
Paradou Marché;Lower East Side
Pardo's;West Village
Paris Commune;West Village
Paris Match;Upper East Side
Park Avenue Bistro;Murray Hill/Kips Bay
Park Avenue Winter;Upper East Side
Park Blue;Midtown West
Park Terrace Bistro;Wash Hts/Inwood
Parlor Steakhouse;Upper East Side
Parma;Upper East Side
Pascalou;Upper East Side
Pasha;Upper West Side
Pasita;West Village
Pasta Presto;Midtown East
Pasta Presto;West Village
Pasticcio;Murray Hill/Kips Bay
Pastis;Meatpacking District
Pastrami Queen;Upper East Side
Pata Negra;East Village
Patroon;Midtown East
Patsy’s;Midtown West
Patsy’s Pizzeria;Spanish Harlem
Paul & Jimmy's;Gramercy
Paul's;East Village
Payard Patisserie & Bistro;Upper East Side
Pazza Notte;Midtown West
Peace & Love;Tribeca
Peacock Alley;Midtown East
Peanut Butter & Co.;West Village
Pearl Oyster Bar;West Village
Pearls;Upper West Side
Peasant;Nolita
Peep;Soho
Peking Duck House;Midtown East
Peking Duck House;Chinatown
Peking Park;Midtown East
Pellegrino's;Little Italy
Penang;Upper West Side
Penelope;Murray Hill/Kips Bay
Pepe Giallo;Chelsea
Pepe Rosso to Go;Soho
Pepe Verde to Go;West Village
Pepolino;Tribeca
Per Lei;Upper East Side
Per Se;Upper West Side
Pera Mediterranean Brasserie;Midtown East
Perbacco;East Village
Peri Ela;Upper East Side
Perilla;West Village
Periyali;Flatiron
Permanent Brunch;nan
Perry St;West Village
Persephone;Upper East Side
Persepolis;Upper East Side
Pershing Square;Midtown East
Persimmon;East Village
Pescatore;Midtown East
Petaluma;Upper East Side
Petrossian;Midtown West
Phil's Pizza;West Village
Philip Marie;West Village
Philippe;Upper East Side
Philly Slim's Cheesesteak;Hell's Kitchen
Pho Grand;Lower East Side
Pho Viet Huong;Chinatown
Phoenix Garden;Midtown East
Piadina;West Village
Piano Due;Times Square
Piatto d'Oro;Spanish Harlem
Piccolo Angolo;West Village
Piccolo Ristorante;Gramercy
Picholine;Upper West Side
Picnick;Financial/Battery Pk
Pie by the Pound;East Village
Pie by the Pound;Upper East Side
Piece of Chicken;Hell's Kitchen
Pietro's;Midtown East
Pig 'n' Whistle;Times Square
Pig 'n' Whistle on Third;Midtown East
Pig Heaven;Upper East Side
Pigalle;Times Square
Pinch and S’Mac;Upper West Side
Pinche Taqueria;Nolita
Ping's Seafood;Chinatown
Pink Pony;Lower East Side
Pink Tea Cup;West Village
Pinkberry;Midtown West
Pinkberry;West Village
Pinocchio Ristorante;Upper East Side
Pintxos;Soho
Pio Maya;West Village
Pio Pio;Upper West Side
Pio Pio;Upper East Side
Piola;West Village
Pipa tapas y mas;Flatiron
Pistahan;East Village
Pisticci;Morningside Hts
Pita Joe;West Village
Pizza Booth;West Village
Pizza Box;West Village
Pizza Lucca;West Village
Pizza Mercato;West Village
Pizzeria 28;West Village
Plaza Diner;Midtown East
Pluck U.;0
Plump Dumpling;East Village
Po;West Village
Podunk;East Village
Polonia;East Village
Pom Pom Diner;Hell's Kitchen
Pomaire;Hell's Kitchen
Pommes Frites;East Village
Pomodoro;Nolita
Pomodoro Rosso;Upper West Side
Pongal;Gramercy
Pongal;Upper East Side
Pop Burger;Midtown East
Pop Burger;Chelsea
Popover Cafe;Upper West Side
Poppy's Terminal Restaurant;W. 20s
Porchetta;East Village
Porcão;Murray Hill/Kips Bay
Porter House New York;Upper West Side
Porters;Chelsea
Portofino Grille;Upper East Side
Posto;Gramercy
Potluck;Chelsea
Pranna;Murray Hill/Kips Bay
Prem-on Thai;West Village
Primavera;Upper East Side
Prime Burger;Midtown East
Prime Burger Café;Chelsea
Primehouse New York;Flatiron
Primitivo Osteria;West Village
Primola;Upper East Side
Prosperity Dumpling;Lower East Side
Providence;Hell's Kitchen
Prune;East Village
Public;Nolita
Puebla;East Village
Puglia;Little Italy
Pukk;East Village
Pulse;Midtown West
Punch Restaurant;Flatiron
Punjabi Deli;East Village
Pure Food and Wine;Gramercy
Purnima;nan
Puttanesca;Hell's Kitchen
Pylos;East Village
Pyramida;Upper East Side
Pão!;Soho
Pécan;Tribeca
Quality Meats;Midtown West
Quantum Leap;East Village
Quantum Leap;West Village
Quartino Bottega Organica;East Village
Quatorze Bis;Upper East Side
Quattro Gatti;Upper East Side
Queen of Sheba;Hell's Kitchen
Quickly;Lower East Side
Quintessence;East Village
RUB;Chelsea
Rachel's American Bistro;Hell's Kitchen
Rack & Soul;Upper West Side
Rafaella on Ninth;Chelsea
Rai Rai Ken;East Village
Rainbow Falafel & Shawarma;Union Square
Rainbow Grill;Midtown West
Rainbow Room;Midtown West
Ramen Setagaya;East Village
Randolph's;Midtown West
Rao's;Spanish Harlem
Raoul's;Soho
Rare Bar & Grill;West Village
Rare Bar & Grill;Murray Hill/Kips Bay
Ravagh Persian Grill;Murray Hill/Kips Bay
Ravagh Persian Grill;Upper East Side
Ray's Super Deli;West Village
Rayuela;Lower East Side
ReSette;Midtown West
Rectangles;Upper East Side
Red Bamboo Vegetarian Soul Café;West Village
Red Mango;West Village
Redeye Grill;Midtown West
Regional;Upper West Side
Regional Thai;Chelsea
Regional Thai Sa-Woy;Upper East Side
Remi;Midtown West
Renaissance Diner;Hell's Kitchen
Republic;Union Square
Restaurant Charlotte;Times Square
Restaurant Forte Baden Baden;Midtown West
Restaurant La Fenice;Upper West Side
Restaurant Riki;Midtown East
Restaurant SEO;Midtown East
Restivo Ristorante;Chelsea
Resto;Murray Hill/Kips Bay
Resto Leon;East Village
Revel;Meatpacking District
Revival;Harlem
Rheon Café;Soho
Rhong-Tiam;West Village
Rice 'n Beans;Hell's Kitchen
Rice to Riches;Nolita
Rickshaw Dumpling Bar;Flatiron
Riingo;Midtown East
Risotteria;West Village
Ristorante DeGrezia;Midtown East
Ristorante San Pietro;Midtown East
Rive Gauche;Upper East Side
Rivoli Pizza;West Village
Robert's Steakhouse;Hell's Kitchen
Roberto Passon;Hell's Kitchen
Robongi Sushi;West Village
Roc;Tribeca
Rocco;West Village
Rocco's Pastry Shop;nan
Rock Center Café;Midtown West
Rocket Joe's East;Lower East Side
Rocking Horse Cafe;Chelsea
Rohm;Flatiron
Rolf's;Gramercy
Ronnybrook Milk Bar;Chelsea
Roomali;Gramercy
Roots & Vines;Lower East Side
Roppongi;Upper West Side
Rosa Mexicano;Upper West Side
Rosa Mexicano;Midtown East
Rosa Mexicano;Flatiron
Rosanjin;Tribeca
Rosario's Pizza;Lower East Side
Rosie O'Grady's Times Square;Times Square
Rossetti’s Pizza;Soho
Rossini's;Murray Hill/Kips Bay
Roth's Westside Steakhouse;Upper West Side
Rothmann's Steakhouse & Grill;Midtown East
Roti Plus;Harlem
Roti Roll Bombay Frankie;Upper West Side
Rouge Tomate;Upper East Side
Route 66 Cafe;Hell's Kitchen
Roxy Delicatessen;Times Square
Roy's New York;Financial/Battery Pk
Royal Siam;Chelsea
Royale Cafe + Pastry;West Village
Ruby Foo's;Times Square
Ruby’s Café;Nolita
Rue 57;Midtown West
Russian Samovar;Times Square
Ruth's Chris Steakhouse;Times Square
SEA;East Village
STK;Meatpacking District
SUteiSHI;Financial/Battery Pk
Saburi;Murray Hill/Kips Bay
Sachiko’s on Clinton;Lower East Side
Sacred Chow;West Village
Safran;Chelsea
Sahara East;East Village
Sahara Grill;Midtown West
Sahara's Turkish Cuisine;Gramercy
Saigon Grill;Upper West Side
Saigon Grill;West Village
Saint’s Alp Teahouse;East Village
Saji's;Upper West Side
Saju;Times Square
Sake Bar Hagi;Times Square
Sake Bar Satsko;East Village
Sake Hana;Upper East Side
Sakura Hana;West Village
Sal's & Carmine's Pizza;Upper West Side
Sala;East Village
Sala Thai;Upper East Side
Salaam Bombay;Tribeca
Salam Café;West Village
Salmon River;Midtown West
Salon de Tapas;West Village
Salsa y Salsa;Chelsea
Salt Bar;Lower East Side
Salud! Restaurant & Bar;Financial/Battery Pk
Salumeria Rosi;nan
Salute!;Midtown West
Samad's;Morningside Hts
Samalita's Sunflower Restaurant;Upper East Side
Sambuca;Upper West Side
Sammy's Noodle Shop & Grill;West Village
Sammy's Roumanian Steak House;Lower East Side
San Martin;Midtown East
San Martin Restaurant;Midtown East
Sandro's;Upper East Side
Sandwich Planet;Hell's Kitchen
Sangam;West Village
Sant Ambroeus;West Village
Santa Fe;Upper West Side
Sanur Restaurant;Chinatown
Sapphire;Upper West Side
Sapporo;Times Square
Sapporo East;East Village
Saravanaas;Gramercy
Sardi's;Times Square
Sarge's Delicatessen;Murray Hill/Kips Bay
Sasabune;Upper East Side
Sau Voi Corp.;Chinatown
Saucy;Upper East Side
Savarona;Midtown East
Savore;Soho
Savoy;Soho
Sawa Sushi;West Village
Scaletta;Upper West Side
Scalinatella;Upper East Side
Scalini Fedeli;Tribeca
Scarlatto;Times Square
Scarpetta;Chelsea
Schiller's Liquor Bar;Lower East Side
Scuderia;nan
Secession;nan
Sel & Poivre;Upper East Side
Selena;Midtown West
Seoul Garden;Midtown West
Seppi's;Midtown West
Sequoia;Financial/Battery Pk
Serafina;Upper East Side
Serafina Broadway;Midtown West
Serafina on Lafayette;East Village
Serendipity 3;Upper East Side
Sette;Chelsea
Sette Mezzo;Upper East Side
Seven Bar & Grill;Midtown West
Sevilla;West Village
Seymour Burton;East Village
Sezz Medì;Morningside Hts
Sfoglia;Upper East Side
Shabu-Shabu 70;Upper East Side
Shabu-Tatsu;East Village
Shaburi;Murray Hill/Kips Bay
Shaffer City Oyster Bar & Grill;Flatiron
Shake Shack;Flatiron
Shake Shack;Upper West Side
Shalizar;Upper East Side
Shamrat;Upper East Side
Shang;Lower East Side
Shanghai Cuisine;Chinatown
Shanghai Pavilion;Upper East Side
Sharaku;East Village
Sharz Café & Wine Bar;Upper East Side
Sheep Meadow Cafe;Upper West Side
Shelly's Tradizionale;Midtown West
Sheng Wang;Lower East Side
Shimizu;Hell's Kitchen
Shinbashi;Midtown East
Shopsin's;Lower East Side
Shorty's;Hell's Kitchen
Shorty's.32;Soho
Shula’s;Times Square
Shun Lee;Upper West Side
Shun Lee Palace;Midtown East
Sicaffé;Upper East Side
Sidecar;Midtown East
Sidewalk Cafe;East Village
Sigiri;East Village
Silver Spurs;West Village
Silver Star;Upper East Side
Silver Swan;Flatiron
Simply Pasta;Times Square
Sip Sak;Midtown East
Sisters Caribbean Cuisine;Spanish Harlem
Sistina;Upper East Side
Sitar;Midtown West
Skylight Diner;Hell's Kitchen
Slice, the Perfect Food;Upper East Side
Smith & Mills;Tribeca
Smith & Wollensky;Midtown East
Smith's;West Village
Smokin’ Q;Midtown West
Smorgas Chef;nan
SnAKS;Midtown East
Snack;Soho
Snack Dragon Taco Shack;East Village
Snack Taverna;West Village
Soba Nippon;Midtown West
Soba Totto;Midtown East
Soba-Ya;East Village
Sobakoh;East Village
Socarrat Paella Bar;Chelsea
Society Coffee Lounge;Harlem
Sofrito;Midtown East
Soho House;Meatpacking District
Sokhna Restaurant;Harlem
Solera;Midtown East
Solex;East Village
Solo Pizza;East Village
Son Cubano;Chelsea
Song Chu Mei;West Village
Sookk;Upper West Side
Sorella;nan
Soto;West Village
Souen;Soho
Souen;West Village
Soul Fixins;Hell's Kitchen
Sounkyo Sushi;Midtown East
Soup Burg;Upper East Side
South Gate;Midtown West
SouthWest NY;Battery Park City
Southern Hospitality;Upper East Side
Souths;Tribeca
Southside Café;Times Square
Soy;Lower East Side
Soy Luck Club;West Village
Spain Restaurant;West Village
Spanky’s BBQ;Times Square
Sparks;Midtown East
Spice Cove;East Village
Spice Market;Meatpacking District
Spiga;Upper West Side
Spigolo;Upper East Side
Spitzer's Corner;Lower East Side
Spoon;Flatiron
Spotlight Live;Times Square
Spring Street Natural;Nolita
Spunto;nan
Square Diner;Tribeca
St. Andrews;Times Square
Stage Deli;Midtown West
Stand;West Village
Starwich;Hell's Kitchen
Steak Frites;West Village
Steamers Landing;Battery Park City
Stella Maris;Financial/Battery Pk
Stella del Mare;Murray Hill/Kips Bay
Sticky Rice;Lower East Side
Stone Street Tavern;Financial/Battery Pk
Strictly Roots;Harlem
Strip House;West Village
Stromboli Pizzeria;West Village
Su Ra;East Village
Suba;Lower East Side
Sueños;Chelsea
Sugiyama;Midtown West
Sukhadia’s;Midtown West
Sullivan Diner;West Village
Sumile Sushi;West Village
Sundaes and Cones;East Village
Super Taste Restaurant;Lower East Side
Supermac;Midtown West
Supper;East Village
Surf City Squeeze;West Village
Surya;West Village
Sushi Azabu;Tribeca
Sushi Damo * Damo;Hell's Kitchen
Sushi Hana;Upper East Side
Sushi Mambo;West Village
Sushi Seki;Upper East Side
Sushi Sen-nin @ 33rd;Murray Hill/Kips Bay
Sushi Twist;Flatiron
Sushi Yasuda;Midtown East
Sushi Zen;Times Square
Sushi a-go-go;Upper West Side
Sushi of Gari;Upper East Side
Sushi on Hudson;West Village
Sushi-Ann;Midtown East
SushiSamba;Gramercy
SushiSamba 7;West Village
Sushiden;Times Square
Sushiden;Midtown East
Sushiya;Midtown West
Suzie's;West Village
Sweetiepie;nan
Swich Pressed Sandwiches;Chelsea
Swifty's;Upper East Side
Swing 46;Hell's Kitchen
Swish Cafe & Shabu Shabu;West Village
Swizz Restaurant & Wine Bar;Hell's Kitchen
Sylvia’s;Harlem
Szechuan Gourmet;Midtown West
Sòlo;Midtown East
S’MAC;East Village
T Salon;Chelsea
T-Bar Steak & Lounge;Upper East Side
T.G.I. Friday's;Times Square
T.S. Ma;Hell's Kitchen
TOM: Tuesday Dinner;Flatiron
TOWN;Midtown West
Taam-Tov;Midtown West
Tabla;Flatiron
Tabla Street Cart;Flatiron
Table 8;East Village
Table Tales Café;Financial/Battery Pk
Table d'Hôte;Upper East Side
Taboon;Hell's Kitchen
Taco Taco;Upper East Side
Tafu;Midtown East
Tagine Dining Gallery;Hell's Kitchen
Tai Thai;East Village
Tailor;Soho
Takahachi;Tribeca
Takahachi;East Village
Taksim;Midtown East
Talay;Harlem
Talia's Steakhouse;Upper West Side
Tamarind;Flatiron
Tanaka Sushi;Midtown East
Tang Pavilion;Midtown West
Tang Tang;Upper East Side
Tanti Baci Caffe;West Village
Tao Asian Bistro;Midtown East
Taqueria y Fonda la Mexicana;Upper West Side
Tarallucci e Vino;nan
Tartine;West Village
Taste Restaurant & Wine Bar;Upper East Side
Tataki;Tribeca
Tavern on Jane;West Village
Tavern on The Green;Upper West Side
Taïm;West Village
Tea & Sympathy;West Village
Tea Box Café;Midtown East
Tebaya;Chelsea
Ted's Montana Grill;Times Square
Tehuitzingo Mexican Deli;Hell's Kitchen
Telegraph;Chelsea
Telepan;Upper West Side
Telephone Bar and Grill;East Village
Tello's;Chelsea
Teodora;Midtown East
Terrace 5;Midtown West
Terrace in the Sky;Morningside Hts
Terroir;East Village
Thai Angel;Soho
Thai Market;Upper West Side
Thai Me Up;East Village
Thai Terminal;East Village
ThaiNY;Gramercy
Thalassa;Tribeca
Thalia;Times Square
The Atrium Cafe;Midtown East
The Bagel Café and Ray's Pizza;East Village
The Bar @ Etats-Unis;Upper East Side
The Bar Room;Midtown West
The Barclay Restaurant & Terrace;Midtown East
The Beach Café;Upper East Side
The Bigger Place;Financial/Battery Pk
The Black Duck;Gramercy
The Blue Seats;Lower East Side
The Cafe at Country;Murray Hill/Kips Bay
The Capital Grille;Midtown East
The City Bakery;Flatiron
The City Grill;Upper West Side
The Coffee Pot;Hell's Kitchen
The Coffee Shop;Union Square
The Coliseum Bar & Restaurant;Hell's Kitchen
The Commodore Grill;Midtown East
The Cotton Club;Morningside Hts
The Country Kebab;Financial/Battery Pk
The Cub Room;Soho
The Delta Grill;Hell's Kitchen
The Diner;Chelsea
The E.U.;East Village
The Elephant;East Village
The Fitz;Midtown East
The Four Seasons Restaurant;Midtown East
The Great Burrito;Upper West Side
The Green Table;Chelsea
The Half Pint;West Village
The Harlem Tea Room;Spanish Harlem
The Harrison;Tribeca
The Hog Pit;Meatpacking District
The House;Union Square
The Jamaican Dutchy;Times Square
The John Dory;Chelsea
The Libertine;Financial/Battery Pk
The Library at 540 Park;Upper East Side
The London Bar;Midtown West
The Madras Cafe;East Village
The Mercer Kitchen;Soho
The Mercury Dime;nan
The Mermaid Inn;East Village
The Mermaid Inn;Upper West Side
The Modern;Midtown West
The Neptune Room;Upper West Side
The New French;West Village
The Oak Room;Midtown East
The Odeon;Tribeca
The Orchard;Lower East Side
The Organic Grill;East Village
The Original Chinatown Ice Cream Factory;Chinatown
The Original Sandwich Shoppe;West Village
The Palm;Midtown East
The Palm West;Times Square
The Park;Chelsea
The Park Room;Midtown West
The Pizzeria;West Village
The Place;West Village
The Post House;Upper East Side
The Prime Grill;Midtown East
The Red Cat;Chelsea
The Redhead;East Village
The Restaurant at Splashlight Studios;Hell's Kitchen
The Restaurant at The Benjamin Hotel;Midtown East
The River Room;Harlem
The Round Table Room;Midtown West
The Russian Tea Room;Midtown West
The Sea Grill;Midtown West
The Shark Bar;Upper West Side
The Smith;East Village
The Soda Shop;Tribeca
The Spotted Pig;West Village
The Stanton Social;Lower East Side
The Steakhouse at Fairway;Upper West Side
The Stoned Crow;West Village
The Sunburnt Cow;East Village
The Symposium Restaurant;Morningside Hts
The Trie Café;Wash Hts/Inwood
The View;Times Square
The Village Den Restaurant;West Village
The Village Lantern;West Village
The Water Club;Murray Hill/Kips Bay
The Waverly Inn;West Village
The Wicked Wolf;Upper East Side
The Yoghurt Place II;Soho
Think Coffee;East Village
Think Coffee;West Village
Thompson Café;Soho
Thor;Lower East Side
Three of Cups;East Village
Thé Adoré;West Village
Tick Tock Diner;Hell's Kitchen
Tides Seafood;Lower East Side
Tiengarden;Lower East Side
Tiffin Wallah;Murray Hill/Kips Bay
Tiny's Giant Sandwich Shop;Lower East Side
Tio Pepe;West Village
Tiramisu;Upper East Side
Tisserie;Union Square
Ti­­pico Dominicano Restaurant;Wash Hts/Inwood
Tkettle;East Village
Toast;Morningside Hts
Toasties East;Midtown East
Toasties Union Square;Union Square
Tocqueville;Union Square
Todai;Murray Hill/Kips Bay
Todd English's Olives New York;Union Square
Tokyo Bar;Tribeca
Tokyo La Men;West Village
Toledo;Murray Hill/Kips Bay
Toloache;Times Square
Tomo Sushi and Sake Bar;Morningside Hts
Tomoe Sushi;West Village
"Tony ""the Dragon"" Dragonas";Upper East Side
Tony's;Upper East Side
Tony's Di Napoli;Upper East Side
Tony's Di Napoli;Times Square
Toons;West Village
Topaz Thai;Midtown West
Tora Ido Sushi;West Village
Tossed;Midtown West
Tossed;Gramercy
Totonno's;Upper East Side
Totonno's;Gramercy
Tout Va Bien;Hell's Kitchen
Tracy Stern SALONTEA TeaBar;nan
Trailer Park Lounge & Grill;Chelsea
Tramway Diner;Upper East Side
Trata Estiatorio;Upper East Side
Trattoria Alba;Murray Hill/Kips Bay
Trattoria Dopo Teatro;Times Square
Trattoria Spaghetto;West Village
Trattoria dell'Arte;Midtown West
Tre Dici;Chelsea
Tre Dici Steak;Chelsea
Tree;East Village
Tres Pasos;Harlem
Trestle on Tenth;Chelsea
Triangolo;Upper East Side
Tribal Spears Gallery and Café;Harlem
Tribeca Grill;Tribeca
Tribeca Hana;Tribeca
Tribeca Pizzeria;Tribeca
Trio;Murray Hill/Kips Bay
Triomphe;Midtown West
Tropica;Midtown East
Trump Café;Midtown East
Trump Grill;Midtown East
Tsampa;East Village
Tse Yang;Midtown East
Tsuki;Upper East Side
Tsushima;Midtown East
Tuck Shop;East Village
Tulcingo Del Valle;Hell's Kitchen
Turkish Cuisine;Hell's Kitchen
Turkish Kitchen;Gramercy
Turks & Frogs Tribeca;Tribeca
Turkuaz;Upper West Side
Turquoise;Upper East Side
Tutto Bene;West Village
Tía Pol;Chelsea
Ukrainian East Village Restaurant;East Village
Ulysses’;Financial/Battery Pk
Umberto's Clam House;Little Italy
Una Pizza Napoletana;East Village
Uncle Jack's Steakhouse;Hell's Kitchen
Uncle Marky's Organics;Midtown East
Uncle Moe's Burrito & Taco Shop;Flatiron
Uncle Nick's;Hell's Kitchen
Union Square Ballroom Lounge;Union Square
Union Square Cafe;Union Square
University Restaurant;West Village
Upstairs at '21';Midtown West
Upstairs at Bouley Bakery;Tribeca
Upstairs at Eli's Vinegar Factory;Upper East Side
Uptown Juice Bar;Harlem
Ushiwakamaru;West Village
Uskudar;Upper East Side
Utsav Festive India;Times Square
Uva;Upper East Side
V & T Pizzeria;Morningside Hts
Va Bene;Upper East Side
Vai;Upper West Side
Valbella;Meatpacking District
Valdino West;West Village
Vandam Diner;Soho
Vanessa’s Dumplings;East Village
Vegetarian Dim Sum House;Chinatown
Vegetarian's Paradise 2;West Village
Vento Trattoria;Meatpacking District
Veritas;Flatiron
Vermicelli;Upper East Side
Vero Panini & Wine Bar;Upper East Side
Veselka;East Village
Vespa;Upper East Side
Via Brasil;Midtown West
Via Delle Zoccolette;East Village
Via Emilia;Flatiron
Via Oreto;Upper East Side
Via Quadronno;Upper East Side
Viand;Upper East Side
Viang Ping;Gramercy
Vice Versa;Hell's Kitchen
Viceroy;Chelsea
Vico Ristorante;Upper East Side
Victor's Café;Times Square
Viet Café;Tribeca
Viet-Nam Banh Mi So 1;Little Italy
Villa Berulia;Murray Hill/Kips Bay
Villa Mosconi;West Village
Village;West Village
Village Mingala;East Village
Village Natural;West Village
Village Pizza;West Village
Village Tart;nan
Vince & Eddie's;Upper West Side
Vincent's;Little Italy
Vinci's;Upper East Side
Vinny Vincenz;East Village
Vintage Irving;Union Square
Vintage New York Wine Bar;Soho
Virgil's Real Barbecue;Times Square
Vivolo;Upper East Side
Volare;West Village
Vong;Midtown East
Vox Pop;East Village
Voza Restaurant;Upper West Side
Vynl;Hell's Kitchen
WaWa Canteen;West Village
Wai? Cafe;Chelsea
Wai? Cafe;East Village
Waldy's Wood-Fired Pizza & Penne;Flatiron
Wallsé;West Village
Washington Square Diner;West Village
Water Moon;Upper West Side
Waterfront Ale House;Murray Hill/Kips Bay
Waterstone Grill;Financial/Battery Pk
Waverly Restaurant;West Village
Wechsler’s Currywurst & Bratwurst;nan
West Bank Cafe;Hell's Kitchen
West Branch;Upper West Side
Westville;West Village
Westville East;East Village
Westway Diner;Hell's Kitchen
White Slab Palace;nan
Whym;Hell's Kitchen
Wild Ginger;Little Italy
Wild Ginger;West Village
Wild Salmon;Midtown East
Wildgreen Cafe;Upper East Side
Wildwood Barbeque;Gramercy
Wilfie & Nell;West Village
Winner's Circle Restaurant;Midtown West
Wo Hop;Chinatown
Wogie's Bar & Grill;West Village
Wok to Walk;West Village
Wolfgang's Steakhouse;Tribeca
Wolfgang's Steakhouse;Murray Hill/Kips Bay
Wollensky's Grill;Midtown East
Wondee Siam;Hell's Kitchen
Wondee Siam II;Hell's Kitchen
Wonjo Korean Restaurant;Midtown West
Woo Chon;Midtown West
Woo Lae Oak;Soho
World Yacht Dining Cruises;Hell's Kitchen
Xai Xai;nan
Xe Lua;Chinatown
Xinjiang Kebabs;Lower East Side
Xunta Tapas Bar;East Village
Yaffa Cafe;East Village
Yaffa's Tea Room;Tribeca
Yakiniku West;East Village
Yakitori Taisho;East Village
Yakitori Totto;Midtown West
Yama;Union Square
Yatagan Kebab House;West Village
Yoláto;West Village
Yoshinoya;Times Square
Yozakura Kushiyaki Bar;nan
Yuca Bar;East Village
Yuka;Upper East Side
Yuki Sushi;Upper West Side
Yum Yum Bangkok;Hell's Kitchen
Yummy House;East Village
Yummy Noodles;Chinatown
Yummy Shawarmy;Chelsea
Yummy Sushi;Midtown West
Yummy Village;West Village
Yuva Frontier Indian Grill;Midtown East
Zabar's Café;Upper West Side
Zabb City;East Village
Zaitzeff;East Village
Zaitzeff;Financial/Battery Pk
Zampa Winebar + Kitchen;West Village
Zarela;Midtown East
Zebú Grill;Upper East Side
Zen Palate;Hell's Kitchen
Zenith;Hell's Kitchen
Zeppelin;nan
Zereoué;Murray Hill/Kips Bay
Zerza;East Village
Zesty Pizza and Deli;Upper East Side
Zeytin;Upper West Side
Zeytuna;Financial/Battery Pk
Zibetto Espresso Bar;Financial/Battery Pk
Zibetto Espresso Bar;Midtown West
Ziggiz;Gramercy
Zipper Tavern;Hell's Kitchen
Zoma;Harlem
Zona Rosa;Midtown West
Zoë;Soho
Zucchero e Pomodori;Upper East Side
Zucco: Le French Diner;Lower East Side
Zuni;Hell's Kitchen
Zutto;Tribeca
Zócalo;Upper East Side
Zócalo;Midtown East
bar Q;West Village
barmarché;Nolita
bluechili;Times Square
bonbon chicken;Tribeca
bread & olive;Financial/Battery Pk
bread & olive;Midtown West
brgr;Chelsea
brown café;Lower East Side
bär-bo-ne;East Village
cc's cafe;West Village
david burke townhouse;Upper East Side
dell’anima;West Village
elmo;Chelsea
fetch;Upper East Side
fresh.;Tribeca
i Trulli;Gramercy
il laboratorio del gelato;Lower East Side
ilili;Flatiron
isle;West Village
local;Soho
one fish two fish;Spanish Harlem
salt;Soho
subtle tea;Murray Hill/Kips Bay
teany;Lower East Side
the little owl;West Village
unWINEd;Upper West Side
wd~50;Lower East Side
¡Vamos!;Gramercy
ápizz;Lower East Side
‘21’ Club;Midtown West
’Inoteca and Liquiri Bar;nan
’beca Restaurant;Tribeca
’ino;West Village
’inoteca;Lower East Side
